Iteration,Upper Vars,Lower Vars,Val Poisson Dev,Val RMSE,AIC,BIC,AADT elasticity min,AADT elasticity p10,AADT elasticity median,AADT elasticity p90,AADT elasticity share positive,Monotonic AADT OK
6,"ACCESS_Z, LENGTH_Z, MXGRADE_Z, MXMEDSH_Z","DECLANES_Z, SLOPE_Z",9139478.386114264,426514.06429333985,1639.0721268209475,1667.0256360860526,0.33961881529841875,0.420550326644985,0.48881878127843137,0.4951503096349913,1.0,yes
3,"GRADEBR_Z, MIMEDSH_Z, SLOPE_Z, TANGENT_Z, WIDTH_Z","AVESNOW_Z, CURVES_Z, HISNOW, INCLANES_Z, SLOPE_Z",284629878.5823116,12117595.182395278,1698.1609899043585,1738.538281065066,-1.1376520940254011,-0.7209614119308155,-0.3182949560489693,-0.1452197060789022,0.03636363636363636,no
7,"AVESNOW_Z, LOWPRE, SPEED_Z","AVESNOW_Z, CURVES_Z, DECLANES_Z, FRICTION_Z",782289190.2366909,33907403.56466704,1722.2412099239373,1753.300664662943,-0.7532495553445192,-0.6728259979944985,-0.45802588608192396,0.3433626453480011,0.12727272727272726,no
4,"CURVES_Z, DECLANES_Z, DOUBLE_Z, MIMEDSH_Z",AVESNOW_Z,1397623032.5368564,60112969.56921056,1723.002966385617,1747.8505301768216,0.03146602625463213,0.1147262528165125,0.16967495809775346,0.17804664449794252,1.0,yes
1,LENGTH_Z,SPEED_Z,3.576522897520833e+99,2.4104720999761425e+98,2820.8210227160985,2836.3507500856012,-20.047192936348388,0.11815158884291677,20.283496114034218,20.283496114034218,0.9818181818181818,no
2,(none),(none),,inf,2879.294047754246,2888.611884175948,790.4546680095175,790.4546680095175,790.4546680095175,790.4546680095175,1.0,yes
5,"ACCESS_Z, CURVES_Z",(none),,inf,2901.550351861877,2917.08007923138,527.7532075444348,527.7532075444348,527.7532075444348,527.7532075444348,1.0,yes
