ln_AADT,Hierarchical,Literature,Observed_crashes
9.421573,0.005443986148678197,,0
9.981837,0.0009723115088206033,,0
9.986541,0.14027221902437403,,0
10.16204,0.1576951615872001,,0
7.903596,1.6140157056389084,,0
8.656781,0.02741362140968141,,0
8.418698,0.03125974451712923,,0
9.1072,0.10534662374288839,,0
8.309677,0.02518521767401528,,0
9.975203,0.0008838200917608434,,0
9.072571,0.08827441735069387,,0
7.585281,2.692808791988412,,0
8.432724,0.02127314218111091,,0
10.15203,0.0007700099866786616,,0
8.432724,0.022296848522303146,,0
9.510963,0.0005132218948575134,,0
9.827686,0.0009938581746044238,,0
8.117909,0.023911617541148723,,0
10.38319,0.0010415841243625718,,1
7.680637,0.015605894472665438,,0
7.987864,3.8797651737628893,,0
10.09745,0.0008365420310685308,,0
9.498222,0.8267436512319005,,0
9.677465,0.00046999519838065003,,0
8.95157,0.4077445344287725,,0
8.61559,0.003170491433822273,,0
7.628518,1.5090826633283148,,0
9.450616,0.06340085517120882,,1
10.21116,0.3004088515428128,,0
10.41214,0.31479048203530474,,0
9.371779,0.9090723724453699,,0
8.587279,3.1341296858334338,,0
8.47658,0.023187108038014072,,0
9.595331,0.0005790155533925357,,0
8.997766,0.4691068723404052,,1
8.693497,0.2789647050134836,,0
9.074062,0.6671538656377203,,0
10.14843,0.001049662512398381,,0
10.22662,0.0007787644846558487,,0
9.42311,0.004991537197435158,,0
8.72258,0.004511487893547753,,0
9.827254,0.18100639205607483,,0
10.52291,0.0008397310007703448,,0
7.955776,0.019676968370731664,,0
8.043021,0.023211474615113185,,0
8.462103,0.04492895777613375,,0
9.97138,0.10449781499084324,,0
9.600895,0.009738173903557037,,0
8.602269,0.3640436276931545,,0
9.350276,0.589086620584336,,0
9.827686,0.0007541524342326032,,0
9.884407,0.111759396697095,,0
9.139381,0.8951258806806562,,0
9.21164,0.0005007582795805353,,0
7.724888,0.02069620539699202,,0
9.112617283,0.0444577278174461,,0
10.49623,0.14299005443595939,,0
7.649693,1.1254592504442875,,0
8.65382,0.05321476204346724,,0
9.532134,0.7028567643385254,,0
9.900984,0.089914710573723,,0
7.90581,0.018762325510310603,,0
9.195734,0.06380342631326352,,0
7.512071,2.142565105424101,,0
9.555914,0.007594885797616485,,0
9.638023,0.0004330998929875879,,0
8.362409,0.019912507269993003,,0
7.516977,1.2991922751595488,,0
10.60574,0.00146442271611901,,0
10.09349,0.0011462067797890895,,0
7.568896,0.010825772198420978,,0
8.136811,2.2235966275974666,,0
8.065894,3.220937936475759,,0
8.240385,0.03539232394425456,,0
9.827686,0.0009938581746044238,,0
7.649216,1.423751474764278,,0
9.372714,0.6935879597576,,0
9.639717,0.07654695190118013,,0
8.043021,0.027989984559373585,,0
9.204423,0.07408642283512874,,0
9.074062,0.05617774614581932,,0
9.964536,0.137016976486156,,0
6.378426,4.505329529840417e-05,2.2859831975735944e+202,0
9.371779,0.6581446293786569,,0
9.122055,0.8803599567989324,,0
9.007979,0.51908694180998,,0
7.654917,1.864354625527167,,0
7.429521,0.7448361304733999,,0
8.291295852,0.027298037035054148,,0
10.28288,0.0010496969200110172,,0
8.886824,0.39693398689539344,,0
9.60245,0.00079229390731713,,0
7.569412,0.013977440462092438,,0
7.611348,2.6365436190713387,,0
9.973666,0.08379360919076895,,0
7.688455,1.1873117609667623,,0
9.936632,0.0006847025149695903,,0
9.527557,0.00045231462959657414,,0
9.987185,0.0012807778451687992,,1
8.006368,0.03568889194740352,,1
7.955776,0.014987984301931849,,0
9.376956,0.0047623889120388795,,0
9.717218,0.0005293727734356297,,1
7.707063,0.016297267713891984,,0
9.501741,0.0872375204876313,,1
9.21164,0.0005007582795805353,,0
7.837554,0.021048753226560957,,0
8.394347,3.7852072459275847,,0
9.563389,0.8070099256120057,,0
9.246286,0.00041504420133283326,,0
9.509259,0.00557894308127587,,0
9.345221,0.004891688520934144,,0
7.81843,0.013081309966103712,,0
9.682716,0.0956156243979533,,0
9.649885,0.005191411370854519,,0
8.964696,0.003916011285816307,,0
9.596894,0.0008186526426843374,,0
8.17611,0.023026269572885956,,0
10.03924,0.1349603146089355,,0
9.453992,0.006423497949512435,,0
9.902337,0.11337119694144873,,0
9.022443,0.4870678559203207,,0
8.351138607,0.00027592093982014226,,0
10.29458,0.0009762785396332195,,1
8.136811,1.765839098723239,,0
9.436519,0.74004583629584,,0
8.65904,0.00019281802614902902,,0
9.830594,0.0006357654269665059,,0
6.437752,0.45003461947489704,3.043231688736717e+215,0
9.807362,0.11314489803021822,,0
9.247154,0.7967922703995706,,0
8.423761,0.022071402326040723,,0
10.18599,0.0007830789614158959,,0
9.39466,0.9305052126075862,,0
7.707063,0.01410172977372827,,0
9.463431,0.0053789972812340525,,0
7.786967,2.2890984747985788,,0
7.76811,0.02461124474459506,,0
7.76811,0.012512190911231996,,0
10.16796,0.10554414354978517,,0
9.069583,0.46810963112402426,,0
8.95157,1.0594877728913688,,0
9.112617283,0.0444577278174461,,0
10.48111,0.20277544771590605,,1
10.29809,0.09144655642922624,,0
7.552237,0.02094255231218173,,0
7.90581,0.02038197429001886,,0
7.601902,0.014602648976945961,,0
9.452423,0.09942507790587397,,0
9.414097,0.6286524703743034,,0
10.10283,0.18852311019678364,,0
9.345221,0.004891688520934144,,0
9.532134,0.6797010858457861,,0
8.950533,0.4471677136076154,,2
10.14443,0.14161175826803216,,0
9.444384,0.054749794052097976,,0
8.56274,0.02582284985437977,,0
9.246286,0.0004949145016915387,,0
7.688455,2.1339862878164664,,0
8.438799,0.023566524968260148,,0
8.290293,0.02679494646387328,,0
7.32449,0.8173795480574024,,0
7.903596,1.8347813162141717,,0
8.61559,0.004171962724087738,,0
8.571491965,0.0003238801633600356,,0
10.25446,0.0011889757292395345,,0
6.320768,0.0023272218694305497,3.862471761008417e+190,0
9.240482,0.004655205045610827,,0
7.784889,0.012844353688185022,,0
10.39946,0.000802656586222217,,0
9.541369,0.007862204757252848,,1
8.571491965,0.00033946592752196657,,0
9.335915,0.004037439094916227,,0
9.911605,0.15668027635419457,,0
10.00969,0.0006577519144604451,,0
9.246286,0.00059281656888061,,0
10.06603,0.1210674655234272,,0
9.542733,0.10460308496234431,,0
9.234057,1.188502769662318,,0
9.473704,0.004523557443904783,,0
9.422221,0.005446815554346022,,0
9.20140053,0.0644309282140486,,0
9.563389,1.2643784892595387,,0
9.309914,0.00033288455425248015,,0
9.668208,0.0007935308074868538,,0
9.639717,0.07608904528334556,,0
9.069583,0.7663986943361659,,0
7.623642,2.352060684440228,,0
7.90581,0.02673974130046101,,0
9.169831,0.04719794546423256,,1
9.517457,0.054294755347340865,,0
9.924564,0.0008900730045905299,,0
9.438909,0.0005587797044479671,,0
9.015298251,0.035108138836051773,,0
7.628518,1.976844642177948,,0
9.361085,0.07564973783366916,,0
8.17611,0.027664104862469147,,0
9.138415,0.0005001100970869075,,0
9.432844,0.0005798673220770296,,0
9.555914,0.006369207811272509,,1
7.766417,1.9721129252034595,,0
9.002332,0.4767912661059634,,0
7.494986,1.6723750931042392,,0
10.20541,0.1194456731950658,,1
8.489822,0.0003262437071445274,,0
7.949091,2.062204823102426,,0
7.766417,1.6344486311867068,,0
8.432724,0.02127314218111091,,0
9.297802,0.9689298366032216,,0
6.437752,0.44936007358158514,3.584324406705429e+215,0
9.188912,0.004127223448785021,,0
9.112617283,0.046807282556995136,,0
8.117909,0.021049239483419413,,0
9.089753,0.10327870976895145,,0
8.246434,2.315702080803695,,0
9.560293,0.006343535997227608,,0
9.525808,0.0005653760130685573,,0
9.39466,1.0634011452175147,,0
8.489822,0.00020854287800606305,,0
9.58953,0.0008188169310087645,,0
9.638675,0.00045213439206999586,,0
9.60245,0.0006624416099641838,,0
10.26945,0.18319310186059803,,0
7.649693,1.4809609608919965,,0
8.505525387,0.03038935400004825,,0
10.38319,0.0011885603095268065,,0
9.977342,0.12184847311883883,,0
8.306719,2.978200289430567,,0
9.135832,0.0003790213559707395,,0
8.521185,0.02334237325267424,,0
7.457609,0.013230485487018473,,0
9.204423,0.07741900459951358,,0
9.852615,0.18551991371027085,,0
9.04523,0.711594497221666,,0
9.04523,0.7436036934323523,,0
7.955776,0.018648185209529943,,0
8.205492,0.029723460437538554,,0
7.844633,0.030406668775964554,,0
9.426338,0.6768139179461737,,0
8.304742,0.023548665230462434,,0
9.905935,0.09910094590909191,,0
9.137017,0.6199210972064656,,0
9.135832,0.00041388681871506615,,0
7.3473,1.3806608004602217,,0
7.550661,1.2000572036760533,,0
7.649216,1.7821050387393405,,0
9.113389,0.0431312612964261,,0
9.177094,0.006122571369023862,,1
9.23815,0.004685530318185927,,0
9.097843,0.003790343594159704,,0
10.11062,0.0007425751838293884,,0
9.563389,0.9608669670420082,,0
7.701652,3.3959403214952935,,0
9.078294,1.0530821798869716,,1
9.304013,0.7410541661587231,,0
9.215925,0.1023876902845817,,0
9.452423,0.0905049345521623,,0
7.903596,1.946290592412636,,0
7.494986,2.289297100607855,,0
9.97138,0.181211736413943,,0
9.173054,0.00042872292427684314,,0
7.844241,0.020319569178631147,,0
7.342779,0.008608849821479029,,0
8.237479,2.62302939385029,,0
6.555357,0.728016032301072,2.572112370731474e+242,0
9.363748,0.000623130312434055,,0
8.325064,3.9784825174127514,,0
9.076352,0.006212039812698438,,0
10.09349,0.0010480780288450566,,0
8.76155,0.02976713616949203,,1
7.425358,1.7523412928119981,,0
9.435562,2.298279930689041e-07,,0
9.97278,0.0006121137921608845,,0
7.680637,0.013717174950524668,,0
8.927447,1.0325157075228548,,0
8.362409,0.02512964036155318,,0
8.997766,0.4074143046715664,,2
9.151969,0.0003363072962336069,,0
9.147401,0.00040349073017353535,,0
9.029657,0.7987445750996202,,0
7.550661,1.7176708658684336,,0
9.86204,0.0006512917081965872,,0
8.961494,0.0003594337774913307,,0
7.50769,1.698641770362149,,0
7.619724,1.0896748436193642,,0
9.122711,0.003543372752298772,,0
7.390799,1.8257161852023913,,0
8.961494,0.0004132405847165139,,0
9.986541,0.14027221902437403,,1
9.372714,0.6935879597576,,0
9.418086,0.006185543609638131,,0
8.636397,5.650568839521513,,0
10.09646,0.09872056874711349,,0
9.113389,0.0675756731944492,,0
6.320768,0.0030440084789820805,4.976502480424476e+190,0
8.347353,0.03843366048325021,,0
9.490091,0.10368012995291255,,1
8.6174,0.0003624291041142161,,0
9.534595,0.006489603800819339,,0
10.22807,0.1770543521864513,,0
9.463509,0.9968552648603282,,0
7.494986,2.289297100607855,,0
9.315331,0.007480764769666601,,1
10.14002,0.0008301120041578768,,0
9.006754,0.0035478246632886707,,0
9.940109,0.11658841599510396,,0
10.22662,0.0008137951450791574,,0
10.08427,0.0009045242038368044,,0
8.829665,0.03607523937262022,,0
9.074062,0.06749278494268601,,0
7.654917,2.253343127530553,,0
7.76811,0.012493436694044499,,0
9.489713,0.007411660416566011,,0
8.392763,0.02475237098791333,,0
9.008224,0.004267668186061892,,0
9.212837,0.6167501016344304,,0
9.477922,0.006845980331367513,,0
9.1072,0.044511878749150274,,0
8.250881,2.315127746330348,,0
8.98507,0.004768940161800186,,0
9.073718,0.005566667211285388,,0
10.26085,0.0006651774214776102,,0
7.649693,1.2391072677554718,,0
9.987185,0.0012807778451687992,,0
8.064007,2.460677385973448,,0
9.686761,0.009127764551630363,,0
9.986541,0.14027221902437403,,0
9.315331,0.007480764769666601,,0
9.473704,0.006751729737059133,,0
10.09299,0.16270006530858436,,0
8.304742,0.023548665230462434,,0
7.50769,1.0844023146236552,,0
10.29008,0.000741032727084879,,0
9.35496,0.05299826752653836,,0
10.05989,0.000820178518161966,,0
7.81843,0.013268389690110467,,0
9.532134,0.6797010858457861,,0
9.521422,0.0005910565454590778,,0
9.07875,0.05662533776122064,,0
9.753246,0.0004730740600751617,,0
8.498622,0.00037836961474743474,,0
9.490091,0.09072296169596732,,0
9.753246,0.0003967284142293159,,0
10.18829,0.000905365963975693,,0
9.618801,0.005821340965661144,,0
9.966134,0.14482661038053946,,0
9.493412,0.06917600515593715,,0
10.27794,0.14103920793165148,,0
9.420277,1.4994443102909045,,0
9.957692,0.09051711945870372,,1
7.844241,0.013532367665754564,,0
7.757051,0.01695970630349581,,0
9.532134,0.8092866024621844,,0
8.744488,0.0024661998040119947,,0
9.435242,0.006893399722487284,,0
7.585281,2.822392161126247,,0
9.480138,0.01018410168045599,,0
9.563389,1.2643784892595387,,0
9.770756,0.09005618824062175,,0
9.112617283,0.05850070474040632,,0
9.42311,0.005687347199659704,,0
9.300821,0.0003808148365218497,,0
10.14282,0.0006645741835319712,,0
9.39466,0.9305052126075862,,1
7.65681,0.022069031330550288,,0
9.6839,0.0008033129917516451,,0
8.626227,0.00017903182377859784,,0
9.361085,0.0758770278116697,,0
9.375177,0.08818077503514761,,0
9.426338,1.1047743361550866,,0
8.430109,0.01843187452646192,,0
10.26085,0.0007943735402117765,,0
7.50769,2.0499778190458415,,0
9.492507,0.007886705620695782,,0
9.584108,0.0004145061120526111,,0
9.089753,0.10327870976895145,,0
9.770756,0.09005618824062175,,0
9.372714,0.7269648058545956,,0
10.22339,0.0007445813657755918,,0
9.436519,1.337038169379044,,0
9.574428,1.4609765723058332,,0
9.096275,0.7781237075557732,,0
8.392763,0.03694466608067505,,0
7.845416,0.021177006522893484,,0
9.138415,0.0005001100970869075,,0
9.304013,1.5323744222013702,,0
8.430109,0.03488236766759112,,0
9.334591,0.005809178155627574,,0
7.471363,1.7868913903459893,,0
9.167224,0.00351785866249348,,0
7.837554,0.021048753226560957,,0
9.889236,0.13356868781437603,,0
8.626227,0.00022496921632507842,,0
9.247251,0.003925595973508351,,0
9.463509,0.9998503209928162,,0
10.09254,0.10308793238358317,,0
7.615791,3.069287674512029,,0
7.766417,1.6464237622432072,,0
9.162934,0.614654309034649,,0
9.559658,0.0055098341555641465,,0
9.453992,0.010048896437610687,,0
10.38381,0.1290849322966004,,0
9.422221,0.007033125038170595,,0
9.300821,0.0008534724506408978,,0
7.649693,1.619619386400018,,0
8.342363,2.234097222555458,,0
8.907206,0.4668753224409869,,0
9.053336,0.004984868938633517,,0
7.81843,0.014927191629234306,,0
7.50769,1.5485654296619389,,0
9.566545,0.966797530441544,,2
6.495266,0.007714712721910017,3.184495244043283e+228,0
9.884407,0.111759396697095,,0
7.680637,0.025858741175046534,,0
9.555914,0.006665700833482258,,0
7.516977,1.572619569537894,,2
7.552237,0.01455279519717791,,0
8.41671,0.03590752629412685,,1
9.349406,0.007046422501152218,,0
7.784889,0.01988377978285579,,0
10.10057,0.1424060705669447,,0
8.562931,0.0002323684338546036,,0
9.306104994,0.0004983009162546837,,1
7.663877,0.015350454040916704,,0
7.562681,0.017498646764563704,,0
9.899429,0.11210776359211881,,0
9.166179,0.005536658802918757,,0
10.08326,0.0006410146794283137,,0
9.618801,0.006083198590905174,,0
10.21116,0.13212446372161776,,0
7.585281,1.6300078152641175,,0
9.429476,0.05610231590617117,,0
9.04523,0.7447199359450928,,0
8.93142,0.5751353666647656,,0
8.498622,0.0002101815192333726,,0
8.98507,0.0057466903162225825,,0
9.438909,0.0006101808000876075,,0
7.955776,0.014987984301931849,,0
8.560444,0.03546244899023958,,0
9.396322,0.007248077610047082,,0
9.001346,0.5410610236940068,,0
9.924564,0.0005936580540330133,,0
10.09055,0.1409771600836553,,0
9.024854,0.4368355264223437,,0
9.30556,0.006449524544339964,,0
8.17611,0.0210233919359858,,0
9.362203,0.0003962752397379169,,0
9.534595,0.005925123206867262,,0
9.29771,0.006165878035424635,,0
7.568896,0.014863813071511082,,0
9.792333,0.16059952496844584,,0
9.583489,0.0004727656271849699,,0
9.563389,1.2643784892595387,,0
9.04523,0.7126626899117274,,0
10.01619,0.000796026255418266,,0
9.159889,0.003990055434765485,,0
10.04429,0.0011550483096006141,,0
10.08326,0.0008011533344162878,,0
9.180396,0.008049419667818268,,0
7.649693,1.2391072677554718,,0
9.434843,0.007531881678445525,,0
8.499029221,0.0002510955458586314,,0
9.212039,0.5891825912346471,,0
9.453835,1.1325554052011177,,1
9.983915,0.09337949393354686,,0
8.362409,0.029810123194344496,,0
9.541728,0.1091984169724113,,0
9.068316,0.7291412284127735,,0
9.473627,0.0005985395494162404,,0
9.08387,0.5903669678576129,,0
8.703839,0.03517998730357264,,0
9.344434,0.007659152119676625,,0
10.20541,0.13724417660569985,,1
8.205492,0.021778791901437642,,0
10.13974,0.0788596838545278,,0
7.642524,0.01831950437032809,,0
7.550661,1.0003692935599149,,0
8.587279,5.115890721629562,,0
9.220885,0.005503843616781496,,0
9.996887,0.0011144970105685396,,2
7.306531,1.3091635191390634,,0
7.90581,0.015734423582170386,,0
9.073718,0.004474061139964793,,0
7.81843,0.014306078134462347,,0
9.173054,0.0005921801204425418,,0
9.569273,0.0006733630405278657,,0
9.42311,0.007097509287491369,,0
10.57743,0.0009993679865256439,,0
7.50769,0.7470889483170018,,0
9.453835,0.7474981116757713,,0
9.173054,0.0005406709380065004,,0
7.757051,0.014929517793449585,,0
8.65904,0.00017631054041510264,,0
9.315331,0.006254711555919782,,0
9.380083,0.9132305984236264,,0
9.95323,0.1079594743005493,,1
9.269175158,0.06338480805097757,,0
9.03884,0.0034791940753169234,,0
10.55649,0.0008243967484449182,,0
10.57743,0.0009124406714036507,,0
9.053336,0.004167878327312515,,1
9.559658,0.00784624068849624,,0
10.20541,0.157175285448608,,0
8.571681,0.0002244246900432912,,0
9.096836,0.004758918365716589,,0
8.006368,0.022779009829972666,,0
8.347353,0.03373155167091185,,0
8.756997,0.03999016140845927,,0
7.673223,0.02717378015997263,,1
7.841493,0.023003291608303902,,0
8.498622,0.0003149366585572512,,0
7.680637,0.015605894472665438,,0
9.924564,0.0007057799384499982,,0
7.638198,0.015228804890374054,,0
10.04603,0.14810802742187873,,0
9.905935,0.11888290133946756,,0
9.333708,0.07028969694969504,,0
7.365813,0.9036717053028609,,0
9.334591,0.005809178155627574,,0
9.996887,0.0011144970105685396,,0
9.899429,0.09853980553301163,,0
7.619724,2.2537135968150914,,0
9.42311,0.008086887460543089,,0
9.276877,1.4901935619201052,,0
8.043021,0.02119248741968711,,0
10.33456,0.0009142749035540386,,0
9.677465,0.0006696950626713803,,0
8.382518288,0.03021626715491861,,0
8.382518288,0.03021626715491861,,0
9.852615,0.09753021503824845,,0
8.700015,0.4465929015747858,,0
10.26945,0.18319310186059803,,0
9.309914,0.00027916297357127715,,0
8.850518,0.00023934082989710286,,0
9.827686,0.0009938581746044238,,0
7.611348,1.7717518877165794,,0
9.563389,0.8070099256120057,,0
9.999298,0.0006245180950641327,,0
9.204423,0.07408642283512874,,0
10.0846,0.1013988023800729,,0
9.702717,0.007692570446263413,,0
8.875986,0.00037660509682279654,,0
9.276877,0.6875683878508597,,0
9.61153,3.57722658302602e-05,,0
9.147401,0.0005539938102763474,,0
8.462103,0.03931407220665247,,0
7.549609,1.5582099610315059,,0
7.512071,1.0417518410900701,,0
8.95157,0.38902392173484623,,0
7.623642,1.7928236425383342,,0
7.473069,1.0451488022021749,,0
8.892749,0.0003524651381674159,,0
8.960339,0.03984502727603562,,0
8.769973,0.0035846629697262973,,0
8.304742,0.022823007790003035,,0
7.955776,0.02030259750056792,,0
8.177235,3.8427348777921484,,1
9.542733,0.06935047833515476,,0
10.21116,0.1586410947941603,,0
7.78904,0.01469388772751519,,0
8.392763,0.02475237098791333,,0
9.160835,0.0004457867084706274,,0
7.496097,0.013685180274714593,,0
9.578311,0.0007773702235389112,,0
10.17519,0.0008142105371945422,,0
8.964823,0.5401131367467011,,0
8.997766,0.46770166059491075,,0
8.604654,0.00020948374613730998,,0
7.50769,1.298914574626972,,0
9.438909,0.0005587797044479671,,0
8.418698,0.03561728850441612,,0
7.837554,0.014062916949007343,,0
8.392763,0.02694832873579157,,0
9.655411,0.08893002086177466,,0
9.021598,0.06983312107962888,,0
8.521185,0.03534547234819457,,0
7.955776,0.018648185209529943,,0
9.167224,0.0048155606177116205,,0
9.053336,0.004756000632989909,,0
9.302099,0.8406770907834346,,0
10.05462,0.0007429756377623854,,0
9.209239767,0.07468145983204902,,0
9.208939391,0.00046031373395448596,,0
7.550661,1.9765822668701132,,0
7.837554,0.021048753226560957,,0
9.961426,0.0006626931444116657,,0
9.246286,0.0004949145016915387,,0
7.356918,2.010661330150718,,0
7.680637,0.01644544754128526,,0
8.964696,0.003916011285816307,,0
7.729296,0.011528937057146268,,0
9.759617,0.09010116623045762,,0
9.089753,1.2265139701685916,,0
9.421573,0.005680342558206735,,0
10.22973,0.09874172474719019,,0
8.430109,0.038320364961898376,,0
9.188912,0.004127223448785021,,0
7.559559,0.014506605804445068,,0
7.568896,0.016834487440275384,,0
7.87967,0.020737212007487,,0
9.069353,0.762772771853294,,0
10.16157,0.0008473379339835939,,0
9.256651,1.0581775615922482,,0
7.468513,1.5512040937231004,,0
9.169830829,0.04277056725795162,,0
10.28449,0.0008421343305102264,,0
9.414097,1.0338847543145593,,0
9.662116,0.005050439118106064,,2
9.63587,0.005127023489235647,,0
8.423761,0.021058046806422245,,1
8.362409,0.029810123194344496,,0
9.541728,0.06901104516323117,,0
9.266153437,0.0007210444422680682,,0
7.688455,1.2878726225820873,,0
8.430109,0.030313145918287022,,0
8.767329,0.0030246229501966863,,0
9.677465,0.0004084307913147675,,0
9.434843,0.005493935796485805,,0
7.628518,2.6939323289209014,,0
6.694562,0.0070178230829465995,6.036981012741144e+279,0
9.534595,0.005208029041486273,,0
8.64453044,0.0002976674290539687,,0
7.550661,0.8680284619345818,,0
9.581145,0.08696991717292729,,0
7.550661,0.8680284619345818,,0
9.471319,0.004703921619092077,,0
9.584108,0.0004331515730883924,,0
8.17611,0.041818370118521055,,0
7.532624,2.4150354066164677,,0
9.169831,0.06490017780248522,,0
9.309914,0.0033152746369989137,,0
7.50769,2.0316107942631927,,0
10.12659,0.0007514824678114322,,0
9.560293,0.0060795844174318485,,0
8.529912,0.02357183035115636,,0
7.512071,1.4268992860786696,,0
9.007122,0.4531223519431114,,0
7.649693,1.8605854103874724,,0
9.168789,0.0050507770814193645,,0
8.305484018,0.03794939672886485,,0
9.958118,0.0007595322618871573,,0
7.87967,0.015973478735379847,,0
9.306104994,0.00038039270147809123,,0
9.620461,6.807361021474283e-05,,0
9.069353,0.526873339994486,,0
7.825645,2.014168938064703,,0
8.98507,0.003999318981144044,,0
10.14282,0.0006645741835319712,,0
7.50769,2.0316107942631927,,0
9.138415,0.0004162675773857472,,0
9.662689,0.0005081001091457756,,0
9.072571,0.0560895960347568,,0
9.015298251,0.04605945119244025,,1
9.563389,0.834502690839338,,0
9.436519,0.74004583629584,,0
10.15844,0.15084877066895735,,0
9.301369,0.00428706822839388,,0
8.64453044,0.00021908874004256267,,0
7.646354,0.015045086271634197,,0
9.138414632,0.0004566092371244856,,0
8.228177,3.126870314108194,,0
9.62298,0.000513919954119451,,0
7.532624,1.1711825303904322,,0
10.28288,0.0010129850579829482,,0
10.2914,0.0011666758875929016,,0
9.275941,0.5417458936650345,,0
9.594718,0.004971349829669975,,0
9.334591,0.006362612779883404,,0
9.857862,0.11280380257196261,,0
9.638023,0.00039602145977444067,,0
9.638675,0.0003962239030562257,,0
7.654917,3.0845782801961383,,0
8.309677,0.0395180378523751,,0
9.317399,0.0045385701954614045,,0
9.081256219,0.0004354698768081582,,0
5.97381,0.0017373649552169983,3.974096945594089e+134,0
10.27602,0.0008832559162836647,,0
9.536546,0.07223865316696554,,0
7.688455,1.5530049433844124,,0
7.81843,0.01428463510355435,,0
9.266153,0.0002941825281819739,,0
10.4254,0.001761019422789672,,0
7.642044,0.011537375320483224,,0
8.41671,0.040912961486202055,,0
8.744488,0.0028379399662834095,,0
10.27794,0.14103920793165148,,0
10.18829,0.0013028888131337586,,0
9.677465,0.000536315430887817,,0
9.986541,0.14746412948485155,,0
8.122074,1.7564635809950315,,0
7.844241,0.02104334631570779,,0
9.169831,0.06490017780248522,,1
9.634366,1.3528897745174033,,0
8.17611,0.0210233919359858,,0
8.423761,0.020850600695600612,,0
8.950533,1.0583154474531906,,0
8.841304,0.002935459660297814,,0
9.097843,0.0043251926081769015,,0
9.207536,0.056824282034003734,,0
9.266153,0.00036822730306142426,,0
9.024854,0.4813317563546533,,0
7.512071,1.7066011459884354,,0
9.981837,0.0006485092293141543,,0
9.334591,0.008011989501357555,,0
8.98507,0.003832909180105425,,0
9.633776,0.1089525997155464,,0
9.677465,0.0004918739470290018,,0
10.14061,0.0012051992774283855,,0
8.997766,0.4916812375105011,,0
7.955776,0.018073537168295947,,0
7.642044,0.011537375320483224,,0
9.559658,0.005280572521294334,,0
8.17611,0.018479014179192448,,0
10.39001,0.1873867678305909,,0
8.237479,3.0156937614730572,,0
10.1491,0.0008395136476308676,,0
9.929837,0.0010283557018707,,0
8.907206,0.4893423009465612,,0
9.542302,0.06285568745598899,,0
8.47658,0.023117650951622423,,0
8.781402,0.35415295357493376,,0
8.562931,0.00033090263861952125,,0
10.1708,0.12829060750165844,,0
7.647309,0.01062059417717273,,0
10.27602,0.0009630592963647118,,0
7.628518,1.254205066179139,,0
7.448334,0.02252491038891536,,0
8.498418,4.062702250960714,,0
8.043021,0.015504755012498235,,0
9.807362,0.12336769431753682,,0
9.807362,0.14162309677023174,,0
9.490091,0.0988309175043202,,0
9.523617,0.11681725013293821,,0
8.424200325,0.0002053924581126149,,0
9.893942,0.09699528075912575,,0
9.113389,0.09680978310352868,,0
7.485492,1.7984624609541062,,0
9.112838,0.5357514070526407,,0
9.220687,0.5873982700084538,,0
7.825645,1.670305715148442,,0
10.03924,0.15423551761937657,,0
9.855347,0.09343926798435655,,0
10.25446,0.0011889757292395345,,0
7.568896,0.014797076183306201,,0
10.08147,0.0009026285139779787,,0
9.261129,0.05418614490261407,,0
10.10144,0.0006443625213448514,,0
9.212837,0.5359623522153509,,0
9.842729,0.0008361012977495364,,0
8.498622,0.0003031935967540988,,0
9.697447,4.402711658678505e-05,,0
9.132811,0.006610717573614207,,0
9.755741,0.10257939840434852,,0
9.600895,0.00521246887478431,,0
9.471319,0.00039609410694876044,,0
7.724888,0.017200704964923454,,0
9.509259,0.005108977807298717,,0
7.629976,1.9054690969692187,,0
9.418086,0.004971466632195039,,0
9.403272,0.6810146387443529,,0
9.566545,0.005971445912406785,,0
7.603399,0.01583607470621831,,0
8.767952,0.0031576347981801247,,0
9.730146,0.0005347168657024939,,0
8.232972,0.017636228191597575,,0
9.303557,0.004487878359972882,,0
8.423761,0.025261531844370723,,1
8.306719,3.266827035675105,,0
9.022564,0.04445740794776769,,0
9.62298,0.00048768393509821234,,2
9.138415,0.0003620666345963206,,0
9.717218,0.0007246529563636554,,0
9.024854,0.6895620972868403,,0
9.618801,0.006083198590905174,,0
9.826714,0.0011264735347490992,,0
9.344434,0.009201819978944202,,0
8.907206,0.3938862832805548,,0
7.65681,0.016696102826864425,,0
10.14002,0.0006073229160181202,,0
9.468388,1.5742451041888912,,0
9.173054,0.000492902234025041,,0
7.446585,2.1546589387751673,,0
9.594718,0.006185398282883281,,0
7.766417,1.2871178820229077,,0
9.463509,0.9998503209928162,,1
9.246286499,0.0005928168105837841,,0
9.195734,0.07665439121729659,,0
7.903596,1.8347813162141717,,0
7.58121,1.638784181068527,,0
8.228177,2.1505693148101375,,0
7.81843,0.015774338771618678,,0
9.1072,0.10534662374288839,,0
9.844215,0.08925624725563808,,0
7.697575,1.0914647351719433,,0
9.97278,0.0006674191104815351,,0
8.521185,0.029305356161587727,,0
9.197356,0.08835761054321653,,0
8.177235,2.5668624611792707,,0
7.987864,2.0549974962498947,,0
9.029058,0.004943730456850615,,0
7.468513,0.9854385228804994,,0
8.291295852,0.029764452017181812,,0
6.60665,0.005058581318859228,1.183269291534121e+256,0
9.583489,0.0006752613241974536,,0
10.2023,0.0007596219762222509,,0
9.549523,0.006237133414816902,,0
7.688455,1.1890940650020487,,0
9.548882,0.008579825349675248,,0
7.219642,0.6531585277964952,,0
8.896451,0.0032324515601907865,,0
7.76811,0.01861938871707786,,0
10.10704,0.11474382171239339,,0
9.179056,0.0069873207136060995,,0
9.212837,0.6134286271379231,,0
7.903596,2.1994895279258584,,0
9.389741,0.9194932977510946,,0
9.096836,0.004358031254843386,,0
8.659734,0.023900498002386146,,0
9.957739,0.0007593138970454512,,0
9.987185,0.0010263076800680786,,0
7.638198,0.018159406539047494,,0
10.04429,0.0005907526775852916,,0
7.568896,0.014832631815838496,,0
8.93142,0.35128766048984533,,0
8.325064,3.336426985494504,,0
8.043021,0.02119248741968711,,0
9.42311,0.007097509287491369,,0
8.93142,0.5751353666647656,,1
7.404279,0.018034811093943712,,0
8.964696,0.006135389759585463,,0
9.62298,0.00058643833508314,,0
10.26085,0.0009141126417485019,,0
9.924564,0.0007057799384499957,,0
10.08406,0.2126078858393593,,0
8.237479,3.0156937614730572,,0
9.713839,0.006270211169553805,,0
10.28148,0.0007363666015001045,,0
9.001346,1.1691497689777606,,0
10.10908,0.16479967448460667,,0
10.35727,0.0007448738173935221,,0
9.594718,0.005664345754416181,,0
8.290293,0.02679494646387328,,0
9.096836,0.004758918365716589,,0
10.35313,0.0008499643342388438,,0
9.828063,0.0006345298449826801,,0
9.996887,0.000570012602660596,,0
9.986541,0.097327828575648,,0
10.02787,0.11622775119408968,,0
10.28288,0.0009679270800151944,,0
7.619724,1.0398529855699372,,0
10.29819,0.0016050284267469404,,0
9.422221,0.004938843210925329,,0
9.094256,0.6804566967491309,,0
9.276877,1.4901935619201052,,0
7.786967,2.760351594498874,,0
9.372714,0.7902726924827884,,0
10.09055,0.12306318123102908,,0
9.100302,0.004213941211815814,,0
9.541728,0.09489457766383447,,0
9.662689,0.000753838755797728,,0
9.49296,0.09507813745680443,,0
8.703839,0.03517998730357264,,0
9.069353,0.50449613468443,,0
9.246286,0.00045390368311037964,,0
9.389741,0.9194932977510946,,0
9.744023,0.0007069814316133355,,0
10.21116,0.12617178927628178,,0
9.167224,0.005541429333840692,,0
9.268609,1.0735653608992977,,0
9.825472,0.000596448165992381,,0
10.14843,0.0007043137853786092,,0
9.075665,0.0004331883977636118,,0
9.827686,0.0007575537674466284,,0
10.29819,0.0007801582211773356,,0
8.432724,0.021063577132130147,,0
9.453992,0.006423497949512435,,0
7.550661,0.8680284619345818,,0
9.929837,0.0010283557018707,,0
7.461066,1.0236738578475235,,0
8.853237,0.00026094488451752117,,0
9.581145,0.07519331112828244,,1
9.143025,0.003968083380080906,,0
8.250881,5.017665913041399,,0
8.462103,0.026260936378032687,,0
8.17611,0.027664104862469147,,0
8.98507,0.004768940161800186,,0
9.662116,0.005050439118106064,,0
9.334591,0.006362612779883404,,0
9.246286,0.00041504420133283326,,0
9.053336,0.0036524826407268104,,0
10.21116,0.22706683133328215,,0
8.521185,0.023328372029509575,,0
9.521934,0.06195583740096152,,0
10.26945,0.12710846765054287,,0
8.246434,2.315702080803695,,0
9.713839,0.005258311846108836,,0
9.015784,0.714760743097212,,0
9.414097,1.0338847543145593,,0
7.473069,0.8613617340970068,,0
10.06824,0.000550810156582037,,0
7.454141,0.010908143421284294,,0
9.620461,0.0072960590328742985,,0
9.300821,0.0003808148365218497,,0
7.786967,1.333968135700843,,0
8.228177,2.9500809323578716,,0
9.081256219,0.0003969957695909484,,0
9.677465,0.000536315430887817,,0
7.872074,0.01824777826063388,,0
7.987864,2.237310846189741,,0
9.421573,0.007396534209688911,,0
10.21746,0.0007024250473309854,,0
9.837187,0.08833059676910068,,0
9.349406,0.004490751417809369,,0
9.445017,0.10776081378946632,,0
8.626227,0.00042029782894602145,,0
9.39466,0.9347019215775524,,0
7.724888,0.01575173265893766,,0
9.269175158,0.06020312203897207,,0
9.537628,0.06004891260460771,,0
9.087155,0.7364192048465688,,0
9.372714,0.6935879597576,,0
9.113389,0.0431312612964261,,0
7.619724,1.0398529855699372,,0
8.930362,0.7918510840809191,,0
5.433722,0.0009637368327434726,5.6770568171987056e+76,0
10.4254,0.0009850063992432332,,0
9.372714,0.8320379612293947,,0
9.755741,0.10257939840434852,,0
9.529812,0.09783916543707379,,0
8.306719,2.978200289430567,,0
8.290293,0.03219184967910253,,0
9.266153,0.00036822730306142426,,0
9.471319,0.000379043823176367,,0
8.304742,0.021564946317112508,,0
7.844241,0.02104334631570779,,0
7.649693,1.184938856035219,,0
9.480673,0.8454948789301879,,0
9.61153,6.101824365038365e-05,,0
9.655411,0.07013695131093599,,0
7.589842,1.1467469836478554,,0
8.174139,0.028789601240952326,,0
7.90581,0.018609103509880758,,0
7.512071,2.339655645795197,,0
9.276877,0.6875683878508597,,1
7.533694,1.8248016690298279,,0
7.729296,0.013747543322729285,,0
9.463431,0.005147452735513664,,0
9.304013,0.6455313146536407,,0
7.468513,1.6255260134902525,,0
9.268609,0.5474332307352718,,0
7.628518,1.5090826633283148,,0
9.483873,0.054279524770251004,,0
9.234057,0.7215845928743855,,0
8.551788,0.36156042889443624,,0
9.42311,0.00621051558787869,,0
8.950533,1.0583154474531906,,1
7.568896,0.017104295077140435,,0
7.688455,1.1890940650020487,,0
8.964696,0.0032742001381764014,,1
8.795885,0.00031125382538572716,,0
10.0745,0.1327523857704075,,0
10.02787,0.08161814794854846,,0
8.798756583,0.0002711507056064126,,0
7.707063,0.01841742944771427,,0
9.986541,0.097327828575648,,0
9.100302,0.0063085027392433875,,0
9.638023,0.0004956987588229113,,0
9.894497,0.14168387847969788,,0
9.220885,0.0036764465989479137,,0
10.29458,0.0009356560440771912,,0
8.756997,0.03999016140845927,,0
7.750184,0.014763372867739478,,0
8.703839,0.03517998730357264,,0
10.07874,0.0006062333514688739,,0
9.024854,0.6051986519751487,,0
9.418086,0.007068970779700595,,1
9.717218,0.0004807237877746225,,0
9.802617,0.0006743831632493319,,0
9.454854,0.0066869083258829605,,0
9.073718,0.0037520281305240383,,0
9.104091,0.7496401082563658,,0
8.562931,0.00030257348965235733,,0
9.600895,0.004988092717929903,,0
7.461066,1.1681227554061917,,0
10.34003,0.0008418728440632179,,0
8.965973,0.6516479228424864,,1
8.465479,0.02524410239019824,,0
9.169831,0.0496923184766776,,0
8.394347,4.306392901612387,,0
7.837554,0.019189079270779945,,0
9.021598,0.033670039666110194,,0
8.70118,0.002613444344741365,,0
10.22807,0.16126625550621393,,0
7.589842,0.02383626112617377,,0
9.042632,0.6163179907415032,,0
9.584108,0.0004942728635548533,,0
9.583489,0.0005440274814273497,,0
10.20218,0.10404636603856367,,0
7.477604,0.9533784745310883,,0
9.096612,0.005728389201774542,,0
9.468388,0.6971712925344449,,0
9.209239767,0.07468145983204902,,0
9.21164,0.0003834171299881437,,0
9.894497,0.17734524474407096,,0
9.068316,0.5262979210386731,,0
7.512071,1.0439418186279563,,0
9.315961,0.005196295421123886,,0
8.841304,0.002935459660297814,,0
10.29819,0.0013947866545819976,,0
8.489822,0.00031248131331764427,,0
9.069583,0.07730066226513484,,0
10.30999,0.16669922121986874,,0
9.350276,0.589086620584336,,0
8.725507,0.0003219888859185975,,0
8.430109,0.030313145918287022,,0
9.62298,0.0005620369089596595,,0
7.81843,0.021528647526844122,,0
9.453992,0.006993371845536363,,0
9.510297,0.0005626620879667033,,0
8.392763,0.04222115006725595,,0
7.395722,1.4714313448665828,,0
9.662689,0.0006058779077499831,,0
9.096275,0.7781237075557732,,0
9.381264,0.051274396122390986,,0
9.600895,0.004988092717929903,,0
7.649693,2.431944577465962,,0
10.09646,0.20383142849854505,,0
9.053336,0.003205625105016436,,0
7.837554,0.017572608056522946,,0
9.560293,0.008260097086239744,,0
9.042632,0.5384868351704512,,0
8.551981,0.046847692998668845,,0
9.204423,0.056302125521189066,,0
9.07875,0.05662533776122064,,0
7.619724,1.5681229692693242,,0
10.21116,0.11073549008528856,,0
10.08402,0.0007003791052274845,,0
9.755741,0.19424827663088803,,0
9.094256,0.4742640270002855,,0
9.212039,0.049315386793909836,,0
7.611348,2.4108245457672117,,0
9.966134,0.14482661038053946,,0
9.195734,0.06380342631326352,,0
9.549808,0.0006674746656186997,,0
9.07875,0.05662533776122064,,0
9.096275,0.4326311505538059,,0
8.325064,3.4812814875833964,,0
9.334591,0.008011989501357555,,0
9.256651,0.5883390668045692,,0
9.068316,0.7619397179130303,,0
9.559658,0.00784624068849624,,0
9.21164,0.0005007582795805353,,0
10.35727,0.0009795711084271644,,0
8.92079,0.43083491473701724,,0
10.19377,0.11815009794505667,,0
7.903596,1.6140157056389084,,0
7.76811,0.012512190911231996,,0
9.445017,0.05219120968886228,,1
10.32401,0.10608889052371975,,0
8.136811,2.027140111052459,,0
7.615791,3.069287674512029,,0
9.542733,0.06600780840160973,,0
9.123147,0.04169890109090452,,0
8.825413,0.0027587370016824778,,0
9.770756,0.0791570448997787,,0
7.642044,0.01574608547817474,,0
9.492507,0.005268146058456862,,0
8.636397,3.5796184612091344,,0
9.975483,0.07698399478545048,,0
9.61153,7.021576761385568e-05,,0
9.638675,0.0004952087858456458,,0
9.07875,0.08112219098511499,,0
9.375177,0.13877986450351287,,0
7.784889,0.01988377978285579,,0
7.825645,2.644565217119941,,0
7.766417,1.7282434032816971,,0
9.903438,0.0009138848236153725,,0
9.584108,0.0004942728635548533,,0
7.707063,0.01841742944771427,,0
9.072571,0.08827441735069387,,1
9.243097936,0.07002843959937652,,0
10.14002,0.0006346417309583299,,0
9.069353,0.457858497103876,,0
9.250522,0.6685251076946359,,0
8.402679805,0.02694876343302288,,0
10.10267,0.1045504003158778,,0
7.786967,1.4044672662122626,,0
8.325064,2.5203567767054116,,0
7.477604,1.5713838841024694,,0
7.512071,0.9930281753456988,,0
8.462103,0.04492895777613375,,0
7.58121,1.875648776845984,,0
9.924564,0.0009301105843596482,,0
9.238442,0.9937508735745787,,0
9.430038,0.004763088695372302,,0
9.263217,0.004174735381638341,,0
8.064007,4.031089441047619,,0
9.737551,0.0010515123652254724,,0
10.12659,0.0012444486747932822,,0
10.11241,0.1902383997139212,,0
10.1577,0.126720219117464,,0
9.435242,0.0004630428835380318,,0
8.394347,3.7852072459275847,,0
7.654917,2.0450350892694766,,0
9.080232,0.006502704888134441,,0
9.059982,0.6533944287247634,,0
8.498622,0.0003149366585572512,,0
9.250522,0.5814784745097625,,0
6.320768,0.3282170822086628,3.980519471001125e+190,0
9.483873,0.062274191590198966,,0
7.345365,1.3198856947549231,,0
9.675206,0.0785253456291582,,0
10.28038,0.0010629674574659334,,0
10.41214,0.15200406761731164,,1
7.786967,1.6936027437839352,,0
10.04151,0.0008838666103637134,,0
7.701652,1.8852881899306746,,0
8.575273,0.0345894999345983,,0
8.521185,0.030715588776878213,,0
8.402679805,0.020479766782955752,,0
9.168789,0.00044443214469217884,,0
7.751045,0.018312585681445382,,0
10.11241,0.12087754652473573,,0
8.947936,0.5304684947612772,,0
10.34003,0.0007049514860184055,,0
9.07875,0.05662533776122064,,0
7.844241,0.020319569178631147,,0
9.138415,0.0003620666345963206,,0
9.62298,0.000513919954119451,,1
10.48111,0.12255981516813712,,0
10.36287,0.1521215633146032,,0
9.894497,0.10783457803419245,,0
10.15203,0.0007368641040459103,,0
9.492507,0.005283974227013944,,0
9.480673,0.7354055468485238,,0
9.957692,0.09051711945870372,,2
8.291295852,0.019911845305518882,,0
8.41671,0.03142007185039699,,0
10.28175,0.16287446341027095,,0
7.87967,0.0315423083823276,,0
9.542733,0.10460308496234431,,0
9.483416,0.6814252636263233,,0
9.471319,0.004501436409033166,,0
10.25446,0.0008262087650115858,,0
9.981282,0.1212859791291985,,1
10.0429,0.0008768639731838143,,0
8.798757,0.00027115080269189196,,0
9.009203,0.0037116948165683665,,0
7.825645,1.9220775775020302,,0
9.432844,0.000698754400645719,,1
7.526179,0.017872635894692148,,0
9.319733,0.009411235920332854,,0
9.334591,0.008011989501357555,,0
10.12033,0.0012386485540336113,,0
9.899429,0.09853980553301163,,0
9.079092,0.583367022734153,,0
9.792333,0.08486093379429688,,0
10.24441,0.0008595762948928613,,0
9.240482,0.0004096246437035913,,0
9.445017,0.05203487068555489,,1
8.850518,0.0002617496735531348,,0
7.526179,0.01631476983202425,,0
9.163249,0.5516912315186281,,0
7.690286,1.5565429003240947,,1
9.583489,0.0006752613241974536,,0
9.153453,0.00456717553808453,,0
7.58121,1.875648776845984,,0
7.750184,0.01679950307565106,,0
9.256651,1.2202407153500643,,0
8.305484018,0.021036386046024307,,0
9.899429,0.11210776359211881,,0
8.658866,0.044488902728308605,,0
9.594718,4.385754104630271e-05,,0
9.096275,0.7468658012150157,,0
9.753246,0.0010643844730117173,,0
10.29769,0.1495728441487355,,0
9.564302,1.2128742601877929,,2
7.526179,0.028038282883743198,,0
8.371936,0.00017029044060887675,,0
7.58121,1.6293067439543716,,1
7.81843,0.01722539057145648,,0
9.770756,0.17130297790201715,,0
8.043021,0.03045185012888023,,0
8.684401,0.003366879659486295,,0
9.523617,0.06736399989151905,,0
9.169831,0.0621064819887928,,0
10.28038,0.0009237299472218008,,0
9.220885,0.0075454647512958085,,0
9.42311,0.00621051558787869,,0
9.266153,0.00036822730306142426,,0
9.21164,0.0003834171299881437,,0
9.345221,0.004681120688833384,,0
8.907206,0.4668753224409869,,0
9.069353,0.526873339994486,,0
9.381264,0.0771068040735244,,0
9.60245,0.00079229390731713,,0
9.646593,0.0008140999371608681,,0
7.468513,0.9403825334806566,,0
10.11062,0.0012139370576909907,,0
9.067624,0.00037393282027689453,,0
7.688455,1.4264541182347714,,0
9.138415,0.0003620666345963206,,0
9.318836,0.00033530225899886315,,0
9.29771,0.007374518036376944,,0
10.07874,0.0007250676641631941,,0
7.401842,0.012557484421849958,,0
9.250522,1.260260789211164,,1
8.236156,2.1030632616693397,,0
9.510963,0.0004678783354965375,,0
7.955776,0.017247183133858472,,0
9.097843,0.0043251926081769015,,0
9.480673,0.8454948789301879,,0
7.482682,0.01715485406617287,,0
9.135832,0.00041388681871506615,,0
10.38319,0.0010415841243625718,,0
9.60245,0.0006947363479148345,,0
9.255313738,0.0005272937297647123,,0
7.58121,1.1370698129456944,,0
7.81843,0.01505310814791008,,0
9.350276,0.6174346522887995,,0
8.886824,0.4380223721327618,,0
10.07874,0.0006062333514688739,,0
8.907071,0.4056608266832804,,0
9.498222,0.8267436512319005,,1
9.753246,0.0010643844730117173,,0
8.587279,0.516464628084613,,0
8.257126,0.00022012224491251825,,0
9.246286499,0.0005928168105837841,,1
10.1708,0.1162563959208716,,0
9.21164,0.00030769945427630877,,0
9.818202,0.08290753128588646,,0
9.827686,0.000634345979759675,,0
9.618801,0.005821340965661144,,0
7.642524,0.028658964889956333,,0
9.884407,0.09712009609274082,,0
6.489205,3.101377462190319e-05,7.003877913794965e+226,0
8.930362,0.7918510840809191,,0
9.255313738,0.0005783954216412612,,0
8.362409,0.04108109501319605,,0
7.90581,0.018609103509880758,,0
9.12913,0.7707312646859074,,0
9.07875,0.08112219098511499,,0
9.957739,0.0008234602332209373,,0
8.626227,0.00021528518187189288,,0
10.22662,0.0008137951450791574,,0
8.402679805,0.028160982273571743,,0
7.532624,1.1711825303904322,,0
7.526179,0.01624151830732268,,0
9.770756,0.09005618824062175,,0
9.309914,0.0006508607684236322,,0
9.1072,0.058396507895343286,,0
7.559559,0.012674652315929678,,0
9.15440474,0.0003988301896916901,,0
7.649693,1.8605854103874724,,0
9.217415,0.6740547860422081,,0
9.38505,0.0004218722953295799,,0
9.339085,0.004671944781465332,,0
9.357898,0.007789518045834596,,0
10.09349,0.0008048961936485649,,0
9.960529,0.09985920460967149,,1
10.09055,0.2681637743091403,,0
8.627302,4.861209177082942,,0
9.842729,0.0006659734303006568,,0
10.14282,0.0006359668949653362,,0
9.662116,0.006022335817327763,,0
9.444384,0.06300244953124604,,0
7.512071,0.9930281753456988,,0
9.029058,0.004293577061689011,,0
9.009203,0.004666869928846334,,0
8.423761,0.022071402326040723,,0
8.006368,0.022779009829972666,,1
9.620461,4.5471675828327565e-05,,0
9.6839,0.0005165873617232636,,0
7.613325,0.024326025870281202,,0
10.29809,0.13002863805142822,,0
9.434843,0.005493935796485805,,1
7.568896,0.012947848120947378,,1
8.520986,4.750699399511247,,0
9.924564,0.0007057799384499982,,0
8.250881,2.661699605040755,,0
9.536546,0.06892198860550353,,0
9.398147,0.0006152685030854288,,0
7.754053,0.019325391974645938,,0
7.550661,0.9988698644725406,,0
7.512071,1.9638439638291745,,0
9.100302,0.0047941593004978324,,1
8.6174,0.00020443066679312185,,0
9.444384,0.07182794504473242,,0
8.228177,2.5814018515202504,,0
8.521185,0.026860862552135257,,0
8.237479,2.7492548381573494,,0
7.515889,0.0132478395508961,,0
9.490091,0.08655763442619695,,0
9.053336,0.0038225093769876546,,0
7.585281,2.692808791988412,,0
9.498222,1.1861815823008561,,0
7.552237,0.01455279519717791,,0
9.246286,0.0004949145016915387,,0
10.1577,0.0997913650681864,,0
10.32401,0.13371054245078898,,0
9.536546,0.07223865316696554,,0
8.228177,2.473990922175126,,0
10.32401,0.15326636149426093,,0
9.25033,0.005914655593285025,,0
7.647309,0.021862983664853227,,0
7.628518,2.6939323289209014,,1
10.52291,0.0009596624455132692,,0
8.362409,0.03406764273260442,,0
9.620461,0.0072960590328742985,,0
7.642044,0.013757605429081188,,0
9.558388,0.0006572685375107914,,0
9.094256,0.041669280789139326,,0
7.729296,0.011511656615132102,,0
9.39466,1.0634011452175147,,0
9.147401,0.004578622711628588,,0
10.16157,0.0009750605704728858,,0
9.138415,0.00047858233657954377,,0
8.860499,0.40598651357589094,,0
7.81843,0.013081309966103712,,0
8.246434,4.164986008064829,,0
8.65904,0.00019281802614902902,,0
5.843544,0.23366249442880085,1.3690870347379355e+117,0
9.138415,0.00047858233657954377,,0
9.289798,0.9581095897456046,,0
9.857862,0.11331256353717435,,0
7.81843,0.01634929032705397,,0
10.11241,0.15162009557312492,,0
9.981282,0.1212859791291985,,1
8.536015,6.942291999286801,,0
7.825645,1.6891182929399937,,0
9.977992,0.0009199925112455213,,0
10.20218,0.17988839432866913,,0
9.566545,0.0075607870356174415,,0
8.548886,8.104589436303876,,0
9.992093,0.0007793300611526873,,0
10.29769,0.1495728441487355,,0
8.228177,2.5930443357950064,,0
9.566545,1.0604929163693826,,0
10.07192,0.09645128245237142,,0
7.844241,0.02104334631570779,,0
9.453992,0.008052340715473085,,0
7.585281,2.953777351641209,,0
9.480138,0.0049919561428368505,,0
8.432724,0.02127314218111091,,0
9.522813,0.10253497493069856,,0
9.339085,0.006973208343672286,,0
9.300820725,0.0003808147514562545,,0
10.28449,0.0008813365296153731,,0
7.707063,0.01841742944771427,,0
8.250881,5.773998768839764,,0
9.137017,0.7084590132133554,,0
9.255313738,0.0005272937297647123,,0
7.724888,0.02715199079059654,,1
9.348362,0.00580765211120229,,0
7.837554,0.014062916949007343,,0
8.122074,2.4060886413380884,,0
10.35313,0.0012205958118534884,,0
8.426612,0.00030603059526229393,,0
9.420277,0.6640449604113852,,0
9.633776,0.0753702716940826,,0
7.550661,1.5588825108790283,,0
9.087155,0.5403945540387881,,0
9.345221,0.004479616968588075,,0
7.468513,1.8576856968724897,,0
8.521185,0.0225598167421706,,0
8.246434,2.315702080803695,,0
9.166179,0.007908128975344568,,1
9.169831,0.0496923184766776,,0
7.646354,0.011106732370286905,,0
9.560293,0.006343535997227608,,0
10.20541,0.13745019734753638,,0
9.420277,0.6640449604113852,,1
8.236156,3.576536871517756,,0
8.065894,2.8311205908003116,,0
10.28038,0.00139663320260522,,0
9.634366,0.008393840452342418,,0
7.786967,1.333968135700843,,0
9.600895,0.004988092717929903,,0
7.401842,0.010436579097405847,,0
10.29819,0.001230771819098969,,0
10.08326,0.0006708545567279906,,0
9.241257,0.7986301456403037,,1
9.436519,0.74004583629584,,0
7.589842,1.1947407594414505,,0
9.009203,0.004666869928846334,,0
8.285261134,0.018837637394488554,,0
7.534763,0.015525481934156945,,0
10.08456,0.0006088831162491463,,0
8.362409,0.029810123194344496,,0
8.228177,2.846905470854945,,0
9.770756,0.09046235427587894,,0
10.39946,0.0007034008714769869,,0
8.371242136,0.0002354219130890927,,1
7.583248,0.010960977904737613,,0
10.35727,0.0010135505399607554,,0
7.559559,0.011606950716999083,,0
7.844241,0.020319569178631147,,0
9.47884,1.16325142871514,,0
9.240482,0.00035897086787223964,,0
7.949091,2.9322666156228916,,0
9.256651,1.0581775615922482,,0
7.638198,0.020940575598859982,,0
10.16501,0.0008068652863116955,,0
9.435562,0.008540509060252487,,0
9.536546,0.07223865316696554,,0
7.433075,1.7751398591154453,,0
9.361085,0.09088672716284077,,0
8.6174,0.0002794235917122981,,0
9.532134,0.6797010858457861,,0
10.28459,0.12840880750457218,,0
9.435242,0.005498989740645267,,0
8.950533,0.4890348341760762,,0
8.177235,3.8427348777921484,,0
9.069353,0.5805408552572728,,0
8.205492,0.021746148202480473,,0
9.276877,0.627762115562292,,0
9.173054,0.0005406709380065004,,0
9.16178,0.00531091758557593,,0
10.09349,0.0010480780288450566,,0
8.006368,0.029616732549109178,,1
9.957739,0.0008234602332209373,,0
9.753246,0.0005443824056409382,,0
8.489822,0.00026142427703547714,,0
8.290293,0.02446426068411402,,0
9.163039,0.005997859987939552,,0
8.609408,0.005201586838508522,,0
10.16157,0.0012792120643333794,,0
10.17206,0.0006499494887019,,0
7.750184,0.011850254061513266,,0
8.850518,0.0002995821296735106,,0
9.884407,0.111759396697095,,0
9.212837,0.6134286271379231,,0
8.351138607,0.00023069912555079655,,0
10.1577,0.0997913650681864,,0
9.315511,0.00048021613772689694,,0
7.673223,0.02481014255813816,,0
10.08456,0.0007260554010853032,,0
7.637716,0.01645142228316018,,0
7.585281,1.5739443749611945,,0
8.465479,0.04554006826903482,,0
9.266153,0.0002941825281819739,,0
9.151969,0.0003363072962336069,,0
9.53806,0.7410679150111573,,0
9.490091,0.05733495576702627,,0
9.243097936,0.05361889043798188,,0
8.004032,2.6122126562730585,,0
10.10057,0.08607186858222564,,0
10.05672,0.0007452658503715175,,0
10.28449,0.0007723513313629393,,0
9.981282,0.10660721804027067,,0
8.641532,0.004473184758357254,,0
8.003363,0.029755185102390554,,0
9.21164,0.00041805939208899704,,0
7.872074,0.0313133127148755,,0
9.542733,0.1252952615244889,,0
7.589842,0.828970445010581,,0
7.729296,0.01894917018219365,,0
10.20322,0.11973856401765888,,0
9.39466,0.891787323880652,,0
9.884407,0.111759396697095,,0
9.270683,0.004814526234759689,,0
7.707063,0.019433482274063628,,0
9.122711,0.006959300931667805,,1
9.334591,0.008011989501357555,,0
7.680637,0.013087383750837855,,0
9.857862,0.12410773874864775,,0
9.549808,0.0007990323518921473,,0
9.157889,0.7284339833304248,,0
8.927712,0.003588883940062286,,0
9.08387,0.5903669678576129,,0
7.585281,2.936107749347019,,0
10.05462,0.0006511000097164222,,0
10.33456,0.000801216578756646,,0
9.889236,0.09323431689856444,,0
9.560293,0.0060795844174318485,,0
8.219595,0.03606815387320825,,0
7.50769,1.3611486966167523,,0
9.638675,0.0006179944415908169,,0
8.769973,0.0036094826737240963,,0
9.884407,0.14596229234391853,,0
8.423761,0.025261531844370723,,0
9.973666,0.09246745473820728,,0
8.841304,0.003976348971388944,,0
8.430109,0.038320364961898376,,0
8.291295852,0.029764452017181812,,0
10.28175,0.14153962892563007,,0
10.02787,0.11622775119408968,,0
8.47658,0.023117650951622423,,0
9.305378,0.00038165380624697004,,0
8.571681,0.00020349474766038982,,0
8.822027,0.3701234618162825,,1
9.094256,0.09017607839267491,,0
9.069353,0.5075322106120974,,0
9.884407,0.1268427736486392,,0
9.08806,0.004745650165626273,,0
9.638023,0.0006493477523306072,,0
9.113389,0.04480178822204118,,0
10.01476,0.10974396129615638,,0
9.549808,0.0006680756632261134,,0
7.701652,2.282064909398843,,0
7.638198,0.015889979541998285,,0
7.750184,0.020148892158243066,,0
8.761393,0.0025062048397438068,,0
9.1072,0.10534662374288839,,0
9.263217,0.005655061442375433,,0
10.1872,0.0009019246080997165,,0
9.929837,0.0010746135630038066,,0
10.09055,0.1347872880908516,,0
9.463431,0.004925875266155276,,0
10.09299,0.09833779265032673,,0
7.825645,1.670305715148442,,0
9.453992,0.010048896437610687,,0
9.217415,0.6740547860422081,,0
9.61153,0.005045100713871165,,0
9.59281,0.005712112306540771,,0
9.240482,0.0003150531129675144,,0
8.61559,0.00437272595217626,,0
9.792333,0.09765236182371954,,0
7.688455,1.708629739373845,,0
8.562931,0.00033090263861952125,,0
7.987864,2.450457224960216,,0
7.623642,2.966230132549044,,0
8.571681,0.0002649762487277279,,0
9.07875,0.06471264019560649,,0
9.969697,0.11592611995045414,,0
8.571681,0.0002341683250378561,,0
7.680637,0.016307884356186426,,0
9.842729,0.0005576601771276189,,0
10.28288,0.0009679270800151944,,0
7.542213,1.244422156894678,,0
7.585281,2.936107749347019,,0
9.315331,0.006254711555919782,,0
9.477998,1.1675063215359103,,0
7.844241,0.013532367665754564,,0
10.28038,0.0009237299472218008,,0
7.662468,2.274674198849166,,0
7.707063,0.01700483080769525,,0
9.269175158,0.06338480805097757,,0
9.380083,4.5912788732950897e-05,,0
10.14843,0.0008411112840666308,,0
8.562931,0.00033090263861952125,,0
8.907071,0.5578094453115434,,0
10.09394,0.11299096431062619,,0
7.585281,2.953777351641209,,0
9.905935,0.19580886136248996,,0
7.688455,1.708629739373845,,0
9.884407,0.0882212899672715,,0
9.096612,0.003650756383885076,,0
9.275941,0.5238980271082189,,0
8.927447,0.9455374895517336,,0
9.436519,1.2170827980436933,,0
9.435242,0.005986843980239909,,0
7.585281,1.882846654296395,,0
7.786967,1.333968135700843,,0
10.08326,0.0006410146794283137,,0
10.12033,0.0009021458366946617,,0
10.52291,0.0011426228031893907,,1
9.305378,0.004532431961796748,,0
9.221874,0.857338817460303,,0
9.21164,0.00041805939208899704,,0
10.20218,0.20700369163333088,,0
9.675583,0.0006120127501688178,,0
10.10144,0.0012038276756233485,,1
9.957739,0.0006905685601420176,,0
9.490091,0.0988309175043202,,0
7.585281,1.5739443749611945,,0
9.521055,0.8027470209126304,,0
9.918475,0.0007391988172087087,,0
7.50769,1.0864646376078588,,0
7.754053,0.01246493967684694,,0
9.489713,0.006504891888130302,,0
8.92079,0.41105416259251143,,0
8.641532,0.0038872447991975664,,0
8.478868077,0.00036899781720878017,,0
9.53806,0.8214674173317348,,0
9.453992,0.008364217798941085,,0
9.31551087,0.0003853824369797904,,0
10.16084,0.0009663797128506974,,0
9.275941,0.7831287080879868,,0
9.620926,0.08594072459140993,,0
8.886824,0.7139193401644024,,1
7.786967,1.4044672662122626,,0
9.389741,0.5824962542827108,,1
8.237479,5.684993063251128,,0
9.60245,0.00079229390731713,,0
7.707063,0.017783969628254497,,0
8.6174,0.00019399432000503388,,1
8.478868077,0.00018087220435394194,,0
7.750184,0.015384327665074405,,0
9.167224,0.0048155606177116205,,0
10.19377,0.09396814413212488,,0
7.766417,2.243653398743563,,0
10.08427,0.0009045242038368044,,0
7.688455,1.416928821020795,,0
9.080232,0.0003816383780621897,,0
8.6174,0.0002136264395968906,,1
10.32401,0.22122434725117182,,0
9.068316,0.7291412284127735,,2
10.08988,0.0009571984880034258,,0
7.594381,1.253002291312758,,0
9.31551087,0.0006271816327280778,,0
10.09299,0.12345891339185144,,0
7.955776,0.02448226146675178,,0
10.11241,0.1744743991215518,,1
9.903438,0.0006656104236817052,,0
9.332292,0.0008755335519835072,,0
10.28038,0.0010597833336673296,,0
8.065894,2.3635686146059665,,0
10.22807,0.1065971482966997,,0
9.483873,0.08568236939621102,,0
9.884407,0.12714756190500498,,1
9.563389,1.2643784892595387,,0
9.424726,1.0996662622649944,,0
7.87967,0.023863014930745385,,0
9.460943,0.005132616059975208,,0
9.009203,0.0035465971559957873,,0
10.0242,0.0007645377848352653,,0
9.662689,0.0005265143009015246,,0
9.558388,0.06158617348217009,,0
8.700015,0.5103758652246462,,0
9.894497,0.1544852106838978,,0
7.662468,2.705906111822342,,0
9.069583,0.03941721000231544,,0
9.40253,0.5963511670988136,,0
10.36287,0.12623938177404695,,1
9.957739,0.0007593138970454512,,0
8.228177,2.5930443357950064,,0
7.949091,2.062204823102426,,0
7.903596,2.652294994005423,,0
7.732808,1.9594450124040055,,0
9.983592,0.0008140358576691944,,0
8.430109,0.01843187452646192,,0
7.825645,1.670305715148442,,0
7.844241,0.02104334631570779,,0
8.325064,3.4812814875833964,,0
9.97278,0.0007680218629551311,,0
9.21164,0.0003505921243087996,,0
9.309914,0.00033288455425248015,,0
9.334591,0.008011989501357555,,0
8.551981,0.03560199818877662,,0
9.468388,0.6971712925344449,,0
9.242227,0.5037101247519428,,0
7.628518,1.4441226268259904,,0
7.628518,1.4441226268259904,,0
9.332292483,0.0003906585345392213,,0
9.1072,0.042595818523559884,,0
9.072571442,0.04893294086296311,,0
10.29769,0.19711425317790113,,0
10.05989,0.000820178518161966,,0
8.236156,2.1030632616693397,,0
9.677465,0.0005139995954746419,,0
10.28148,0.0008053106427388357,,0
9.153876,0.00569645521424329,,0
9.483873,0.05697696593593901,,0
10.08402,0.0013693915106390679,,0
9.675206,0.09041601844893399,,0
9.349406,0.005595820844584537,,0
9.981282,0.08415423287247688,,0
7.654917,3.0845782801961383,,0
9.123474,1.2706924836661493,,0
9.209239767,0.07468145983204902,,0
7.955776,0.02030259750056792,,0
7.615298,0.014652403832620082,,0
10.08406,0.18520245120950496,,0
9.104091,0.6330144411484834,,0
8.17611,0.027664104862469147,,0
10.28148,0.0009669319247543358,,0
9.103312,0.8658186802822022,,1
7.550661,0.8693314816479465,,1
9.902337,0.11337119694144873,,0
8.907071,0.4635978195716023,,0
7.468513,1.772749026422601,,0
9.1072,0.06693728202010821,,0
7.401842,0.010436579097405847,,0
10.39946,0.001097101475781559,,0
9.371779,1.0389072396864594,,1
9.151969,0.0003363072962336069,,0
9.246286,0.00041504420133283326,,0
9.276596,0.8982710236639445,,0
7.663877,0.01537349699987669,,0
9.807362,0.12336769431753682,,0
7.688455,1.1873117609667623,,0
9.919115,0.13155766678831793,,0
7.642524,0.024070001277241956,,0
9.501741,0.07289605477170044,,0
9.541728,0.07196404120960005,,0
9.987185,0.0010660578418297862,,0
9.885934,0.11115487605200862,,0
8.915029,0.4343938503814267,,0
6.437752,0.5886457219707484,3.063567254049761e+215,0
10.28459,0.0903073618046523,,0
9.480673,0.005214390000695807,,1
9.179056,0.004466464606844563,,0
7.594381,1.1022378304751945,,0
9.1072,0.042595818523559884,,0
9.276877,0.6875683878508597,,1
9.770756,0.0791570448997787,,0
7.955776,0.02030259750056792,,0
7.649693,1.8605854103874724,,0
8.72258,0.0034647033267262346,,0
9.147401,0.00038554330213688405,,0
9.62298,0.00058643833508314,,0
9.276877,1.4901935619201052,,0
8.462103,0.028676630598149917,,1
10.01476,0.18860408472109005,,0
9.575886,0.00039409963274508964,,0
7.585281,2.157790560320256,,0
8.521185,0.03534547234819457,,0
7.786967,2.2890984747985788,,1
9.532134,1.064918044741553,,0
7.637716,0.01576373319850418,,0
7.526179,0.01624151830732268,,0
9.302099,0.5325664228769569,,0
8.122074,1.6608050565969916,,0
10.04277,0.08147859542593941,,0
10.06824,0.0005764509227224976,,0
9.304013,0.7410541661587231,,0
9.139489,0.006236136458018322,,0
8.703839,0.032216456016235344,,0
9.510297,0.0006759906529529889,,0
9.755741,0.10257939840434852,,0
8.48405,3.6247241915117336,,0
9.326967,0.9983670607850137,,0
7.90581,0.018609103509880758,,0
9.905935,0.19580886136248996,,0
9.104091,0.6575318708840552,,0
7.949091,4.2324275312810204,,0
9.138415,0.0005001100970869075,,0
9.022443,0.4870678559203207,,0
10.03907,0.10757829914426868,,0
9.122711,0.006629829108991289,,0
10.21116,0.3004088515428128,,0
7.468513,1.4796883096541276,,0
7.512071,1.7014890145816661,,0
8.498622,0.0002418630204398687,,0
6.495266,0.008386550140220259,4.5078656689216825e+228,0
7.81843,0.01634929032705397,,0
9.563389,1.2643784892595387,,0
9.372714,0.7269648058545956,,0
9.655411,0.08893002086177466,,0
7.429521,0.8935159942304499,,0
7.446585,1.8062131042568164,,0
9.002332,0.45082480175392015,,0
8.98507,0.0057466903162225825,,0
8.6174,0.0003624291041142161,,0
9.827686,0.0008264955350367625,,0
10.17519,0.0008546730325804492,,0
8.907206,0.6448787060806314,,0
8.829665,0.04301748840284523,,0
8.965845,0.003422741546865682,,0
7.53048,0.014303253119507293,,0
10.29458,0.0008187247400824727,,1
7.662468,2.705906111822342,,0
6.495266,0.005360885940426398,4.6881300707535856e+228,0
9.094256,0.49485470073253773,,0
9.899429,0.11785565154375094,,0
7.526179,0.013561987223679914,,0
9.584108,0.0004942728635548533,,0
10.50941,0.18195642583667604,,0
9.21164,0.00041805939208899704,,0
9.365205,0.0045144160313057395,,0
7.825645,1.770402058769472,,1
7.512071,1.4933228813285586,,0
9.169830829,0.06490016623687495,,1
9.562475,0.006634348305668442,,0
8.306719,3.266827035675105,,0
10.28288,0.0010129850579829482,,0
9.212039,0.5856580797950858,,0
9.770756,0.09908061278108092,,0
9.286746,0.005094270312830259,,0
10.08427,0.0009045242038368044,,0
7.903596,2.652294994005423,,0
7.766417,1.712758997000036,,0
9.122929,0.0058110400271908615,,0
8.257126,0.0001690480595826477,,0
9.288227,0.006705453554101824,,0
7.615791,3.069287674512029,,0
9.212837,0.6167501016344304,,1
9.104091,0.7201742781489178,,1
8.423761,0.021058046806422245,,0
9.532134,0.6797010858457861,,0
8.600063,0.002477769826823075,,0
9.62298,0.0006691896629005962,,0
9.629971,0.006645226721021162,,0
9.348362,0.005081855127567845,,0
9.488578,0.005284546545598396,,0
7.688455,1.708629739373845,,0
9.695417,0.0005915960602606201,,0
8.304742,0.026911915414468947,,0
9.234057,0.6853636800685811,,1
9.236982,0.006135698096694192,,0
7.90581,0.018762325510310603,,0
7.512071,1.4268992860786696,,0
9.268609,1.0735653608992977,,0
9.275941,0.5238980271082189,,0
8.50147,0.029923603327052687,,0
10.39001,0.21414958326912195,,0
9.527557,0.00045231462959657414,,0
9.675583,0.0007614717820508287,,0
9.400051,0.9347787187121502,,0
8.043021,0.023211474615113185,,0
9.236885,0.00464153218704248,,0
7.649693,1.4809609608919965,,0
9.649691,0.07656858225674486,,0
9.268609,0.930982519691139,,0
9.163039,0.0038282306950136263,,0
9.477998,0.8452440516012564,,0
10.09055,0.12306318123102908,,0
7.987864,2.0549974962498947,,0
9.560293,0.0066388339707033036,,0
9.837187,0.18292688854495212,,0
7.663877,0.015396574549211521,,0
10.28288,0.0007714383457830367,,0
7.485492,2.4906210860359135,,0
9.618801,0.011364911175715942,,0
10.28038,0.0010597833336673296,,0
7.390799,2.002652076307844,,0
10.08739,0.1469665109447155,,0
9.220885,0.005503843616781496,,0
9.620461,0.007991147319243254,,0
9.297802,0.6423878193059631,,0
8.521185,0.0225598167421706,,0
9.300821,0.0005709566364559169,,0
9.063695,0.003557459373702693,,0
9.644458,0.006777820596423782,,0
9.167224,0.0029501395372051537,,0
10.34142,0.0009659813385549019,,0
9.549808,0.00048250989841813036,,0
9.204422898,0.05927764076406289,,0
9.160415,0.8042679780257105,,0
9.024854,0.4770192061331346,,0
9.240482,0.0003150531129675144,,0
7.680637,0.011600505719837574,,1
9.450774,0.005814709376813502,,0
7.987864,2.153888104423111,,0
9.453992,0.006993371845536363,,0
9.284427,0.905543676098617,,0
9.421573,0.008089051983495698,,0
9.094256,0.05729791213404032,,0
8.426612,0.00015675515746684483,,0
9.418086,0.004971466632195039,,0
9.414097,1.1357841730074434,,0
7.844241,0.02535775044150427,,0
10.14843,0.000672985628290917,,0
10.12659,0.0007852859188709728,,0
8.521185,0.023328372029509575,,0
8.417373,0.20615600755231375,,0
7.638198,0.01732912640534708,,0
8.498622,0.0002418630204398687,,0
9.957692,0.09958773337356554,,0
7.637716,0.015130490320649548,,0
7.732808,3.5295178535119835,,0
7.615791,2.798113686691846,,0
7.949091,3.3611249110967854,,0
7.707063,0.019433482274063628,,0
9.212837,0.5359623522153509,,0
7.649693,1.2391072677554718,,0
9.951897,0.0009433917764426825,,0
9.311813,0.658577255782845,,0
9.107199613,0.06693725483807057,,0
8.698014,0.0029856563557958743,,0
9.483721,0.1346251054007868,,0
9.770756,0.17130297790201715,,0
8.385032,0.000157797750327575,,1
9.629971,0.007947829008040051,,0
7.688455,1.1890940650020487,,0
9.458606,1.1414483897547896,,0
9.081484,0.05627970068431186,,0
9.29771,0.005358213134592971,,0
9.138415,0.0003620666345963206,,0
9.20140053,0.11623264809147417,,0
9.792333,0.13956268339259406,,0
9.089753,0.04772384909180134,,0
7.693026,0.014086615060581197,,0
9.893942,0.08922509421949378,,1
9.16178,0.008320851752027712,,1
7.611348,2.4108245457672117,,0
9.422221,0.004938843210925329,,0
7.615791,2.9327645389287307,,0
7.568896,0.016834487440275384,,0
9.169831,0.0496923184766776,,1
9.69935,0.005387776939908719,,0
7.628518,1.4563043484938973,,1
9.957692,0.1365292664821578,,0
7.688455,0.9846113613048068,,0
7.76811,0.018759559114397778,,0
7.955776,0.014987984301931849,,0
9.137017,0.6227170282706528,,0
9.162934,0.5586705875511419,,0
9.894497,0.1544852106838978,,0
9.305378,0.008861877524198416,,1
9.435562,2.8767494310006277e-07,,0
9.39466,0.6117524321310043,,0
9.29771,0.00041442243503293395,,0
9.163249,0.7009864284556854,,0
7.589842,1.5830117826995875,,0
7.766417,1.5687914076163012,,0
9.521422,0.0007069158893452662,,0
7.701652,2.282064909398843,,1
7.766417,1.7089950690455062,,0
9.270683,3.151813554558655e-07,,0
6.061457,0.0033131813034176015,1.3164271073092047e+147,0
7.550661,1.2435487972982437,,0
9.138415,0.0005001100970869075,,0
10.55122,0.000986121343817968,,0
9.315331,0.007480764769666601,,0
9.250522,1.260260789211164,,0
9.510963,0.0004889246048284591,,0
8.065894,2.8311205908003116,,0
9.452659,0.0005815824756771666,,0
9.542302,0.04999092172682612,,0
9.042632,0.6190976712903679,,0
8.521185,0.02334237325267424,,0
7.649216,1.8514984266665244,,0
8.930362,0.6590987351398416,,0
8.944159,0.7614510874720622,,0
9.242227,0.5327226612123347,,0
9.807362,0.08611376584781034,,0
8.240385,0.03709547367844998,,0
7.837554,0.01831172068154013,,0
10.23556,0.0006812369543151429,,0
7.446585,2.2549604769755773,,0
7.76811,0.01710213726468183,,0
7.533694,1.390928217465907,,0
9.151969,0.00573891423709605,,0
9.022443,0.4870678559203207,,0
9.463431,0.0007353578539373302,,0
7.477604,1.5538825748788072,,0
9.138415,0.00047858233657954377,,0
7.680637,0.015629320879787273,,0
9.527557,0.0004939222029390398,,0
9.181118,0.005125326016661074,,0
9.560293,0.006343535997227608,,0
9.431081,3.754244919784841e-06,,0
7.649693,1.9505105815083108,,0
9.664532,0.00046137876869035803,,0
7.571474,1.3413469743960154,,0
9.655411,0.08946520493360957,,0
9.08387,1.013073768050927,,0
10.10144,0.0008065464488832717,,0
10.38319,0.0010415841243625718,,0
9.436519,1.2170827980436933,,0
8.306719,2.594306375879939,,0
8.571681,0.0003049171787123438,,0
10.22154,0.000646165003868307,,0
8.236156,4.124294512548355,,1
9.634366,1.1891548900536304,,0
9.792333,0.07724744522060331,,0
9.215925,0.06505717465320432,,0
9.633776,0.0654975621361381,,0
9.432844,0.0005089243202697017,,0
7.949091,3.3611249110967854,,0
8.76155,0.04442955814200074,,0
9.350276,1.163948329275366,,0
8.342363,2.234097222555458,,0
9.424726,1.0996662622649944,,1
9.97138,0.181211736413943,,0
10.03907,0.10757829914426868,,0
9.60245,0.00079229390731713,,0
9.339085,0.004671944781465332,,0
9.156518,0.6342012008678092,,0
9.473704,0.004510007107240815,,1
9.559658,0.005280572521294334,,0
8.205492,0.04271015216999894,,0
9.541369,0.005471578071739691,,0
9.929837,0.0008154306671787015,,0
10.09299,0.08682619966928808,,0
7.707063,0.018583934461398024,,0
7.649693,1.785844075645769,,0
8.6174,0.00020443066679312185,,0
8.521185,0.030715588776878213,,0
9.61153,3.5665109847111115e-05,,0
9.135832,0.00041388681871506615,,0
10.28168,0.16174397437808113,,0
7.585281,2.6847424711434633,,0
9.096836,0.0038248544272868313,,0
8.17611,0.0333592708256992,,0
8.551981,0.046847692998668845,,0
8.700015,0.4465929015747858,,0
8.417373,0.20615600755231375,,0
9.024854,0.5060101632235559,,0
7.559559,0.012674652315929678,,0
9.160415,0.8354182683793429,,0
8.626227,0.00042029782894602145,,0
8.562931,0.00019352838398340307,,0
9.255313738,0.0006062289713731114,,0
7.680637,0.015629320879787273,,0
9.173053787,0.0005666890103822629,,0
7.662468,2.4690583246101956,,0
8.462103,0.026260936378032687,,0
8.347353,0.02702962943265757,,0
9.53806,0.7410679150111573,,0
9.677465,0.0010010677691183695,,0
9.147401,0.00038554330213688405,,1
8.548886,3.4141566171728623,,0
9.792333,0.13989803609500912,,0
9.358933,0.0005455911074189595,,0
9.483416,1.1123015105046157,,0
9.905935,0.11888290133946756,,0
9.07875,0.08112219098511499,,0
7.327123,0.8209302979307517,,0
9.534595,0.006489603800819339,,0
9.241257,0.575591347077746,,0
8.304742,0.023548665230462434,,0
10.14002,0.0006073229160181202,,0
7.76811,0.017941266345091425,,0
10.28148,0.0008402740550023084,,0
7.688455,1.1873117609667623,,0
7.50769,1.8716660557395013,,0
8.174139,0.028505990378822423,,0
9.309914,0.00541157656358,,0
9.523617,0.07092413247116898,,0
9.094256,0.6804566967491309,,0
9.634366,1.1891548900536304,,0
10.05462,0.0007099277861153585,,0
9.549808,0.0007990323518921473,,0
8.498622,0.00026332039815610893,,0
10.29458,0.0009356560440771912,,0
8.850518,0.0005866266592505287,,0
9.078294,1.0530821798869716,,0
8.362409,0.03756407119852289,,0
9.317399,0.003983305600750322,,0
9.169831,0.0496923184766776,,0
9.258273,0.006530070031269593,,0
7.594381,1.3291538072152633,,0
9.388738,0.06188649077950583,,0
10.28038,0.0010629674574659334,,0
7.628518,1.385279547315736,,0
9.380083,2.930457654473196e-05,,0
8.430109,0.01843187452646192,,0
9.300821,0.0005709566364559169,,0
8.311643949,0.016148684222939347,,0
9.380083,3.0302908557091932e-05,,0
9.490091,0.05996796398269568,,0
8.17611,0.018479014179192448,,0
9.450616,0.08310271309272968,,0
7.649693,1.785844075645769,,0
7.688455,2.233325493346715,,0
9.39466,0.05931295087393048,,0
9.351927,0.006636315342498386,,0
8.362409,0.03756407119852289,,0
8.306719,3.266827035675105,,0
10.15203,0.0014385680447948441,,0
9.209239767,0.10698962491119413,,0
9.067624,0.000470867226077901,,0
7.673223,0.02481014255813816,,0
7.90581,0.013614710968514618,,0
9.122711,0.003543372752298772,,0
9.113389,0.04480178822204118,,0
10.06603,0.26200090462536774,,0
10.22807,0.12266496289185995,,1
9.662116,0.008243913690381655,,0
10.11241,0.15162009557312492,,0
8.250881,2.661699605040755,,0
9.618801,0.011364911175715942,,0
8.240385,0.026896467516463397,,0
7.663877,0.015396574549211521,,0
9.842729,0.0008737111030475979,,0
9.705159,0.0010238358178877222,,0
7.654917,3.0845782801961383,,0
8.392763,0.02694832873579157,,0
10.28514,0.001161325156518969,,0
9.510297,0.0007102231731002288,,0
6.495266,0.00921312639116205,2.893520125305587e+228,0
9.899429,0.1356205053719788,,0
9.737551,0.0005377989302332992,,0
7.50769,1.698641770362149,,0
7.342779,0.015404978296096213,,0
9.042632,1.1670833463678645,,1
9.532134,0.8092866024621844,,0
8.418698,0.03125974451712923,,0
8.756997,0.03199672196859409,,0
9.056606,0.0002706673764613047,,0
7.786967,1.4044672662122626,,0
8.304742,0.026911915414468947,,0
9.180396,0.005601867352034485,,0
8.362409,0.035947086592225876,,0
9.160415,0.7310139329176438,,3
9.399472,0.6841116921848035,,0
8.798757,0.00027115080269189196,,0
8.825413,0.004129981662574405,,3
9.584108,0.000564018876590481,,0
8.489822,0.0003262437071445274,,0
7.693026,0.016847883827562752,,0
9.263217,0.7063278761083227,,0
10.18524,0.10733512452651002,,0
7.844241,0.016318255013820438,,0
9.954988,0.11844440025596029,,0
9.123474,1.2706924836661493,,0
9.818202,0.0947484898762731,,0
9.755741,0.10257939840434852,,0
8.520986,4.949526172194423,,0
9.655411,0.08946520493360957,,0
7.697575,1.0914647351719433,,0
9.604407,0.0005037458958819083,,0
9.6839,0.00044891987334934265,,0
9.221874,0.6747438878031001,,0
9.275847,0.004500102703266662,,0
9.073718,0.004668307230636756,,0
10.11241,0.10504386459561334,,0
7.585281,2.1545563007808686,,0
7.649693,1.9312957968718159,,0
9.629971,0.007947829008040051,,0
7.766417,1.9721129252034595,,0
10.09658,0.11801442941919547,,0
9.951897,0.0007559548512869447,,0
9.112617283,0.06113220420226315,,0
9.755741,0.19424827663088803,,0
9.436519,0.8142049578021657,,0
8.236156,2.1030632616693397,,0
7.766417,1.3653427811638146,,0
9.179056,0.005058637508734178,,0
9.350276,0.6174346522887995,,0
9.113389,0.09680978310352868,,0
9.074062,0.03441597005472082,,0
7.50769,0.7470889483170018,,0
7.50769,1.9387219612354742,,0
9.382022,3.424310417030452e-05,,0
9.204423,0.05927764704150129,,0
8.17611,0.0210233919359858,,0
8.342363,3.0858810840703703,,0
8.432724,0.025519563308885152,,0
9.951658,0.12411970918723247,,0
9.770756,0.0791570448997787,,0
8.250881,2.4265363447598123,,0
9.753246,0.0006475862254636877,,0
9.12598,0.5338109814117475,,0
10.06824,0.0006285340520126541,,0
10.28175,0.184856480135505,,0
9.266153,0.0002941825281819739,,0
9.096612,0.004153429483681055,,0
9.463431,0.0004926787095540621,,0
10.14282,0.0006085910369589257,,0
7.766417,1.712758997000036,,0
10.34003,0.0010506128991004768,,1
10.23286,0.0006798805048208453,,0
9.549808,0.000504971218925669,,0
9.668208,0.000576567468464574,,0
9.389741,0.8045818930730269,,0
10.23556,0.000711880596757272,,0
10.01476,0.0913455920357625,,0
7.663877,0.00991595476961399,,0
9.584108,0.000564018876590481,,0
7.673223,0.029540214655525195,,1
8.907071,0.8778865825148401,,0
10.19212,0.1030700544351822,,0
9.492507,0.005283974227013944,,0
9.183071945,0.040311603093020835,,0
9.638675,0.00045213439206999586,,0
8.658866,0.038929011951943204,,0
10.38319,0.0010328714621296961,,0
8.61559,0.003170491433822273,,0
9.04523,0.711594497221666,,0
7.550661,1.1353820763007765,,0
8.228177,2.9500809323578716,,0
9.143025,0.004152801647815587,,0
7.619724,2.361694436859555,,0
10.0745,0.10605794883605534,,0
9.542733,0.11405411675619091,,0
9.903438,0.0006350505169395021,,0
9.332292483,0.0005857153175031659,,0
10.1491,0.001101383871671786,,0
9.39466,0.6807721563600255,,0
8.392763,2.7248059614354374,,0
9.1072,0.044511878749150274,,0
9.234057,0.6853636800685811,,0
9.188912,0.004127223448785021,,0
10.22973,0.09874172474719019,,0
9.694432,0.005179462145163992,,1
7.74023,2.6138625662536072,,0
9.113389,0.07722691640001292,,0
9.532134,1.016024885954494,,0
7.53048,0.013679344607911911,,0
8.498622,0.00037836961474743474,,0
8.043021,0.018696694656104663,,0
8.704336,0.05560698151846836,,0
10.05989,0.0007522148753559033,,0
9.574428,0.011945568541319054,,0
9.570529,0.06150189470213689,,0
9.220885,0.006289909530739878,,0
9.596894,0.0005731571114712946,,0
7.955776,0.018648185209529943,,0
7.90581,0.015710839639176306,,0
8.853237,0.000510969148993815,,0
9.20140053,0.04911152683134388,,0
9.389741,0.8045818930730269,,0
9.752316,0.0007797953673404874,,0
8.236156,2.2882674928595534,,0
7.512071,1.7914113244873184,,0
10.39946,0.0007034008714769869,,0
9.138415,0.0004566093760398973,,0
9.541369,0.007862204757252848,,0
8.394347,4.306392901612387,,0
9.975203,0.0008838200917608434,,0
9.438909,0.0005063637612910223,,0
7.729296,0.016467029022716472,,0
9.029657,0.08104797099938899,,0
9.063695,0.0066661776588016535,,0
9.680594,4.338721436947448e-05,,0
9.375685,0.11557350877852339,,0
9.483721,0.7387753762599227,,0
9.453992,0.010048896437610687,,0
10.35313,0.0012205958118534884,,0
7.76811,0.012493436694044499,,0
8.430109,0.02027891096063599,,0
8.003363,0.018963259677359793,,0
8.489822,0.0002715495615894312,,0
9.245804,0.005156385785302437,,0
9.849559,0.0007639408787982639,,0
10.12659,0.0007514824678114322,,0
8.807921,0.003600901639292089,,0
9.204423,0.05927764704150129,,0
9.510963,0.0004903935810054764,,0
8.17611,0.0210233919359858,,0
10.22807,0.12266496289185995,,0
7.784889,0.019943520688757543,,0
10.17519,0.0009397547883368062,,0
7.786967,2.63414344523956,,0
7.448334,0.02252491038891536,,0
7.841493,0.03040591978102853,,0
9.490091,0.05996796398269568,,0
9.61153,6.101824365038365e-05,,0
9.332292483,0.00035721357965332013,,0
9.924564,0.0005936580540330133,,0
9.435242,0.008602599214563812,,0
9.188912,0.0066865957789494284,,0
9.957739,0.0008234602332209373,,0
9.532134,0.8092866024621844,,0
7.90581,0.015710839639176306,,0
9.019664,0.003895242158526469,,0
9.51731,0.0004299841141351829,,0
9.173054,0.0005666891097943535,,0
8.304742,0.018926615155304752,,0
9.381264,0.053741823078146386,,0
7.429521,1.5974505562826233,,0
9.080232,0.005164034877734675,,0
8.95157,0.38902392173484623,,0
10.14002,0.0012390009352295128,,0
9.510963,0.0004903935810054764,,0
9.884407,0.12714756190500498,,0
8.638348,0.2640847450867071,,0
10.07874,0.001185316350490075,,0
9.07875,0.06471264019560649,,0
9.489713,0.00569195908484368,,0
10.38319,0.0009127828680027758,,0
9.600895,0.004988092717929903,,0
9.983915,0.14630182321237337,,0
9.072571,0.04893291808153096,,0
8.131825,0.027409898662345826,,0
7.949091,1.6303190191085624,,0
10.28288,0.0008411388554344731,,0
9.122055,0.5353018886782807,,0
9.499047,0.08313158198537449,,0
9.344784,0.00531899435880064,,0
8.693497,0.38706214769300595,,0
7.987864,2.450457224960216,,2
10.28514,0.0008496436347981857,,0
8.462103,0.026339837479643385,,0
8.47658,0.03955121586439988,,0
8.043021,0.023211474615113185,,0
9.713839,0.006270211169553805,,0
8.659734,0.05656550208798128,,0
8.306719,2.978200289430567,,0
8.807921,0.004944047211998657,,0
9.229162126,0.0004920009165645968,,0
9.2534,0.04671412642292145,,0
7.390799,1.2782249277859903,,0
10.04151,0.0006447135811881165,,0
7.903596,2.1994895279258584,,0
8.700015,5.3036335754484005,,0
7.53048,0.014175101389240984,,0
7.327123,1.1831530225251357,,0
8.92079,0.4725884798180495,,0
7.306531,1.5064989735709644,,0
9.246286,0.00045390368311037964,,1
7.645398,0.0201823168885596,,0
7.568896,0.023148491260399015,,0
7.825645,1.838971913196238,,0
10.0202,0.0008632947571967426,,0
9.520395,0.9286920129881138,,0
9.549808,0.0006974992479066082,,1
10.28148,0.0007046689334565002,,0
8.246434,4.164986008064829,,0
7.987864,3.8797651737628893,,0
7.78904,0.020054059587832348,,0
9.655411,0.11684517618255486,,0
8.462103,0.026339837479643385,,0
9.018695,0.5519364270808136,,0
8.53149,0.0002716823034985293,,0
10.12659,0.0007876453139506565,,0
7.766417,1.7282434032816971,,0
9.575886,0.00043035211785331316,,0
9.49296,0.07607342962245779,,0
9.501741,0.08749962601079984,,0
8.347353,0.02702962943265757,,0
10.57743,0.0008368317759012688,,0
9.884407,0.111759396697095,,0
9.138415,0.0004162675773857472,,0
9.414097,0.9482124615284265,,0
9.5261,0.007767647269083304,,0
7.585281,2.6847424711434633,,0
7.601902,0.010731710416667045,,0
9.256651,0.5883390668045692,,0
8.875986,0.00023245511436960372,,0
10.60574,0.000982614025366612,,0
7.645398,0.013440960784246062,,0
9.350276,0.6712040819126529,,0
9.595331,0.0005733115806660678,,0
10.05462,0.0006511000097164222,,0
9.453992,0.006423497949512435,,0
7.457609,0.013230485487018473,,0
8.309677,0.02518521767401528,,0
9.563389,1.2063275823868775,,0
8.822027,0.509707295499344,,0
9.269175158,0.06338480805097757,,0
7.649693,1.184938856035219,,0
9.42311,0.004991537197435158,,0
7.363914,0.017305165547457386,,0
9.649885,0.009678487127987124,,0
7.955776,0.017026123372430552,,0
9.488578,1.118100805281204,,0
9.072571,0.03729839668479384,,0
7.533694,1.6811386078594805,,0
9.39881,0.780120293954626,,0
8.950533,1.0583154474531906,,0
9.510297,0.0004886660094965774,,0
9.675583,0.0005081888426008443,,0
9.957739,0.0007593138970454512,,0
10.26085,0.0007943735402117765,,0
9.250522,1.260260789211164,,0
9.1072,0.058396507895343286,,0
8.665786,0.036291208240126875,,0
9.477998,1.164009051099909,,0
9.957692,0.16353695644623384,,0
9.053336,0.003511021820002919,,0
7.825645,1.6891182929399937,,0
9.334591,0.005106116360012738,,0
7.837554,0.020086367060162993,,0
7.438972,1.2325160234029882,,0
9.559658,0.00044465104361240444,,0
9.536546,0.007479360034245162,,0
10.25446,0.0009062792520135186,,0
10.22973,0.14061246064571858,,0
10.16624,0.0009243315573551279,,0
9.532134,1.016024885954494,,0
10.21116,0.261293523180785,,0
7.285507,1.0648685192329683,,0
9.289336378,0.0003735600374863685,,0
9.792333,0.16059952496844584,,0
7.724888,0.01575173265893766,,0
8.562931,0.00022269969149428677,,0
9.62298,0.0005620369089596595,,1
8.117909,0.028513122799964735,,0
9.104091,0.7201742781489178,,0
9.305378,0.006204399594102877,,0
8.767952,0.0031576347981801247,,0
7.724888,0.02715199079059654,,0
7.76811,0.021587262505656547,,0
9.317399,0.003983305600750322,,0
9.755741,0.11235203565034274,,0
9.31551087,0.0006271816327280778,,0
7.732808,2.590008807304173,,0
6.359574,0.001953584665676997,2.7321438312110694e+198,0
6.694562,0.0070178230829465995,6.097165887821148e+279,0
7.594381,1.0390870640100007,,0
9.350276,0.6712040819126529,,0
7.383368,0.7017761979671695,,0
9.138414632,0.0005001099449371627,,0
9.61153,3.57722658302602e-05,,0
8.587279,6.146307674376591,,0
9.473704,0.004523557443904783,,0
9.269741,0.005486387089801598,,0
10.55122,0.0011758886208162894,,0
9.563389,1.2063275823868775,,0
9.389741,0.9194932977510946,,0
9.996887,0.0006559328825442816,,0
10.10704,0.205881756456299,,1
9.905935,0.10386988252793176,,0
8.382518288,0.019286018954058536,,0
9.07875,0.03754185893316629,,0
8.609408,0.003319996538431684,,0
5.298317,0.07563801311109472,2.1213100848895837e+66,0
8.875986,0.0002892227492597588,,0
7.707063,0.016115756674707334,,0
9.414097,0.6286524703743034,,0
9.284427,0.8305062963272271,,0
8.658866,0.044488902728308605,,0
8.767329,0.0030200894167715085,,0
7.65681,0.0168217943521071,,0
9.655411,0.0772811273761064,,1
9.713839,0.006270211169553805,,0
9.574428,0.0057595559299408235,,0
9.138414632,0.00036206652444388337,,0
8.306719,3.266827035675105,,0
9.122711,0.004843216317563365,,0
9.053102,0.6259818337168037,,0
9.175231195,0.05448778090258811,,0
8.886824,0.4160352478167992,,0
9.620926,0.0864579189705135,,0
8.489822,0.00023997738026512852,,0
9.272564,1.0293855753976675,,0
9.498222,0.7887856986782078,,0
7.448334,0.018861481473210366,,0
9.969697,0.11592611995045414,,0
9.675206,0.0785253456291582,,0
7.697575,1.5147048293911296,,0
10.10908,0.09531914117334922,,0
7.766417,1.7282434032816971,,0
7.404279,0.022560573330358446,,0
9.381264,0.053741823078146386,,1
9.022443,0.7950487614376277,,0
9.209239767,0.04951283190151291,,0
9.563389,0.9608669670420082,,0
9.124891,0.0036179276726158068,,0
9.076123,0.005138692649165611,,0
8.067149,0.017497823944500685,,0
7.390799,0.774895064300989,,0
9.730146,0.0005116994207615868,,0
7.414573,0.01914803214437019,,0
9.173054,0.0005921801204425418,,0
8.907071,0.5578094453115434,,1
8.122074,1.7564635809950315,,0
9.072571442,0.03729841404960523,,0
9.094256,1.0709101631020186,,0
8.907206,0.7724461105428528,,2
8.638348,0.4749787450412291,,0
7.649693,1.1254592504442875,,0
7.390799,0.774895064300989,,0
9.03884,0.00520854569421922,,0
9.61153,0.007530169990921686,,0
9.560293,0.009033467949325531,,0
9.204423,0.056302125521189066,,0
9.536546,0.06892198860550353,,0
10.50197,0.0009453287952853066,,0
8.237479,5.684993063251128,,0
7.786967,2.760351594498874,,0
8.789355,0.3939719585718553,,0
9.499047,0.08687103630867808,,0
10.28038,0.0009690534438797172,,0
9.490091,0.05519710388234088,,0
8.290293,0.03219184967910253,,0
9.677465,0.00046999519838065003,,0
9.595331,0.0005031706312542782,,0
7.688455,1.1890940650020487,,0
9.372714,0.7269648058545956,,0
9.719204,0.005488096582865506,,0
10.097,0.0939539168272333,,0
9.614672,0.006565882362391139,,0
9.173054,0.00042872292427684314,,0
8.246434,4.164986008064829,,0
8.608313,0.029934234689264802,,0
9.236008,0.00044943105749683577,,0
9.240482,0.0004899195711918743,,0
9.389741,0.8045818930730269,,0
7.53048,0.014303253119507293,,0
9.826714,0.14466304671225153,,0
9.305378,0.0007462151260322594,,0
8.521185,0.026860862552135257,,0
9.276596,0.5461926928851715,,0
8.562931,0.00030257348965235733,,0
10.11241,0.218389031594869,,1
9.753246,0.0005443824056409382,,0
9.889236,0.1533335878931091,,0
10.13907,0.0005807688321862287,,0
10.16485,0.0008501712550966435,,0
9.483873,0.12896577766847236,,0
9.697447,0.009267841005144618,,0
9.07875,0.03754185893316629,,0
9.827686,0.000634345979759675,,0
8.72258,0.0034647033267262346,,0
9.315331,0.005745029399500067,,0
8.612503,0.35426170098788573,,0
7.955776,0.02030259750056792,,0
10.35727,0.0007783799957946304,,0
7.825645,1.670305715148442,,0
7.615791,2.2388123107364857,,1
8.659734,0.03594174005152041,,0
9.677465,0.00046999519838065003,,0
8.636397,4.944402949930326,,0
7.837554,0.014736705130334062,,0
9.770756,0.09005618824062175,,0
9.113389,0.0431312612964261,,0
8.250881,2.1137526353939156,,0
8.136811,4.191782191168332,,0
10.15844,0.09956172625712156,,0
9.181118,0.004505028133578526,,0
9.563389,1.2643784892595387,,0
7.533694,1.390928217465907,,0
9.39466,0.9268833095800798,,0
8.438799,0.01861424730334891,,0
7.707063,0.014165330552135137,,0
7.571474,1.2320436736274663,,0
9.566545,0.0063216186445643535,,0
7.461066,0.7039119354706022,,0
9.951897,0.0007559548512869447,,0
9.089753,0.10327870976895145,,0
10.34142,0.0012673007396874225,,0
9.534595,3.6927508466091464e-05,,0
9.436519,1.2170827980436933,,0
9.072571,0.04893291808153096,,0
8.438799,0.030613077028894452,,1
7.680637,0.0163568814681752,,0
9.634366,1.1838157152016686,,0
8.236156,3.576536871517756,,0
8.309677,0.03770366189245045,,0
10.17519,0.001121271936785491,,0
9.492507,0.00901309490307845,,0
7.90581,0.015734423582170386,,0
7.637716,0.011119629105633301,,0
9.096275,0.5265179998185495,,0
8.392763,0.02694832873579157,,0
9.113389,0.07722691640001292,,0
9.087155,0.5094336041079972,,0
9.857862,0.11280380257196261,,0
8.787983,0.3261599505938179,,0
9.309914,0.00033288455425248015,,0
9.992093,0.0008156086584251953,,0
9.276877,0.7206555600539009,,0
7.568896,0.021294090780328054,,0
9.139381,0.8221841174908611,,0
9.536762,0.9384144625219344,,0
7.623642,2.5738216839282857,,2
8.432724,0.036526767449987285,,0
9.655411,0.10153969217979801,,0
9.21164,0.00030769945427630877,,0
7.550661,1.2491573767253223,,0
9.204423,0.07741900459951358,,0
8.571681,0.0002341683250378561,,0
8.630522,0.6494387579168714,,0
8.305484018,0.015344446349666975,,0
8.122074,3.4445816446047672,,0
7.786967,1.6936027437839352,,0
8.347353,0.02702962943265757,,0
10.03907,0.10725604786544252,,0
7.623642,2.455650832280812,,1
9.694432,0.00617618778523395,,1
9.453992,0.006993371845536363,,0
8.562931,0.00028755788783624265,,0
9.212039,0.04475647547959844,,0
7.76811,0.018759559114397778,,0
9.143025,0.007758454890549371,,0
8.489822,0.00026142427703547714,,0
10.29769,0.10519160807727126,,0
9.022443,0.7950487614376277,,3
10.23556,0.0009269597974371469,,0
10.42878,0.0009835781554163427,,0
9.460943,0.005371544493864744,,0
8.827761,0.053746722035241216,,0
9.339085,0.007969130788339482,,2
9.261129,0.059705565867476426,,0
10.09055,0.14161298684127915,,0
9.480673,0.0059949779563481876,,0
10.29819,0.0009818089591152358,,0
10.2914,0.0008124170871638558,,0
9.151969,0.0004425375475731365,,0
9.770756,0.17130297790201715,,0
10.05857,0.000858795345958104,,0
9.122929,0.005611171724345012,,0
8.488794,3.2301231092793254,,0
8.602086,0.3501880934267528,,0
8.907206,0.6143484323097635,,0
9.681344,0.0004096692340932148,,0
9.675583,0.0004870433414327741,,0
7.750184,0.020148892158243066,,0
8.205492,0.021778791901437642,,0
7.390799,0.8170723276556329,,0
9.842729,0.0006659734303006568,,0
9.39466,0.5915981939500453,,0
9.143025,0.004146577114910658,,0
7.844241,0.029180025606974604,,0
9.97278,0.0006121137921608845,,0
8.552367,3.4688422617650203,,0
7.448334,0.010942144758697004,,0
10.27602,0.0010078906741132923,,0
10.20278,0.0006089135758261092,,0
8.602269,0.5763837760837205,,0
8.17611,0.024192331904704132,,0
7.550661,1.2491573767253223,,0
10.28175,0.14153962892563007,,0
9.414097,1.1357841730074434,,0
7.697575,1.8112561097935618,,0
9.300821,0.00034821261770080823,,0
6.061457,0.0032884253943442085,1.717640127543035e+147,0
7.619724,2.2537135968150914,,0
9.929837,0.0010746135630038066,,0
8.886824,0.5466288139622133,,2
8.250881,5.017665913041399,,0
9.532134,0.05723428585575661,,0
9.435242,0.006893399722487284,,0
9.022443,0.7950487614376277,,2
8.841304,0.003195885030770917,,0
9.559658,0.005280572521294334,,0
10.156,0.0009173208360748996,,0
9.537628,0.0629385869221899,,0
9.021719,0.04435105876495581,,0
8.228177,2.473990922175126,,0
9.223553,0.006347317800377098,,0
9.004914,0.002966227928877813,,0
7.732808,2.590008807304173,,0
7.680637,0.013676085091279253,,0
9.97278,0.0006121137921608845,,0
9.517752,1.0059864021126288,,0
9.566545,0.9224093398157731,,0
8.489822,0.00022704419042360319,,0
9.890149,0.0005782811360622341,,0
9.560293,0.009033467949325531,,0
9.068316,0.7619397179130303,,0
8.304742,0.023548665230462434,,0
10.09658,0.17059748625236415,,1
9.177094,0.00584146818403331,,0
8.151622,2.8272511674508984,,0
7.750184,0.016121427812644893,,0
9.024854,0.6061071311421447,,0
7.562681,0.023129839801179167,,0
9.332204,0.04639006150406236,,0
9.344784,0.00531899435880064,,0
6.476972,0.4142072384230393,2.09363998207027e+224,0
7.50769,0.9039592230202029,,0
9.268609,0.5474332307352718,,0
8.529912,0.023557691495026626,,0
8.950533,0.6724540099671962,,1
9.981837,0.0012679747676159511,,0
7.825645,1.838971913196238,,0
9.996887,0.000570012602660596,,1
9.173054,0.0005921801204425418,,0
9.220885,0.0036764465989479137,,0
9.072571,0.0560895960347568,,0
9.344434,0.009201819978944202,,0
8.228177,3.3947584328282225,,0
8.64453044,0.00027300138090074474,,0
9.555914,0.007594885797616485,,0
9.981837,0.0009723115088206033,,0
7.754053,0.019296425616883554,,0
10.09658,0.11801442941919547,,0
10.07874,0.0009089271794750795,,0
10.01284,0.09956570269506264,,0
9.601504,0.07369587708021665,,0
7.76811,0.017076503289072884,,0
9.313979,0.004331173203223343,,0
9.480138,0.01018410168045599,,0
10.05462,0.0007099277861153585,,0
9.586171,0.7775701853367087,,0
7.751045,0.018312585681445382,,0
10.22807,0.1538621020350685,,0
9.236008,0.0004696475248230489,,0
8.351138607,0.00023069912555079655,,0
8.756997,0.03199672196859409,,0
9.303557,0.0046967936062148235,,0
9.453992,0.006423497949512435,,0
9.560293,0.008260097086239744,,0
10.12803,0.12780780111618228,,0
8.444407422,0.00025959501671498866,,0
9.489713,0.006504891888130302,,0
7.680637,0.013107029557135292,,0
7.559559,0.008940612672216993,,0
9.069353,0.762772771853294,,0
8.122074,1.6608050565969916,,0
7.673223,0.02481014255813816,,0
9.345221,0.004681120688833384,,0
7.786967,3.475916067861984,,0
10.10704,0.11440010607849373,,0
9.094256,0.03810190136975872,,3
8.6174,0.00024282205237049714,,0
9.755741,0.19424827663088803,,0
8.438799,0.0352275085943481,,0
9.078294,1.0530821798869716,,1
9.638675,0.0006179944415908169,,0
9.181118,0.007068824046434681,,0
8.342363,3.526610527639664,,0
7.724888,0.01575173265893766,,0
9.537628,0.09030198479528706,,0
8.41671,0.025253049472002284,,0
10.29809,0.13002863805142822,,0
8.250881,2.4265363447598123,,0
7.825645,1.6891182929399937,,0
7.568896,0.021294090780328054,,0
9.349406,0.004490751417809369,,0
10.14282,0.0012415880317974204,,0
8.418698,0.021984356936955968,,0
9.637241,0.07631346705385617,,0
7.680637,0.01565278245288779,,0
9.946834,0.1173443811916936,,0
9.884407,0.11615764960249608,,0
7.585281,1.9730583669528516,,0
8.886824,0.5987055973140087,,0
8.438799,0.023566524968260148,,0
9.889236,0.13356868781437603,,0
9.677465,0.0005112314783019658,,0
9.61153,3.5665109847111115e-05,,0
9.570529,0.07081479745780289,,0
9.217415,0.6460076801816138,,2
7.701652,1.8852881899306746,,0
8.47658,0.03460840031281313,,0
10.07192,0.09616236220207988,,0
7.81843,0.013140308508110737,,0
9.21164,0.00030769945427630877,,0
9.792333,0.09765236182371954,,0
9.089753,0.04573808194754289,,0
8.122074,3.6020475896015114,,0
8.602269,0.31998487106505263,,0
7.425358,1.7523412928119981,,0
10.09601,0.0007698527650960173,,0
8.325064,3.496982555184056,,0
9.315961,0.005196295421123886,,0
7.623642,1.7928236425383342,,0
7.50769,1.47776228368804,,0
9.792333,0.1283054621078991,,0
8.964696,0.006135389759585463,,0
9.123474,1.2706924836661493,,1
9.537628,0.06567113216008337,,0
9.773891,0.08631466162919242,,0
8.394347,3.7852072459275847,,1
8.767329,0.005931555204916769,,0
9.241257,0.7986301456403037,,0
9.492507,0.007886705620695782,,0
8.930362,0.6590987351398416,,0
9.86204,0.0007742986363972068,,1
9.300821,0.0004358565884259885,,0
9.16178,0.006905130069148038,,0
9.581145,0.05980338586904897,,0
8.842171,0.3458939703826372,,0
8.982812,0.7911085619527075,,0
9.100302,0.0063085027392433875,,0
9.089753,0.04573808194754289,,0
9.559658,0.0055098341555641465,,0
8.95157,0.38902392173484623,,1
7.688455,1.4264541182347714,,0
7.872074,0.0313133127148755,,0
9.021477467,0.07636165971854397,,0
8.847072,0.004681840056405857,,0
9.104091,0.5185794444517724,,0
9.151969,0.004762487115958622,,0
7.729296,0.013747543322729285,,0
9.770756,0.09005618824062175,,0
9.453992,0.006993371845536363,,0
8.761393,0.004304537043565869,,0
7.76811,0.01434215986366127,,0
9.981282,0.08415423287247688,,0
8.98507,0.005262594162241433,,0
8.228177,2.5814018515202504,,0
8.17611,0.023026269572885956,,0
9.063695,0.005341714297864596,,0
8.499029221,0.0002510955458586314,,0
9.492507,0.005752752920944565,,0
9.078294,0.5586239639820123,,0
9.268609,0.8935841418717583,,0
7.494986,1.6723750931042392,,0
7.526179,0.01624151830732268,,0
9.317399,0.005222687037169184,,0
9.365205,0.004146546581653193,,0
9.453992,0.006993371845536363,,0
7.53048,0.012403603091128618,,0
10.0846,0.11675308033655028,,0
8.006368,0.029616732549109178,,0
8.964696,0.0044954852107148766,,0
9.187993,0.007344481943039761,,0
9.532134,1.064918044741553,,0
8.228177,1.8688674481175815,,0
7.365813,0.7893944531857875,,0
8.841304,0.0033346377554306383,,0
9.697447,0.010591485791838271,,0
9.180396,0.005601867352034485,,0
8.418698,0.03125974451712923,,0
9.39466,0.07804828534211311,,0
9.399886,0.004649228475947867,,0
7.50769,1.0334771319720994,,1
8.362409,0.019972334487759227,,0
7.754053,0.019325391974645938,,0
9.969697,0.1732876778551007,,0
7.473069,1.4208556630270395,,0
9.549808,0.0005802165729172134,,0
9.969697,0.1903668673550767,,0
7.429521,1.2176331775942668,,0
10.26945,0.18319310186059803,,1
9.166179,0.005536658802918757,,0
9.756089,0.08979039372184557,,0
9.566545,0.0075607870356174415,,0
8.869117,0.028910652977244652,,0
9.173054,0.00042872292427684314,,0
9.981837,0.0007756304910440571,,0
9.903438,0.0006636165846645671,,0
9.276877,0.7904965543616284,,0
9.662689,0.0005789282176203909,,0
9.849559,0.0006094094676197565,,0
8.240385,0.0368182983326665,,0
7.90581,0.01304820918304786,,0
9.317399,0.006453431646421641,,0
10.1708,0.17587931711478344,,1
9.180396,0.006699949559110022,,0
10.18524,0.25502356301561396,,0
9.072571,0.0560895960347568,,2
7.628518,1.2056296462607958,,0
8.298788,0.0002286531139236233,,0
7.285507,0.8965074601282365,,0
9.334591,0.007644138212871628,,0
9.638675,0.0004146685237955531,,0
9.680594,6.169264993236093e-05,,0
9.946834,0.1173443811916936,,0
7.642524,0.028658964889956333,,0
8.236156,2.1030632616693397,,0
7.688455,1.1873117609667623,,0
8.907071,0.44631162027052645,,0
9.618801,0.005570755274889416,,0
9.363748,0.0004007170896218015,,0
10.28148,0.0011033740635022465,,0
10.26945,0.19258561304151567,,0
9.376956,3.4095822845779456e-07,,0
8.311643949,0.015546547279789305,,0
9.536546,0.007479360034245162,,0
9.579625,0.0004748756890226583,,0
9.581145,0.0755777765685806,,0
9.372714,0.7902726924827884,,0
9.639717,0.11009067043084175,,0
9.212338,0.006289242730060776,,0
7.732808,2.371828736098002,,0
8.342363,2.9574790087044853,,0
9.138415,0.0004566093760398973,,0
10.22662,0.0010596656044203432,,0
10.25446,0.0008262087650115858,,0
7.512071,0.9525656586643952,,0
7.512071,0.8277896180387646,,0
7.688455,1.1873117609667623,,0
8.228177,1.8688674481175815,,0
8.006368,0.029616732549109178,,0
9.190546,0.5236973663010493,,0
7.50769,0.7470889483170018,,0
7.571474,1.3413469743960154,,0
9.326967,0.7282329658703727,,1
9.418086,0.004971466632195039,,0
9.501741,0.10068879467386924,,0
10.07853,0.1400931503372404,,0
10.16796,0.13250618024205538,,0
10.03924,0.09844330211093337,,0
9.62298,0.00048841600991971,,0
8.41671,0.025253049472002284,,0
10.10704,0.0994149004354088,,0
9.375177,0.06146014826802976,,0
9.463431,0.004925875266155276,,0
9.870241,0.0006514739881814911,,0
7.400621,1.8490346587235176,,0
10.22154,0.0006174233276921498,,0
9.332292483,0.0003906585345392213,,0
9.792333,0.13956268339259406,,0
8.744488,0.003233542951124922,,0
7.619724,1.0896748436193642,,0
9.996887,0.000570012602660596,,0
9.444384,0.1076918175795071,,0
9.503607,0.9956651850769266,,0
9.375177,0.13877986450351287,,0
7.512071,0.991539749681012,,0
9.029058,0.005135207232463419,,0
9.396322,0.0055663318178944,,0
9.975203,0.0008838200917608434,,0
8.462103,0.04492895777613375,,0
9.579625,0.0005662598447185789,,0
7.751045,0.018450446405550082,,0
10.09349,0.000771404837726886,,0
7.724888,0.013189886600557595,,0
8.290293,0.03374098616165112,,0
10.18829,0.0013028888131337586,,0
10.09394,0.20334577469710863,,0
9.122055,0.5889438603752727,,0
9.349406,0.005595820844584537,,0
8.839132,0.0030710141558944653,,0
9.86204,0.0007742986363972068,,0
8.240385,0.03539232394425456,,0
9.07875,0.08112219098511499,,0
9.594718,0.005664345754416181,,0
9.555914,0.009152024388056849,,0
8.136811,1.765839098723239,,0
7.594381,0.015827117255632562,,0
8.325064,2.5203567767054116,,0
9.335827,0.0062133146186984685,,0
9.905935,0.11291541361032267,,0
10.13974,0.08931506007281706,,0
8.371242136,0.00018667689332543922,,0
9.548525,0.004848025431095038,,1
7.751045,0.018312585681445382,,0
9.639327,0.00045236550423559087,,0
8.488794,3.054207813567571,,0
8.571681,0.0002450690958171341,,0
7.688455,1.2878726225820873,,0
9.204423,0.07408642283512874,,0
7.707063,0.016297267713891984,,0
8.927447,0.9455374895517336,,0
9.560293,0.0060795844174318485,,0
9.042158,1.0608885730846223,,0
8.498622,0.0002418630204398687,,0
10.04151,0.0011526352919948898,,1
9.103312,0.501536060711431,,0
8.489822,0.0002715495615894312,,0
9.389741,0.8045818930730269,,0
9.173053787,0.0005921800165586612,,0
7.707063,0.022409779958066863,,0
9.195734,0.04633079657937833,,0
8.423761,0.0361574407814617,,0
10.29769,0.10519160807727126,,0
8.741456,0.3516579413042921,,0
8.240385,0.02945886722172342,,0
9.697447,6.571358847150346e-05,,0
9.273315,0.6850496518496675,,0
8.122074,3.462540120728214,,0
8.562931,0.0002431854178911054,,0
10.09254,0.10308793238358317,,0
7.680637,0.01203896766024175,,0
7.682022,0.02595621026467497,,0
10.18524,0.10733512452651002,,0
8.41671,0.02877327254442961,,0
9.305378,0.00038165380624697004,,0
9.675583,0.0005847901798102773,,0
9.072571,0.035692848314913136,,0
10.07979,0.14026061009867252,,0
9.424726,0.7018796950810358,,0
8.741456,0.46692047097907796,,0
7.468513,1.5512040937231004,,0
9.633776,0.08678318855387372,,0
9.957692,0.1365292664821578,,0
8.927447,0.5452549796464558,,0
9.501741,0.05344400761392677,,0
9.335298,0.08101651337997513,,0
7.78904,0.014022057233454337,,0
9.987185,0.0010660578418297862,,0
9.072571442,0.05608962214808453,,0
9.067624,0.000470867226077901,,0
10.2023,0.0006945894209881614,,0
8.907071,0.42582029229824675,,0
9.421573,0.007396534209688911,,0
8.228177,3.126870314108194,,0
7.955776,0.022487257907139933,,0
9.130864,0.9304373233215968,,1
8.240385,0.02945886722172342,,0
7.402452,1.132047267254394,,0
7.468513,0.9854385228804994,,0
9.550449,0.0004720817349602126,,0
7.754053,0.019325391974645938,,0
8.551981,0.04910209810651156,,0
9.753246,0.0004730740600751617,,0
10.05462,0.0008859524271181236,,0
9.073718,0.004109480118220848,,0
8.189522,0.017819948641733797,,0
9.113389,0.0431312612964261,,0
9.905935,0.09910094590909191,,0
7.987864,2.0549974962498947,,0
7.955776,0.016317674304920902,,0
9.072571,0.035692848314913136,,0
9.304286,0.004333484797836232,,0
8.41671,0.03142007185039699,,0
9.992093,0.0009725628052712189,,0
7.516433,1.7990363090364474,,0
9.150272,0.004748691189815118,,0
9.501741,0.07289605477170044,,0
10.16204,0.10549502679036474,,0
9.639327,0.0005662244139789798,,0
9.167224,0.004048119571571416,,0
9.081484,0.006118150466139434,,0
9.001346,0.7786269674840016,,0
9.123147,0.08177526186825315,,0
8.529912,0.022781581257539825,,0
7.841493,0.03040591978102853,,0
10.09745,0.0007025922894843532,,0
7.642044,0.01574608547817474,,0
9.39466,0.6807721563600255,,0
9.40253,0.8914324828338919,,0
8.362409,0.02512964036155318,,0
8.136811,1.765839098723239,,0
7.844241,0.02535775044150427,,0
9.332292483,0.0008755338943256767,,0
10.0429,0.0006453881221876195,,0
7.697575,1.5730565721028145,,0
9.204423,0.07408642283512874,,0
9.596623,1.2526137171928555,,2
9.209239767,0.10698962491119413,,0
9.854822,0.1483096924410031,,0
7.649693,1.9312957968718159,,0
8.665786,0.041474364550554775,,0
9.594718,5.767631925357326e-05,,1
9.981282,0.12750444425419216,,0
9.39466,0.6736614452809481,,0
9.138415,0.0005001100970869075,,0
10.315,0.0011913218286605397,,0
9.584108,0.00047370639979670714,,0
10.09055,0.12306318123102908,,0
7.754053,0.01696105574532755,,0
9.97278,0.0006121137921608845,,0
9.1072,0.06693728202010821,,0
9.19075,0.005658257033888427,,0
10.10057,0.08607186858222564,,0
9.251962,0.5057595868053265,,0
9.517752,0.726126203530663,,0
9.594718,4.016302023949137e-05,,0
9.241257,0.7619629572911815,,0
9.905935,0.10386988252793176,,0
8.136811,1.9340688331051024,,0
8.730044,0.5306353522719218,,0
8.850518,0.0002995821296735106,,0
7.468513,2.321773803486296,,0
10.05462,0.0006511000097164222,,0
9.217415,0.7703241440291823,,0
10.08988,0.0008039288549772753,,0
9.204423,0.05927764704150129,,0
8.392763,0.02694832873579157,,0
9.445017,0.04566874211692516,,1
9.541728,0.07265822274527739,,0
9.702778,0.000572468528395319,,0
10.03924,0.08920889633965368,,0
9.236885,0.004250533584945582,,0
7.766417,1.188397212297984,,0
9.236885,0.004085910223636131,,0
9.103312,0.8658186802821992,,0
8.423761,0.025261531844370723,,1
9.269741,0.005024218651400277,,0
9.250522,0.5309001457341017,,0
9.255314,0.0005783955453395677,,0
10.39946,0.0007361448886905682,,0
9.445017,0.000464317860989243,,0
7.489971,0.01573105739082357,,0
9.884407,0.14596229234391853,,0
8.136811,2.027140111052459,,0
9.212039,0.062006308986013656,,0
9.276877,0.627762115562292,,0
8.290293,0.02679494646387328,,0
8.76155,0.05077504388966483,,0
8.043021,0.015528029596591011,,0
9.236008,0.004887726110141313,,0
8.432724,0.036526767449987285,,0
9.311813,1.291528700833441,,0
9.562475,0.007970605340183788,,0
9.173054,0.0005666891097943535,,0
9.827686,0.0007541524342326032,,0
9.276596,0.0693712024324802,,0
7.90581,0.01644219500770862,,0
8.529912,0.03101752507969631,,0
7.663877,0.015350454040916704,,0
10.12033,0.0008607259735789973,,0
7.285507,1.5989566701958542,,0
9.372714,0.8320379612293947,,0
8.6174,0.00020443066679312185,,0
9.31551087,0.0006271816327280778,,0
10.2023,0.0006646900952335306,,0
9.12913,0.46864228485575576,,0
9.209239767,0.07468145983204902,,0
9.899429,0.11785565154375094,,0
7.594381,1.502067518267565,,0
9.426338,1.327292420859482,,0
10.59255,0.0009301210810922816,,0
9.168789,0.006576759250946511,,0
9.103312,0.8658186802821992,,0
9.480673,0.0060003758652035135,,0
9.349406,0.005109083538124983,,0
9.560293,0.009033467949325531,,0
10.16157,0.0011116487944881732,,0
8.309677,0.031382713698368446,,0
7.903596,2.1994895279258584,,0
8.006368,0.022779009829972666,,0
8.136811,4.191782191168332,,0
9.755741,0.19424827663088803,,0
9.62298,0.0004917977339189732,,0
9.966134,0.16551093024514454,,0
9.297802,0.7067607459675631,,0
7.628518,1.4563043484938973,,0
10.09658,0.17880698003476697,,0
9.300820725,0.0008534722599940662,,0
8.548886,4.299206618272418,,0
9.744023,0.0005172386647433858,,0
9.31551087,0.0004391039547659337,,0
10.10283,0.10904063379666804,,0
9.792333,0.16059952496844584,,1
8.250881,2.661699605040755,,0
9.620926,0.06253696423482986,,0
7.516433,1.0374348102600885,,0
8.498622,0.0003149366585572512,,0
7.482682,0.017765904972509985,,0
6.378426,4.9493736635746517e-05,1.859460171460962e+202,0
8.982812,0.46101713191604243,,0
10.22662,0.0008069878963318055,,0
7.949091,3.3611249110967854,,0
8.237479,2.3948722927946866,,0
10.06437,0.0006901339562548373,,0
9.483416,1.3335323203992784,,0
9.583489,0.0006487190738058386,,0
9.737551,0.0004673529504135996,,0
8.964696,0.0049090164528540784,,2
8.850518,0.0002617496735531348,,0
8.886824,0.33487923925497526,,0
9.288227,0.006397588731096133,,0
9.39466,0.8105618733651101,,0
7.503841,0.020905540814638184,,0
9.549808,0.0006974992479066082,,0
10.25446,0.0011889757292395345,,0
9.450774,0.00828039610921163,,0
7.76811,0.012493436694044499,,0
7.697575,1.4408318031501754,,0
7.50769,2.3127307590288586,,1
9.435242,0.007160389592463513,,0
7.697575,1.5098655209601055,,0
8.478868077,0.00018087220435394194,,0
9.212039,0.049612168569655744,,0
10.18524,0.128954024920477,,0
9.563389,0.9608669670420082,,1
7.344719,0.7696685282101158,,0
7.568896,0.023148491260399015,,0
9.258273,0.004558153775616262,,0
9.755741,0.08975979135500352,,0
7.559559,0.012674652315929678,,0
8.432289,0.5201162668107637,,0
8.488794,3.054207813567571,,0
9.234057,0.6015138838434312,,0
7.732808,1.9594450124040055,,0
9.490091,0.08655763442619695,,0
7.800163,0.015567922559104401,,1
8.700015,0.4465929015747858,,0
9.975203,0.0011029608514351711,,0
8.6174,0.0002794235917122981,,0
7.52564,0.015394799320386985,,0
7.949091,2.062204823102426,,0
9.473704,0.007716020326707999,,0
9.389741,0.5824962542827108,,0
8.761863,0.06317711368228275,,0
9.212837,0.5826367490469021,,0
10.08427,0.0006946506545257176,,0
9.321882,5.622724458417276e-05,,0
9.453992,0.008052340715473085,,0
9.381854,0.09291568912651678,,0
9.842729,0.0006629832827421873,,0
7.987864,2.0549974962498947,,0
9.458606,1.1414483897547896,,0
9.143025,0.00543186861275699,,0
8.236156,2.1030632616693397,,0
7.766417,1.9721129252034595,,0
7.844241,0.013532367665754564,,0
8.551981,0.03899376514143496,,0
6.378426,3.783921992788343e-05,1.719762526324295e+202,0
8.6174,0.00018564363225610905,,0
7.562681,0.020100075076359223,,0
9.151969,0.0003363072962336069,,0
8.950533,0.4686863223819685,,0
9.634627,0.008068363314761507,,0
10.28288,0.0010496969200110172,,0
10.44973,0.0009986043396241703,,1
7.766417,1.6354295946250132,,0
9.318836,0.00033530225899886315,,0
7.50769,0.9458502440147732,,0
9.269741,0.004409538121395602,,0
7.750184,0.01679950307565106,,0
8.290293,0.02446426068411402,,0
7.903596,1.8347813162141717,,0
8.471568,0.00265681512101934,,0
8.065894,3.220937936475759,,0
8.488794,3.2301231092793254,,0
8.418698,0.03561728850441612,,0
9.634366,1.1838157152016686,,0
8.438799,0.03230840042699546,,0
9.42311,0.008086887460543089,,0
7.729296,0.015012154015488346,,0
8.41671,0.02877327254442961,,0
7.987864,2.237310846189741,,0
10.12659,0.0007852859188709728,,0
9.195734,0.06399512399495262,,0
10.35313,0.0012205958118534884,,0
7.585281,2.1545563007808686,,0
9.07875,0.03754185893316629,,0
9.204423,0.05102074363232946,,0
8.250881,2.1137526353939156,,0
7.688455,1.4264541182347714,,0
9.208939391,0.00030701858626732,,0
9.889236,0.1533335878931091,,0
7.90581,0.013028651541171705,,0
7.594381,0.012720625750275619,,0
7.619724,1.0913105823821567,,0
9.957692,0.09958773337356554,,0
10.10769,0.0006195134668043499,,0
9.081256219,0.00045642556217383564,,0
9.483416,0.6814252636263233,,0
10.18524,0.22161816972866116,,0
7.623642,2.966230132549044,,0
9.069583,0.03941721000231544,,0
9.957739,0.0007593138970454512,,0
8.17611,0.028995357167841344,,0
8.065894,2.2281521323563105,,0
10.39946,0.0007361448886905682,,0
10.11062,0.000930874180088,,0
8.177235,2.1365327843237507,,1
9.644458,0.0007789219772683762,,0
9.089753,0.5182362678990816,,0
7.448334,0.013047829853535278,,0
9.42311,0.00621051558787869,,0
7.400621,1.9380139213592027,,0
8.750208,0.3939097984274384,,0
9.548882,0.007173642590659693,,0
10.07874,0.0006629933635319167,,0
7.637716,0.01721380941158815,,0
9.600895,0.00521246887478431,,0
8.17611,0.023026269572885956,,0
10.00969,0.0006577519144604451,,0
7.526179,0.025522765591901652,,0
9.594718,5.012133058810827e-05,,0
9.247154,0.7967922703995706,,0
7.512071,1.3593460773330996,,0
9.884407,0.14596229234391853,,0
10.28175,0.16287446341027095,,0
9.59281,0.007107061635784994,,0
8.627302,4.253691562393673,,0
9.62298,0.0006691896629005962,,0
9.094256,0.05729791213404032,,0
9.424726,0.7257909420958238,,0
9.169831,0.0496923184766776,,0
9.21164,0.00041805939208899704,,0
10.23599,0.09775395777105263,,0
10.05264,0.0009732834589909131,,0
8.432724,0.02217677004396475,,0
7.76811,0.013757765687204753,,0
7.766417,1.8606120985732393,,1
8.489822,0.0002715495615894312,,0
8.95157,0.5850169593713416,,0
7.468513,2.5467841967745626,,0
9.208939391,0.0006880821861015889,,0
5.433722,0.0016537790183281046,4.679601386384224e+76,0
7.707063,0.022409779958066863,,0
9.29771,0.0076993087268106605,,1
8.498622,0.00037836961474743474,,0
9.510297,0.0005626620879667033,,0
9.220687,0.5403424329068806,,0
8.930362,0.6590987351398416,,0
9.634627,0.011524217038520818,,0
8.362409,0.03920279480626072,,0
9.565214,0.005589132562329004,,0
8.76155,0.032407989174461194,,0
9.209239767,0.04951283190151291,,0
9.540291,0.000726231428423068,,0
9.618801,0.011364911175715942,,0
7.628518,1.4441226268259904,,0
9.081484,0.05627970068431186,,0
7.733684,0.022642935783304237,,0
9.122929,0.003736911847982301,,1
7.637716,0.012615319824115985,,0
9.39466,0.891787323880652,,0
9.957739,0.0006598517961355872,,0
9.236885,0.004250533584945582,,0
8.602086,0.3341100467246653,,1
7.503841,0.013862872655442834,,0
9.981837,0.0009723115088206033,,1
10.09254,0.1622409111559576,,0
8.117909,0.028513122799964735,,0
8.536015,3.203141283062034,,0
10.22154,0.0007045468957391759,,0
8.698014,0.003391660441952144,,0
7.568896,0.017104295077140435,,0
9.510297,0.0006759906529529889,,0
10.28148,0.0009669319247543323,,0
8.325064,3.496982555184056,,0
10.09349,0.0010480780288450566,,0
7.837554,0.019189079270779945,,0
10.09055,0.12251064106327808,,0
9.122711,0.003390844578114458,,0
7.837554,0.019189079270779945,,0
8.043021,0.015528029596591011,,0
9.240482,0.0004096246437035913,,0
9.697447,0.009267841005144618,,0
9.893942,0.1682014427943711,,0
9.072571,0.04893291808153096,,0
8.489822,0.00022704419042360319,,0
10.09601,0.0008832420473973927,,0
10.41214,0.31479048203530474,,0
9.509259,0.0069831447076308195,,0
10.01135,0.00099185866863262,,0
10.13907,0.0006627201459788257,,0
9.966134,0.09573052723015481,,0
9.39466,0.891787323880652,,0
9.256651,1.0581775615922482,,0
9.229162126,0.0004485322473799062,,0
9.759617,0.09010116623045762,,0
9.20140053,0.0644309282140486,,0
7.90581,0.015734423582170386,,0
9.175231195,0.0624568846387688,,0
9.315331,0.006254711555919782,,0
9.072571,0.035692848314913136,,0
8.523573,0.3058051089832804,,0
9.564302,0.9646335066812305,,2
8.236156,3.4328642736151216,,0
7.588324,1.808355269612407,,0
8.95157,0.4254471941215915,,1
9.566545,0.006540339624436492,,0
9.565214,0.006368246127309693,,0
9.250522,0.6094603869397438,,1
10.00143,0.0007503884085070938,,0
9.140347,0.715852661931413,,0
8.754161,0.04587581686298767,,0
9.266153437,0.00029418263299798637,,1
9.438909,0.0005063637612910223,,0
9.123147,0.04942590975777694,,0
9.418086,0.004971466632195039,,0
9.122929,0.007002446312690539,,0
9.620461,0.009600683980148393,,1
9.16785,0.0044427268884559895,,0
10.08402,0.0007659537331576277,,0
9.896765,0.16866062953866004,,0
10.28175,0.12857080200357562,,1
9.97278,0.0006674191104815351,,0
10.12033,0.0009021458366946617,,0
9.009203,0.0035465971559957873,,0
8.886824,0.5482711626954385,,1
9.022443,1.1956000209293383,,0
8.754161,0.03486341897158389,,0
7.766417,1.4203531229658812,,0
10.09254,0.1622409111559576,,0
7.594381,1.502067518267565,,0
9.247251,0.005365653518310281,,0
7.786967,2.2890984747985788,,0
9.536546,0.14196424996109097,,0
9.905935,0.11888290133946756,,0
9.717218,0.0006017203842242606,,0
9.537628,0.14211824753516966,,1
9.489713,0.0052124734418097785,,0
10.29819,0.0013947866545819976,,0
7.786967,1.333968135700843,,0
9.302099,0.7050069265104858,,0
9.575886,0.0005386703306386495,,0
9.620461,0.009600683980148393,,0
7.628518,1.254205066179139,,0
9.173054,0.0005406709380065004,,0
8.065894,2.958471061947684,,0
8.330382,0.00021355906176283228,,0
9.024131,0.9107706887964476,,0
7.90581,0.02673974130046101,,0
9.69935,0.005387776939908719,,0
7.81843,0.011003181863931732,,0
10.07874,0.0006629933635319167,,0
10.48111,0.15409960790417496,,0
8.065894,2.8311205908003116,,0
10.10704,0.11440010607849373,,0
8.997766,0.46770166059491075,,0
8.907206,0.8397147463816236,,0
9.07875,0.05662533776122064,,2
9.266153,0.000321726053802739,,0
9.47884,0.8107618157510424,,0
9.288227,0.005325044980527473,,0
9.073718,0.004668307230636756,,0
9.951658,0.14184664320567478,,0
7.623642,3.099658149052151,,0
9.541728,0.07265822274527739,,0
7.837554,0.016769157385639947,,0
8.304742,0.032452229313500704,,0
7.482682,0.01715485406617287,,0
9.414097,0.6286524703743034,,0
7.594381,1.8112958069484857,,0
9.893942,0.10212140242142227,,0
9.618867,0.005059069028514469,,0
8.136811,2.923629978254298,,0
8.47658,0.03955121586439988,,0
8.430109,0.033300801877943646,,0
8.117909,0.02291666626662052,,0
7.429521,1.0702678626899005,,0
8.136811,4.191782191168332,,0
8.575273,0.041556342867533236,,1
8.205492,0.021778791901437642,,0
7.550661,1.5588825108790283,,0
9.057772,0.0032126880772382358,,0
9.435242,0.005498989740645267,,0
9.453992,0.006423497949512435,,0
7.825645,1.52501870054679,,0
9.276596,1.033671008514045,,0
9.498222,0.8267436512319005,,0
10.52291,0.0009596624455132692,,0
9.302099,0.8406770907834346,,1
9.153558,0.0051684954568956285,,0
10.05672,0.0007131851048825362,,0
9.436519,1.2170827980436933,,0
7.786967,1.6161682356946598,,0
8.430109,0.030313145918287022,,0
7.949091,4.2324275312810204,,0
9.911605,0.13648398375450832,,0
10.16204,0.10549502679036474,,0
7.987864,3.8797651737628893,,0
9.139381,0.8951258806806562,,0
9.445017,0.10776081378946632,,0
7.81843,0.01634929032705397,,0
9.578311,0.0007483843740643943,,0
9.179056,0.004466464606844563,,0
9.504203,0.006397974116246817,,0
8.430109,0.030313145918287022,,0
9.266153,0.0004823646767998434,,0
10.15203,0.0007051450204865669,,0
9.375177,0.13877986450351287,,0
7.512071,1.7914113244873184,,0
9.215925,0.06505717465320432,,0
9.344784,0.0040665064110852476,,0
7.825645,1.52501870054679,,0
9.015298251,0.08309071637074493,,0
9.160415,0.7343109082466144,,0
7.750184,0.017604407681543262,,0
8.423761,0.021952537976065233,,0
9.581145,0.05980338586904897,,1
7.623642,2.6936356690123144,,0
7.53048,0.014303253119507293,,0
10.27794,0.14103920793165148,,0
8.342363,3.099798840414233,,0
9.241257,0.7950443839995901,,0
8.498622,0.00026332039815610893,,0
10.28449,0.0008421343305102264,,0
9.234057,0.6304599404232841,,0
10.10704,0.1378549445938008,,0
9.492507,0.005752752920944565,,0
8.700015,0.44860709817526473,,0
9.217415,0.7703241440291823,,0
7.697575,1.0415610401200575,,0
9.021719,0.040493302149538876,,0
9.281172,1.2514831189131579,,0
7.623642,2.352060684440228,,1
8.418698,0.025048931003852373,,0
9.532134,0.6797010858457861,,0
10.16157,0.0008435334797227748,,0
8.444407422,0.00018174830468369532,,0
8.444407422,0.00025959501671498866,,0
9.781433,0.09661854465281643,,0
8.423761,0.04160759647507325,,0
9.852615,0.18551991371027085,,0
9.248888,0.5862731457278241,,0
7.844241,0.0161849924459491,,0
7.512071,1.4933228813285586,,1
7.707063,0.022409779958066863,,0
7.841493,0.03040591978102853,,0
6.60665,0.005755098008755392,7.374228499513287e+255,0
8.562931,0.00028755788783624265,,0
10.09349,0.0011462067797890895,,0
10.22973,0.12201056022900454,,0
9.987185,0.0010660578418297862,,0
8.309677,0.02518521767401528,,0
8.117909,0.02291666626662052,,0
8.426612,0.00020503589912121612,,0
9.138415,0.0004162675773857472,,0
9.147401,0.00040349073017353535,,0
9.521934,0.07439002284154114,,0
9.842729,0.0006659734303006568,,0
9.477922,0.005444803497351227,,0
9.414097,0.6916489938992366,,0
9.270683,3.151813554558655e-07,,0
9.078294,0.5586239639820123,,0
10.0846,0.1465785233227339,,0
9.601504,0.7895371247505155,,0
10.32401,0.15349643354740422,,1
8.989195,0.5850066841725972,,0
9.160415,0.7005967834712387,,0
9.389741,0.5824962542827108,,0
9.25033,0.005914655593285025,,0
9.601504,0.7895371247505155,,0
7.81843,0.013140308508110737,,0
9.534595,6.361547511679112e-05,,0
9.212039,0.7694962944263496,,1
7.903596,1.5215435312316705,,0
9.236885,0.005304441690802759,,0
9.884407,0.09712009609274082,,0
9.737551,0.0004673529504135996,,0
7.473069,1.4883368220966302,,0
9.713839,0.006270211169553805,,0
8.98507,0.004768940161800186,,1
9.581145,0.07508060571178439,,0
8.489822,0.0002715495615894312,,0
10.11241,0.13279120679730516,,0
8.636397,4.738668644906865,,0
8.392763,0.03694466608067505,,0
9.541728,0.07265822274527739,,0
8.239065,0.022332095856388002,,0
9.138415,0.0004162675773857472,,0
9.40253,0.8914324828338919,,0
8.6174,0.00024282205237049714,,0
10.39001,0.21414958326912195,,0
9.247251,0.005876833991561271,,0
7.81843,0.01800022920323373,,0
8.136811,2.332232556225877,,0
9.918475,0.0008108368968220665,,1
9.61153,6.144072541747256e-05,,0
10.59255,0.0010613689035602425,,0
9.435562,2.298279930689041e-07,,0
10.12033,0.0007816258618090955,,0
9.329811,0.05827274435214077,,0
8.521185,0.026860862552135257,,0
10.29008,0.0008116301778582243,,0
9.717218,0.0010334860274337238,,1
9.246286499,0.0003642663866791163,,0
9.581145,0.05980338586904897,,0
9.616005,0.9217450211040957,,1
7.733684,0.015757995974023387,,0
7.987864,2.450457224960216,,0
9.981837,0.0007092274190832895,,0
10.29769,0.11913812401161786,,1
7.568896,0.029263166409946004,,0
9.096836,0.004758918365716589,,0
9.173054,0.00042872292427684314,,0
10.4667,0.0010148718107129099,,0
9.024131,0.5752421898459062,,0
9.614672,0.005049993230257622,,0
8.562931,0.00028755788783624265,,0
7.750184,0.012418028241032273,,0
9.889236,0.09323431689856444,,0
7.707063,0.021385165246139357,,0
7.649693,1.1254592504442875,,0
9.983592,0.0008115974095971335,,0
8.6174,0.00018564363225610905,,0
9.350276,0.589086620584336,,0
9.089753,0.06562332874900367,,0
8.98507,0.003999318981144044,,0
8.304742,0.021564946317112508,,0
9.143025,0.0033277060819168263,,0
8.205492,0.03255518494626213,,0
8.304742,0.021564946317112508,,0
7.754053,0.01246493967684694,,0
8.290293,0.03374098616165112,,0
9.024854,0.48422842821836215,,1
9.614672,0.006283247110992652,,0
10.05462,0.0008859524271181236,,0
7.663877,0.00991595476961399,,0
9.212837,0.04305868360115117,,0
8.6174,0.0002794235917122981,,0
10.18599,0.0007504954103710398,,0
9.899429,0.11785565154375094,,0
8.325064,2.5203567767054116,,0
9.987185,0.0010263076800680786,,0
8.462103,0.026260936378032687,,0
7.532624,1.1176339969717204,,0
9.099185,1.0326072400300317,,1
9.247154,0.5258910202417544,,0
9.616005,1.0156343133370629,,0
9.153453,0.0065038542951851176,,0
9.453992,0.008364217798941085,,0
9.852615,0.09797008998225588,,0
7.825645,1.670305715148442,,0
8.489822,0.00020854287800606305,,0
10.05989,0.000820178518161966,,0
7.637716,0.0150429874803262,,0
9.305378,0.000320061745327754,,0
9.113388846,0.04480178098728242,,0
7.754053,0.019296425616883554,,0
8.122074,3.4445816446047672,,0
8.725507,0.00025531983883699005,,0
9.807362,0.14196340040349367,,0
9.107199613,0.058396484181561854,,1
8.722743,0.0003696377478041123,,0
8.304742,0.03066338098183572,,0
9.094144,0.47349743480617057,,0
9.973666,0.12094752114110645,,0
9.311813,1.0750063367080385,,0
7.76811,0.012512190911231996,,0
7.841493,0.023003291608303902,,0
10.08988,0.0008039288549772753,,0
10.42029,0.0011691639537305398,,0
9.770756,0.17130297790201715,,0
9.334591,0.008011989501357555,,0
9.166179,0.005536658802918757,,0
9.300820725,0.0005709565089168573,,0
7.585281,2.1545563007808686,,0
9.138415,0.0004566093760398973,,0
7.53048,0.012403603091128618,,0
9.20140053,0.0644309282140486,,0
7.468513,2.5467841967745626,,0
8.342363,3.526610527639664,,0
8.043021,0.02119248741968711,,0
8.665786,0.036291208240126875,,0
7.74023,3.5620244101877625,,0
9.096275,0.45754970273801066,,1
8.93142,0.5734125460877519,,0
10.60574,0.0009389069629999327,,0
9.884407,0.13366655680541306,,0
9.348362,0.00580765211120229,,0
8.432289,0.21910528694727505,,0
8.939974,0.9093713061729546,,0
9.250522,0.6685251076946359,,0
9.574428,0.8590785627975718,,0
9.957739,0.0007593138970454512,,0
9.969697,0.11592611995045414,,0
9.463431,0.004473190792724844,,0
8.41671,0.03142007185039699,,0
7.585281,1.3793119797530784,,0
7.400621,1.4816609126385238,,0
9.339085,0.0046579499498644586,,0
9.104091,0.5500962350312274,,0
9.143346,0.04615980119277688,,0
9.450616,0.10928698912039086,,0
9.179056,0.004053566780123479,,0
10.0242,0.001003020722626159,,0
9.276877,1.4901935619201052,,0
9.169831,0.0496923184766776,,0
9.600895,0.004988092717929903,,0
7.32449,1.6942637337706994,,0
9.099185,1.0326072400300317,,0
9.730146,0.00046467460378466136,,0
7.766417,1.7089950690455062,,0
9.143025,0.00543186861275699,,0
10.28459,0.14798619363693438,,0
9.680594,0.00611906629641429,,0
9.490091,0.06617551205710835,,0
9.601504,1.0938368669249938,,1
9.266153437,0.0004823648486643736,,0
9.991178,0.0009768594692149207,,0
10.18829,0.000905365963975693,,0
8.489822,0.00026126746951621717,,0
8.432724,0.021063577132130147,,0
7.448334,0.017220866638839483,,0
9.620461,4.5471675828327565e-05,,0
9.918721,0.09119186483751167,,0
7.594381,1.6636974493670451,,1
7.345365,1.197870189684212,,0
9.436519,0.8142049578021657,,0
9.581145,0.07508060571178439,,0
7.955776,0.022487257907139933,,0
9.30556,0.004953064193419588,,0
8.841304,0.0033346377554306383,,0
9.563389,1.2063275823868775,,0
9.488578,0.005588924186223179,,0
9.792333,0.1283054621078991,,0
9.69935,0.010534260584960703,,1
9.143025,0.003968083380080906,,0
9.421573,0.007396534209688911,,1
10.11083,0.08691101675727146,,0
7.550661,1.042862384571495,,0
7.395722,1.341429224536005,,0
9.414097,0.6286524703743034,,0
9.639717,0.11009067043084175,,0
7.429521,0.7437197137995286,,0
9.180396,0.005145383978431133,,0
9.177094,0.006122571369023862,,0
7.90581,0.01641755020342123,,0
9.890149,0.0005782811360622341,,0
9.159889,0.00567349383280266,,0
9.483873,0.07504193418667193,,0
8.93142,0.5734125460877519,,1
9.273597,0.0004889534254846634,,0
10.08988,0.0008388322754653955,,0
7.955776,0.018648185209529943,,0
7.76811,0.01427776514106679,,0
7.702556,0.02419093943825271,,0
9.842729,0.0008737111030475979,,0
9.089528,0.057408633618076965,,0
8.769973,0.004124993559278118,,0
8.620291,0.31099393519693364,,0
8.529912,0.023557691495026626,,0
9.97278,0.000698488140572999,,0
9.903438,0.0006965952575856051,,0
9.357898,0.005919659851065155,,1
7.87967,0.020893325792454103,,0
9.167224,0.0029501395372051537,,1
9.945493,0.08548360554561737,,0
9.289798,0.6115288699680134,,0
7.638198,0.015228804890374054,,0
7.707063,0.014165330552135137,,0
8.228177,2.5814018515202504,,1
8.237479,2.7492548381573494,,0
9.135832,0.00047299865820058505,,0
7.76811,0.011955643686804813,,0
7.414573,0.01914803214437019,,0
9.436519,0.74004583629584,,0
9.537628,0.14211824753516966,,0
9.903438,0.0006965952575856051,,0
7.562681,0.013478873721827473,,0
9.541728,0.0625375118697289,,0
7.649693,1.785844075645769,,0
7.645398,0.016075667919505234,,0
9.268609,0.5474332307352718,,0
9.173054,0.0005921801204425418,,0
8.392763,0.03694466608067505,,0
9.435562,4.2937521895574096e-07,,0
7.526179,0.026756323078978267,,0
9.899429,0.1356205053719788,,0
9.97138,0.09612660858669651,,0
7.825645,1.670305715148442,,0
9.1072,0.044511878749150274,,0
8.489822,0.00026142427703547714,,0
9.476697,0.007870213183903327,,0
7.903596,2.3312982486776503,,0
7.903596,1.9332940325369787,,0
9.160835,0.00033877650256978244,,0
9.338382,0.04467479525170249,,0
9.996887,0.0011144970105685396,,0
7.903596,1.5215435312316705,,0
7.74023,1.7184608538417512,,0
7.729296,0.011528937057146268,,0
8.462103,0.028676630598149917,,0
8.362409,0.029810123194344496,,0
9.677465,0.00044667107714822443,,0
7.949091,1.9586896679523418,,0
7.58121,1.7898908026596543,,0
10.21116,0.11073549008528856,,0
9.300820725,0.0005709565089168573,,0
9.900984,0.12978270613995535,,1
7.784889,0.019913627832971084,,0
9.175231195,0.05448778090258811,,0
9.138414632,0.00036206652444388337,,0
9.549808,0.0006090506512446473,,0
8.237479,5.684993063251128,,0
8.950533,0.6724540099671962,,0
9.018695,0.5784967168361915,,0
9.349406,0.006722902906446573,,0
9.660078,0.07452001421203935,,0
9.383032,0.918730050644528,,0
8.704336,0.03549205115392925,,0
9.527557,0.0006173141310582155,,0
10.25446,0.0008262087650115858,,0
7.550661,1.0930470177106804,,1
8.815815,0.00024257416776824112,,0
10.16084,0.0006445528589554834,,0
9.896765,0.0972600760334304,,0
9.329811,0.05827274435214077,,0
8.382518288,0.03021626715491861,,1
9.267949,0.01046943431197067,,0
10.10057,0.07599614599854673,,0
9.594718,6.571627933816453e-05,,0
9.534595,4.834470781625307e-05,,0
8.430109,0.01843187452646192,,0
10.0745,0.1212052793725136,,0
8.478868077,0.00018087220435394194,,0
9.113389,0.07722691640001292,,0
10.26945,0.21030120191485402,,0
9.40253,0.8914324828338919,,0
9.807362,0.07838787664289933,,1
8.907206,0.4668753224409869,,1
9.919115,0.095961328885302,,0
9.981837,0.0006740310886504333,,0
9.096836,0.004358031254843386,,0
10.4254,0.0008958277380446212,,0
9.332292483,0.00044712306290091636,,0
7.473069,0.9082453476033006,,0
7.76811,0.01434215986366127,,0
10.4254,0.0009411929231357255,,0
7.526179,0.01631476983202425,,0
7.754053,0.01246493967684694,,0
9.245804,0.004927027696279857,,0
9.924564,0.0008900730045905299,,0
9.274723,0.006242802634553983,,0
10.09601,0.0012163371460998764,,0
9.633776,0.1089525997155464,,0
9.138415,0.0003620666345963206,,0
8.122074,3.4445816446047672,,0
7.784889,0.01988377978285579,,0
9.250522,1.260260789211164,,0
7.844241,0.013532367665754564,,0
6.320768,0.0023237336534424518,5.822427850093743e+190,0
8.136811,2.68136498454968,,0
9.542302,0.0627614746021101,,0
9.339085,0.005086426018253832,,0
8.151622,2.8596662456510384,,0
8.418698,0.021984356936955968,,0
8.177235,3.688368874371311,,1
9.668208,0.0007935308074868538,,0
6.57647,3.751911585745726e-05,5.82510503163268e+247,0
10.22807,0.13536255346567017,,0
6.437752,0.5616194649777781,3.204961270717775e+215,0
9.315331,0.007480764769666601,,0
9.389741,0.8045818930730269,,0
7.680637,0.014978992113755574,,0
10.28459,0.12840880750457218,,0
7.568896,0.010825772198420978,,0
8.571681,0.0003049171787123438,,0
9.634366,1.3528897745174033,,0
8.489822,0.0003262437071445274,,0
9.167224,0.007914942827372371,,0
9.807362,0.11314489803021822,,0
9.432844,0.0005089243202697017,,0
9.638675,0.0004146685237955531,,0
7.724888,0.01974993833990751,,0
7.81843,0.014306078134462347,,0
10.26085,0.0011407643558338514,,0
7.707063,0.014165330552135137,,0
9.966134,0.09573052723015481,,0
9.6839,0.0008033129917516451,,0
8.228177,2.9500809323578716,,0
9.388738,0.10193159114322757,,0
10.4254,0.0008179065907495662,,0
10.25446,0.0009062792520135186,,0
9.096836,0.004972985720528405,,0
10.21116,0.09623031043294389,,0
8.571681,0.0002244246900432912,,0
9.6839,0.0005165873617232636,,0
9.770756,0.0791570448997787,,0
9.430038,0.0049698832226834164,,2
9.250522,0.6685251076946359,,0
7.533694,1.8248016690298279,,0
8.693497,3.3129200456555186,,0
10.11241,0.16531917858165676,,0
9.584108,0.0004145061120526111,,0
9.022564,0.5271744961983145,,0
9.240482,0.005818171040964005,,0
9.924564,0.0005936580540330133,,0
9.770756,0.09046235427587894,,0
8.798757,0.0002479371120605023,,0
8.136811,2.027140111052459,,0
9.536546,0.08267979580158848,,0
9.094256,0.6804566967491309,,0
9.957739,0.0006963937676666352,,1
9.246286,0.0004949145016915387,,0
9.246286,0.00045390368311037964,,0
8.043021,0.015528029596591011,,0
10.05989,0.0007522148753559033,,0
7.825645,1.670305715148442,,0
9.389741,0.5824962542827108,,0
9.015298251,0.033596872398673004,,0
9.448175,0.9815262365499098,,0
8.795885,0.00028460684540775906,,0
8.602269,0.30529353290274525,,0
9.173054,0.0005666891097943535,,0
9.393578,0.08526184092042216,,0
9.473704,0.006751729737059133,,0
9.11537,0.05884607263850518,,0
9.675583,0.0005081888426008443,,0
8.608313,0.0484970416075346,,0
9.827686,0.000634345979759675,,0
9.905935,0.11291541361032267,,0
9.247154,0.5258910202417544,,0
9.300821,0.00034821261770080823,,0
7.766417,1.7089950690455062,,0
7.601902,0.01661328952773021,,0
8.95157,0.38902392173484623,,0
9.6839,0.0006980874741380458,,0
9.167224,0.004048119571571416,,0
9.138415,0.0004566093760398973,,0
7.680637,0.016529533560839287,,0
9.581145,0.06505039513304825,,0
9.854822,0.09017954287884061,,0
9.099185,0.5477627109063913,,0
8.585973,4.6753220359483905,,0
9.234057,0.6304599404232841,,0
9.179056,0.0058159095023522685,,0
8.700015,0.5103758652246462,,0
9.365205,0.007072937197423831,,0
9.996887,0.000570012602660596,,0
9.089528,0.06531323550913506,,0
7.701652,1.8852881899306746,,0
8.17611,0.027664104862469147,,0
9.422221,0.005168751324024687,,0
9.889236,0.13356868781437603,,0
7.707063,0.017783969628254497,,0
8.562931,0.00021133069658518845,,0
9.929837,0.0008154306671787015,,0
9.002085,0.00032223224169787226,,0
9.499047,0.06651481319184561,,0
9.889236,0.13356868781437603,,0
9.983915,0.14630182321237337,,0
8.351138607,0.0002656326594277128,,0
10.42029,0.000932663249705858,,0
9.957739,0.0009475836883536585,,0
8.432724,0.02423857437622061,,0
10.05989,0.0007522148753559033,,0
8.444407422,0.00021672359560007492,,0
9.473704,0.004523557443904783,,0
9.431081,3.929008792367641e-06,,0
8.769973,0.0028724475131757955,,0
7.81843,0.011003181863931732,,0
8.136811,1.9340688331051024,,0
8.98507,0.0057466903162225825,,0
9.730146,0.0006360882959550435,,0
8.825413,0.004129981662574405,,0
9.581145,0.05980338586904897,,0
7.623642,2.96178412269123,,0
9.344434,0.006403862271640967,,0
7.724888,0.018867679320126122,,0
7.90581,0.013614710968514618,,0
9.549808,0.0005057292441308317,,0
9.842729,0.0008361012977495364,,0
9.169830829,0.049692309621201254,,0
9.855137,0.0010065336534146332,,0
9.256651,1.015669648273374,,0
9.434843,0.008607594556140961,,1
9.275941,0.7831287080879868,,0
9.042632,1.1670833463678645,,0
9.436519,1.337038169379044,,0
9.936632,0.0010711460823340413,,0
8.228177,2.5814018515202504,,0
8.48405,3.6410722058184364,,1
9.483873,0.06521223337441434,,0
9.644458,0.0059485982544930155,,1
9.173054,0.00042872292427684314,,0
9.246286,0.00036426623816048404,,0
9.542302,0.06285568745598899,,1
9.240482,0.0004899195711918743,,0
10.28038,0.00139663320260522,,0
9.702717,0.007692570446263413,,0
7.526179,0.01872895687551464,,0
9.88206,0.10654622880364167,,0
9.137017,0.6199210972064656,,0
10.21746,0.0006721884288715759,,0
9.188912,0.0066865957789494284,,0
8.136811,2.332232556225877,,0
9.1072,0.044511878749150274,,0
7.732808,1.9594450124040055,,0
8.285261134,0.018837637394488554,,0
9.001346,0.7786269674840016,,1
9.094256,0.09017607839267491,,0
10.26085,0.0006355900654101231,,0
7.90581,0.015710839639176306,,0
8.562931,0.00020193062321233342,,0
9.541369,0.005726285527802829,,0
7.751045,0.018450446405550082,,0
9.559658,0.00784624068849624,,0
9.441135,0.004394182502359746,,0
9.200997,0.0005789925650783912,,0
7.649693,1.306551436604218,,0
10.0846,0.1013988023800729,,0
9.480673,0.0047608304221713185,,0
8.56274,0.02582284985437977,,0
7.841493,0.023003291608303902,,0
9.532134,1.064918044741553,,0
9.204422898,0.07408641498945708,,0
8.006368,0.02859807736127158,,0
9.954988,0.11844440025596029,,0
9.595331,0.00048078940160196703,,0
9.680594,0.008700752524070519,,0
9.483873,0.12896577766847236,,0
9.15440474,0.0003988301896916901,,0
9.792333,0.07724744522060331,,1
10.09745,0.0008365420310685308,,0
7.786967,2.2890984747985788,,2
9.638023,0.0009706523790315055,,0
7.955776,0.018073537168295947,,0
7.955776,0.018073537168295947,,0
9.600895,0.009738173903557037,,0
9.137017,0.5941264689379605,,0
8.043021,0.024386915827115163,,0
8.117909,0.023911617541148723,,0
9.488578,1.343303040303706,,0
10.09394,0.08617739063619047,,0
9.144628,0.0003174952721455936,,0
9.584108,0.0004331515730883924,,0
9.58953,0.0006561310441416285,,0
8.394347,2.7280870244449633,,0
9.169831,0.0621064819887928,,0
6.476972,0.6247592805833625,8.451460463296986e+223,0
9.269175158,0.08278312299748185,,0
9.002332,0.06010414441720698,,0
10.28459,0.11769764236426357,,0
9.86204,0.0007742986363972068,,0
7.533694,2.3012933860123863,,1
9.451245,0.07580872260241292,,0
9.240482,0.0037414975967866703,,0
7.485492,2.268076491066379,,0
7.76811,0.01710213726468183,,0
7.732808,2.371828736098002,,0
7.585281,1.5554809796056877,,0
9.882366,0.0006230411177459338,,0
10.29157,0.0007763773347514149,,0
9.900984,0.12978270613995535,,0
10.55122,0.0013418162877451402,,0
9.001346,0.9284644295196759,,0
8.489822,0.0003008298041175736,,0
9.177094,0.006122571369023862,,0
9.242227,1.044716622839106,,0
9.181118,0.005613610727893694,,0
9.905935,0.11888290133946756,,0
9.432844,0.00048628716424330723,,0
10.17519,0.10600877978466439,,0
8.41671,0.025253049472002284,,0
8.342363,3.099798840414233,,0
9.042632,0.6190976712903679,,0
7.512071,2.2355868328254545,,0
7.512071,0.9052933525193877,,0
10.22973,0.18502808053607203,,0
8.304742,0.03066338098183572,,0
7.841493,0.03040591978102853,,0
9.297802,1.0564739725628844,,0
8.17611,0.018479014179192448,,0
7.549609,1.886149975657831,,0
7.673223,0.029540214655525195,,0
8.964696,0.0032742001381764014,,0
9.501741,0.10068879467386924,,0
9.581145,0.07519331112828244,,1
7.680637,0.016307884356186426,,0
9.350276,0.7066766714776931,,0
9.246286,0.00045390368311037964,,0
7.955776,0.014987984301931849,,0
8.304742,0.03066338098183572,,0
6.60665,0.005772389226640075,6.174520863316661e+255,0
7.688455,1.182926824585968,,0
9.615605,0.005046121803563447,,0
7.402452,1.0833171124456358,,0
9.559658,0.005766322470761909,,0
8.136811,4.628931146016776,,0
7.786967,1.333968135700843,,0
9.255983,0.005959870542111427,,0
8.612503,0.3379966243614711,,0
7.647309,0.0106365370225833,,0
9.686761,0.005351199910764606,,0
9.240482,0.0003150531129675144,,0
9.123474,0.6145051400522739,,0
9.204423,0.07408642283512874,,0
10.32401,0.16938552544272728,,0
8.964696,0.004073789334160974,,0
8.641532,0.0024773777176310516,,0
9.97278,0.0006674191104815351,,0
9.583489,0.0005949633237620252,,0
9.212837,0.5113549258315577,,0
9.594718,0.007068804697194613,,0
10.09055,0.1409771600836553,,0
9.893942,0.10212140242142227,,0
9.300821,0.0005709566364559169,,0
7.533694,1.390928217465907,,0
7.680637,0.01644544754128526,,0
8.236156,1.988528619161664,,0
8.703839,0.04020443763288602,,0
7.841493,0.03040591978102853,,0
8.246434,2.449081156882041,,0
9.957739,0.0007593138970454512,,0
8.964696,0.005091505722900594,,0
10.28148,0.0008053106427388357,,0
9.600895,0.004988092717929903,,0
9.078749952,0.036142031594008577,,0
9.113389,0.07722691640001292,,0
9.253208,4.0431274419591895e-05,,0
8.529912,0.035692920717805734,,0
10.04277,0.10229290880821225,,0
8.523573,0.3646536504814774,,0
7.473069,1.428549037022275,,0
9.541728,0.07941335607322536,,0
10.4254,0.0013503892157526191,,0
7.473069,1.0451488022021749,,0
7.568896,0.023148491260399015,,0
9.499047,0.08313158198537449,,0
9.578311,0.0006499638299164793,,0
8.612503,0.7325531575826979,,0
9.375177,0.06146014826802976,,0
9.246286,0.00045390368311037964,,0
7.697575,1.5098655209601055,,0
10.26085,0.0011407643558338514,,0
8.750208,0.8524562984992462,,0
9.147401,0.00038554330213688405,,0
9.618801,0.011364911175715942,,0
10.22339,0.0011096746412039805,,0
9.29771,0.004921584586564879,,0
9.39466,0.9305052126075862,,1
9.662116,0.011774959419709716,,1
8.122074,1.6608050565969916,,0
8.659734,0.05656550208798128,,0
9.12913,0.7707312646859074,,0
9.60245,0.0006084607564507811,,0
7.623642,1.7928236425383342,,0
9.542302,0.06285568745598899,,0
10.05989,0.0007522148753559033,,0
9.492507,0.007886705620695782,,0
9.297802,0.6423878193059631,,0
7.987864,2.450457224960216,,0
8.131825,0.03154150233857981,,0
7.701652,2.4919877747608936,,0
8.6174,0.00020443066679312185,,0
9.371779,0.6581446293786569,,0
9.649885,0.005915083421091652,,0
9.212837,0.5359623522153509,,0
10.09646,0.09872056874711349,,0
8.756997184,0.041789021431960824,,0
8.964696,0.005091505722900594,,1
8.489822,0.00031248131331764427,,0
10.14002,0.0006073229160181202,,0
10.10144,0.0005900819874744132,,0
10.4254,0.0009850063992432332,,0
9.549808,0.0005819598362234752,,2
9.181118,0.007068824046434681,,0
9.583489,0.0007770461649165275,,1
8.306719,6.158413454946606,,0
9.096275,0.7781237075557732,,2
9.60245,0.0007627515975634535,,0
10.03907,0.12924617854546053,,0
8.95157,0.9207060645753142,,0
9.97278,0.0006121137921608845,,1
7.385851,1.3910689260077578,,0
9.432844,0.000639891942549605,,0
9.483721,1.0158631441214263,,1
8.430109,0.021210184708908106,,0
9.435242,0.007160389592463513,,0
9.436519,0.8142049578021657,,0
9.211639528,0.00038341698156377826,,0
8.562931,0.00021133069658518845,,0
8.571681,0.00019502742594130855,,0
9.981837,0.0012679747676159511,,0
7.825645,1.4681552381174805,,0
10.15203,0.0007051450204865669,,0
9.542302,0.08271007524759522,,0
9.436519,0.8142049578021657,,0
7.680637,0.014978992113755574,,0
9.169831,0.06490017780248522,,0
9.992093,0.0008156086584251953,,0
10.07874,0.0006629933635319167,,0
9.266153437,0.0007210444422680682,,0
8.304742,0.03066338098183572,,0
9.936632,0.0008583264107206481,,1
9.074062,0.6691583324314743,,1
9.548525,1.0793038127525723,,0
7.76811,0.017076503289072884,,0
7.673223,0.02481014255813816,,0
9.100302,0.0063085027392433875,,0
9.534595,6.361547511679112e-05,,0
7.550661,1.2435487972982437,,0
9.957739,0.0007593138970454512,,0
9.97278,0.0006674191104815351,,0
6.495266,0.007714712721910017,3.216242643620805e+228,0
9.450616,0.08310271309272968,,0
9.684025,0.00446463138885683,,0
10.18524,0.128954024920477,,0
8.205492,0.04271015216999894,,0
9.510297,0.000489399558535059,,0
9.541728,0.10449785727154122,,0
9.180396,0.008049419667818268,,0
7.724888,0.02591055382538659,,0
7.628518,1.2056296462607958,,0
7.50769,1.0767303259782395,,0
10.1577,0.17372640162084493,,0
8.64453044,0.0002976674290539687,,0
8.769973,0.04850488227778302,,0
7.825645,1.4681552381174805,,0
9.144628,0.00029162330770511136,,0
9.132811,0.003370941919894467,,0
9.638023,0.0004330998929875879,,0
7.955776,0.017026123372430552,,0
9.986541,0.1232956286117329,,0
9.12913,0.7068650414032418,,0
7.786967,2.882500252985068,,0
9.246286,0.00045390368311037964,,0
9.380083,4.5912788732950897e-05,,0
9.842729,0.0007663582696172741,,0
8.304742,0.028396592078873698,,0
9.534595,3.6927508466091464e-05,,0
7.585281,2.801863718329553,,0
7.638198,0.01732912640534708,,0
9.559658,0.007174510410901773,,0
8.342363,2.9574790087044853,,0
8.767796,0.3489437858571866,,0
9.258273,0.004763190266387118,,0
9.844215,0.08925624725563808,,0
7.955776,0.02448226146675178,,0
9.58953,0.0005698427989100382,,0
8.33014,0.016323089896433465,,0
8.418698,0.03125974451712923,,0
5.347108,0.0010147751901264624,1.5969466949203928e+70,0
7.594381,1.320278243048857,,0
9.681344,3.8142730189854223e-06,,0
7.955776,0.018648185209529943,,0
9.274723,0.004201447974470384,,0
9.684025,0.00446463138885683,,0
7.707063,0.01841742944771427,,0
10.52291,0.0011426228031893907,,0
7.638198,0.012628910794202306,,0
10.14002,0.0006073229160181202,,0
7.680637,0.013087383750837855,,0
9.234252,1.23923733771812,,0
9.221874,0.8959039364069448,,0
9.618801,0.007614319670712942,,0
7.642524,0.02636312635549472,,0
7.649693,1.0834941848484247,,0
10.21746,0.0006721884288715759,,0
8.240385,0.026896467516463397,,0
8.612503,3.6648251617396665,,1
8.562931,0.00019352838398340307,,0
7.600902,0.012113361100614808,,0
9.094256,0.041669280789139326,,0
8.131825,0.02422303919704934,,0
9.04523,0.5608806976776359,,1
9.29771,0.006165878035424635,,0
9.542733,0.11405411675619091,,0
10.26085,0.0007313950985908448,,0
9.094256,0.45248933129143326,,0
9.618801,0.007614319670712942,,0
9.094256,0.49485470073253773,,0
9.981837,0.0006485092293141543,,0
9.009203,0.0042711734245742825,,0
7.903596,1.9332940325369787,,0
9.5261,0.006446048592466756,,0
9.770756,0.10363071775589172,,0
7.552237,0.025010183575297593,,0
9.559658,0.007174510410901773,,0
7.468513,1.5512040937231004,,0
7.76811,0.01870336477071572,,0
9.221874,0.857338817460303,,0
9.677465,0.0005874096684932653,,0
9.075665,0.0005454835953502045,,0
9.996887,0.0006817468972191993,,0
9.258273,0.008952364324851808,,0
10.23286,0.0008175540808460918,,0
9.376956,3.117682029993788e-07,,0
9.266153,0.000321726053802739,,0
9.818202,0.1794193683930299,,0
10.09349,0.0008423649200728495,,1
7.344719,1.2040665992364457,,0
7.76811,0.024537521650295033,,0
9.297802,0.7067607459675631,,0
6.60665,0.005763737133492221,7.69954538739327e+255,0
8.006368,0.022779009829972666,,0
9.372714,0.7902726924827884,,0
9.388738,0.05158866166742218,,0
7.649693,1.2391072677554718,,0
8.498622,0.0002418630204398687,,0
9.113389,0.09680978310352868,,0
9.122929,0.0058110400271908615,,0
10.35727,0.0008512576391045582,,0
10.1577,0.11483331673138313,,0
9.319733,0.004791791194689884,,0
8.228177,1.8688674481175815,,0
9.429476,0.0446197726358945,,0
10.28514,0.0006771663833638224,,0
9.180396,0.006450128143873504,,0
10.09349,0.0008423649200728495,,0
10.39001,0.1873867678305909,,0
9.42311,0.004991537197435158,,0
9.002085,0.0004208483407692176,,0
9.453992,0.006423497949512435,,1
9.958118,0.0009478561961569737,,0
9.548525,0.6837357376057863,,0
7.58121,1.5638560744677996,,0
10.09254,0.14879690708835022,,0
9.073718,0.0042750531223417826,,0
9.581145,0.09894481586715187,,0
10.08739,0.09831776608330417,,1
10.156,0.0007350637916648762,,0
8.342363,3.0858810840703703,,0
10.26945,0.21030120191485402,,0
9.022443,0.8283232261151156,,0
8.571491965,0.0003238801633600356,,0
9.089528,0.057408633618076965,,0
9.807362,0.07838787664289933,,0
9.275941,0.8208144348891366,,0
9.284427,0.8305062963272271,,0
9.241257,0.7986301456403037,,1
10.14002,0.0008301120041578768,,0
10.22807,0.12266496289185995,,0
7.512071,1.4933228813285586,,0
8.043021,0.03672092484622867,,0
9.383032,0.562838278155224,,0
8.043021,0.02119248741968711,,0
9.309914,0.0033152746369989137,,0
9.364091,0.00041848138214788913,,0
7.589842,0.0227464251762928,,0
9.074062,0.03441597005472082,,0
10.1491,0.0008395136476308676,,0
9.179056,0.0035576392041766778,,0
9.169830829,0.06210647092103628,,0
9.008224,0.005365918618880496,,0
9.477922,0.005444803497351227,,0
7.649693,2.0439642356924645,,0
8.725507,0.00035266444678434415,,0
10.10357,0.0007364595813973434,,0
7.825645,3.1889977186217924,,0
8.930362,0.7918510840809191,,0
9.896513,0.0006908480647754851,,0
8.177235,2.1365327843237507,,1
7.76811,0.012512190911231996,,2
9.194821,0.003760536250977923,,0
7.702556,0.01843918758007479,,0
7.987864,3.8797651737628893,,0
9.358933,0.00033424351283716,,0
8.290293,0.03374098616165112,,0
5.236442,0.0013167505401284973,1.4019641734087586e+62,0
9.542733,0.09117429863436141,,0
10.55649,0.0008988821222090106,,0
9.332292,0.0005857150884828462,,2
9.008224,0.0058595193955874566,,0
9.151969,0.00417982773990579,,0
8.043021,0.01786863161618472,,0
9.490091,0.08655763442619695,,0
10.28038,0.0013365136703713154,,0
8.362409,0.021744221418632508,,0
7.585281,2.822392161126247,,0
7.707063,0.01841742944771427,,0
7.90581,0.018609103509880758,,0
10.01284,0.0994164660964505,,0
9.489713,0.0045747611605272045,,0
8.886824,0.7139193401644024,,0
7.750184,0.020148892158243066,,0
7.654917,2.4459043893175183,,0
7.50769,1.0864646376078588,,0
8.521185,0.03372266972929137,,0
8.236156,3.9503136384449395,,0
9.759617,0.10250720699620669,,0
7.585281,1.3793119797530784,,0
9.076352,0.004948028994049391,,0
8.562931,0.00028755788783624265,,0
9.169831,0.06490017780248522,,0
8.965973,0.4767558049221767,,0
9.179056,0.004862716245276033,,0
8.562931,0.00028755788783624265,,0
10.1589,0.0007038844762888023,,0
8.47658,0.03460840031281313,,0
9.365205,0.004146546581653193,,0
8.930362,0.40378128152023124,,0
10.10144,0.0005900819874744132,,0
9.807362,0.07838787664289933,,0
10.02473,0.000699993382117771,,0
9.258273,0.00746270290108646,,0
9.008224,0.005365918618880496,,1
9.525808,0.00037936204753728596,,0
10.41832,0.22131291406834444,,0
9.677465,0.0004918739470290018,,0
9.581145,0.05280269754304145,,0
7.844241,0.030578110830408872,,0
9.618801,0.006083198590905174,,0
9.792333,0.1283054621078991,,0
9.334591,0.005809178155627574,,0
9.842729,0.0005576601771276189,,0
9.450616,0.05304164447656408,,0
7.766417,1.7282434032816971,,0
7.90581,0.022473815972714525,,0
8.587279,5.330001520070325,,0
9.21164,0.0005007582795805353,,0
9.250522,0.5309001457341017,,0
9.138414632,0.0004566092371244856,,0
9.969697,0.11592611995045414,,0
9.207536,0.056824282034003734,,0
7.663877,0.015350454040916704,,0
8.886824,0.7139193401644024,,0
10.0745,0.12066108098005476,,0
9.450616,0.09497154779589621,,0
10.16204,0.12560773196587455,,0
7.568896,0.02663775595155675,,0
10.29769,0.11913812401161786,,1
8.53149,0.32415444249337577,,0
9.078294,1.0530821798869716,,0
8.489822,0.0003262437071445274,,0
9.240482,0.00035897086787223964,,0
9.381264,0.12135152835022617,,0
7.468513,2.321773803486296,,0
9.536546,0.0902041346822006,,1
9.899429,0.08951091593798513,,0
9.616005,0.10752986635411933,,0
9.081256219,0.0003969957695909484,,0
8.205492,0.04271015216999894,,0
9.566545,0.8421760639507022,,0
8.246434,4.802866447344319,,0
8.989195,1.1028171971454572,,0
9.996887,0.0008546213202328998,,0
10.12583,0.0008238437294832067,,0
9.246286,0.00041504420133283326,,0
9.521934,0.1398991535492231,,0
9.595331,0.0005790155533925357,,0
7.872074,0.0313133127148755,,0
9.542733,0.10921004476891387,,0
8.927447,0.4362666058669296,,0
9.675583,0.0005604573326604496,,0
10.32193,0.0014398478224377676,,0
9.022443,0.4870678559203207,,1
8.886824,0.5482711626954385,,0
9.246286,0.00045390368311037964,,0
9.996887,0.0006233813626021429,,0
10.27602,0.0012018471987717712,,0
9.852615,0.09753021503824845,,0
7.619724,1.5681229692693242,,0
10.28038,0.0010645631050886617,,0
9.807362,0.08611376584781034,,0
9.730146,0.0005347168657024939,,0
9.138415,0.00047858233657954377,,0
7.680637,0.013087383750837855,,0
9.247154,0.5258910202417544,,0
9.566545,0.014175131046339353,,1
8.825413,0.005418250443332554,,0
10.28449,0.0010509392203924758,,0
9.248888,0.8763677422775854,,0
8.551788,0.33209769549299906,,0
9.435242,0.007160389592463513,,0
10.08402,0.0013693915106390679,,0
10.07874,0.0009089271794750795,,0
9.559658,0.005766322470761909,,0
9.208939391,0.00030701858626732,,0
9.697447,4.79330732255529e-05,,1
8.471568,0.003345539889517688,,0
8.722743,0.00040485276834339003,,0
10.23599,0.12291016058513736,,0
8.704336,0.03549205115392925,,0
9.548525,1.0793038127525723,,0
8.351138607,0.0002656326594277128,,0
9.929837,0.0008154306671787015,,0
9.317399,0.004956064744435018,,0
9.477998,0.09830996586100783,,0
9.096836,0.004358031254843386,,0
9.584108,0.0004942728635548533,,0
8.240385,0.03709547367844998,,0
7.512071,1.9638439638291745,,0
9.123474,0.6145051400522739,,1
9.581145,0.05980338586904897,,0
9.929837,0.0010283557018707,,0
9.138415,0.0005001100970869075,,0
8.663024,0.04758079499759822,,0
10.18829,0.0013028888131337586,,0
8.394347,2.7280870244449633,,0
7.786967,2.882500252985068,,0
7.750184,0.019227649228905644,,0
9.560293,0.006343535997227608,,0
9.47884,0.8107618157510367,,0
9.842729,0.0008361012977495364,,0
9.332204,0.04652944065276326,,0
9.319733,0.009411235920332854,,0
8.498622,0.0003149366585572512,,0
8.418698,0.03561728850441612,,0
9.212837,1.0103619583109518,,0
7.526179,0.015639047350890948,,0
9.122929,0.00446942408931355,,1
8.17611,0.03350972581424626,,0
9.122055,0.5353018886782807,,0
7.649693,1.619619386400018,,0
9.221874,0.9753859056885115,,0
7.872074,0.0313133127148755,,0
9.204423,0.056302125521189066,,0
8.907206,0.7724461105428528,,0
9.499047,0.06651481319184561,,0
8.626227,0.00021528518187189288,,0
7.526179,0.015639047350890948,,0
9.730146,0.0009071768221059527,,0
9.162934,0.9187922268231535,,0
9.827686,0.0009510765133546377,,0
9.372714,1.3704275716949372,,0
7.559559,0.013861346212931351,,0
8.471568,0.0024257192600756396,,1
7.429521,0.8935159942304499,,0
9.269175158,0.06020312203897207,,0
7.673223,0.02481014255813816,,0
10.1491,0.0007029759869361884,,0
8.571491965,0.00029526509537421705,,0
7.552237,0.025010183575297593,,0
9.326967,1.1958601605633763,,0
9.827686,0.0009938581746044238,,0
9.991178,0.0007114767948649978,,0
8.438799,0.021420047264021327,,0
9.180396,0.008049419667818268,,0
9.452659,0.00048626453889961095,,0
8.006368,0.019045664501263306,,1
7.90581,0.013614710968514618,,0
9.103312,0.501536060711431,,0
9.073718,0.0042750531223417826,,0
9.69935,0.010534260584960703,,0
9.541369,0.005471578071739691,,1
7.512071,0.9052933525193877,,0
9.929837,0.0008154306671787015,,0
10.28309,0.0009709850199154968,,0
7.90581,0.013614710968514618,,0
9.62298,0.0004917977339189732,,0
7.680637,0.013087383750837855,,0
9.480138,0.005451156813663542,,0
10.28148,0.0008402740550023084,,0
9.629971,0.005823484597227739,,0
9.389741,0.8082106702168642,,0
9.268609,1.0735653608992977,,0
9.702778,0.0006251288332426508,,0
7.457609,0.013230485487018473,,0
8.043021,0.02119248741968711,,0
8.756997184,0.030390609414845164,,0
9.380083,2.930457654473196e-05,,0
7.955776,0.02030259750056792,,0
9.073718,0.005113052216740427,,0
7.680637,0.01008096199095087,,0
9.099185,0.5226134993457253,,0
8.17611,0.028995357167841344,,0
8.53149,0.32415444249337577,,0
9.096612,0.004153429483681055,,0
7.400621,1.9380139213592027,,0
9.002332,0.9350301715940413,,0
8.309677,0.03770366189245045,,0
7.680637,0.01008096199095087,,0
9.204423,0.05102074363232946,,0
9.620926,0.11291753908106895,,0
7.550661,1.8813116606211682,,0
7.662468,2.064394231161941,,0
9.97278,0.0008329038423353846,,0
9.268609,0.5176195439471164,,0
8.886824,0.8989882704001617,,0
8.636397,4.944402949930326,,0
9.822169,0.07587492714973433,,0
7.32449,0.8490376656833322,,0
8.237479,2.7492548381573494,,0
10.27794,0.14103920793165148,,0
7.949091,1.9586896679523418,,0
9.424726,0.7257909420958238,,0
8.174139,0.025018467543907737,,0
9.882366,0.0006230411177459338,,0
9.929837,0.0008154306671787015,,1
10.0846,0.11675308033655028,,1
7.600902,0.013227646439709702,,0
7.766417,1.3653427811638146,,0
9.240482,0.00035897086787223964,,1
9.350276,0.7066766714776931,,0
7.704812,2.079236666806848,,0
8.99293,0.005767450407156353,,0
8.6174,0.00018564363225610905,,0
9.389741,0.9194932977510946,,0
8.562931,0.00020193062321233342,,0
9.581145,0.09870763304230777,,0
7.663877,0.00991595476961399,,0
9.792333,0.13989803609500912,,0
7.448334,0.010942144758697004,,1
6.359574,0.3022232477018092,2.4716886652335647e+198,0
9.450616,0.11905402121073919,,0
8.122074,2.1180639888834234,,0
7.825645,1.770402058769472,,0
7.619724,1.249294938691745,,0
9.263217,1.2248571983861798,,0
9.07932,0.006449221269488619,,0
9.357898,0.005203226893971708,,0
10.38381,0.12869825780145913,,2
9.072571442,0.05608962214808453,,0
9.981837,0.0007756304910440571,,0
7.784889,0.01747732476577189,,0
9.855347,0.0820075802428476,,0
7.673223,0.02717378015997263,,0
10.34161,0.0008807583683232839,,0
9.082961,0.034739869499604725,,0
7.76811,0.01870336477071572,,0
7.680637,0.014978992113755574,,0
7.385851,1.9042199756420004,,0
10.05462,0.0007099277861153585,,0
7.494986,2.1874682557419436,,1
9.842729,0.0006629832827421873,,0
9.996887,0.0006817468972191993,,0
8.825413,0.004129981662574405,,0
9.987185,0.0008187042142688135,,0
7.526179,0.022404701431963412,,0
9.008224,0.004077840609054831,,0
9.094256,0.09017607839267491,,0
9.201401,0.06443095966445982,,0
9.983592,0.000776661352988847,,0
8.298788,0.00022012731174934178,,0
9.453835,0.7474981116757713,,0
9.157889,0.7942489900164366,,0
10.4254,0.001077229921699975,,0
9.548525,0.006417775064295852,,0
10.18829,0.0009460914570711695,,0
8.205492,0.03255518494626213,,0
9.39466,0.5915981939500453,,0
9.074062,0.6691583324314743,,0
10.07874,0.001185316350490075,,0
7.754053,0.019325391974645938,,0
9.103312,0.9020550150726148,,1
7.732808,1.9594450124040055,,0
7.569412,0.01401943574490648,,0
9.639327,0.00043289295950253725,,0
10.16084,0.0007708985900234757,,0
9.889236,0.13356868781437603,,0
9.488578,0.005588924186223179,,0
9.240482,0.0004096246437035913,,0
7.955776,0.016317674304920902,,0
8.117909,0.021049239483419413,,0
7.766417,1.6439559779008028,,0
9.792333,0.16059952496844584,,0
10.2914,0.0010138536683336585,,0
9.143346,0.05048162028468472,,0
9.240482,0.0004899195711918743,,0
9.269175158,0.07921963716441847,,1
8.043021,0.015504755012498235,,0
7.457609,0.01903965050516049,,0
9.472935,0.0887673794725143,,0
10.16796,0.17462298660241074,,0
7.688455,1.416928821020795,,0
8.41671,0.02877327254442961,,0
9.276596,0.9868043875210237,,0
8.17611,0.028995357167841344,,0
9.638023,0.0004949557680670564,,0
7.786967,2.3148804874799347,,0
9.334591,0.007644138212871628,,0
9.822169,0.07587492714973433,,0
9.686761,0.0058259426701643795,,0
9.317399,0.006453431646421641,,0
9.113389,0.09680978310352868,,0
9.884407,0.0882212899672715,,0
8.306719,2.978200289430567,,0
8.562931,0.00030257348965235733,,0
9.893942,0.1682014427943711,,0
9.981837,0.0006163261177909176,,0
9.473704,0.007716020326707999,,1
9.123474,0.6740587636796974,,0
7.550661,1.968888608415021,,0
10.35727,0.0007783799957946304,,0
9.23435,0.004469921509984945,,0
7.615791,2.2421730491262286,,0
10.25446,0.0008633735808912834,,0
9.842729,0.0007629174051554975,,0
9.510297,0.000646891930558149,,0
7.485492,1.6512492316110132,,0
7.526179,0.01631476983202425,,0
10.01998,0.0006061274683035793,,0
7.628518,0.8702297327925035,,0
9.5261,0.005657416401041516,,0
7.550661,1.0930470177106804,,0
8.6174,0.00024282205237049714,,0
8.626227,0.00021528518187189288,,0
9.153558,0.004154041152110072,,0
8.347353,0.02702962943265757,,0
9.256651,0.6222260343042724,,0
7.390799,2.002652076307844,,0
9.253208,4.0431274419591895e-05,,0
9.362203,0.005415437875834161,,0
8.693497,0.42495584460966823,,0
8.423761,0.020850600695600612,,0
8.462103,0.026339837479643385,,0
9.289798,0.9581095897456046,,0
9.492507,0.00901309490307845,,0
7.90581,0.021446273421119516,,0
9.183071945,0.0904809512796291,,0
9.256651,0.6222260343042724,,0
7.471363,1.478425184431236,,0
9.918475,0.0010637619569811767,,0
7.654917,1.864354625527167,,0
9.459074,0.07264075096085036,,0
9.549808,0.0005552405456445737,,0
7.701652,1.8852881899306746,,0
9.584108,0.0004145061120526111,,0
9.889236,0.12250059179909109,,0
7.58121,1.638784181068527,,0
8.394347,3.7852072459275847,,0
9.311813,1.119997615373999,,0
10.07874,0.001185316350490075,,0
10.60574,0.00146442271611901,,2
9.073718,0.004668307230636756,,0
9.716977,0.07175016181299886,,1
10.08427,0.0006946506545257176,,0
8.423761,0.018299665082375335,,0
7.844633,0.015504990688205503,,0
9.436519,0.8142049578021657,,0
9.297802,1.1605997788667908,,0
9.268609,0.5474332307352718,,0
9.857862,0.11331256353717435,,0
7.533694,2.3012933860123863,,0
9.450616,0.08310271309272968,,0
7.647309,0.021862983664853227,,0
9.015784,0.8242285530499334,,1
8.17611,0.028995357167841344,,0
9.424161,0.055633698867347765,,0
9.096836,0.005947794082202655,,0
9.349406,0.006722902906446573,,1
8.98507,0.00458423888991758,,0
9.382022,4.869056169833918e-05,,0
7.429521,1.5974505562826233,,0
8.571681,0.00028978526828721653,,0
9.792724,0.08892518602823482,,0
10.4254,0.0008632014880723611,,0
7.707063,0.022409779958066863,,0
9.909917,0.1705587225675685,,0
9.453992,0.008364217798941085,,0
9.770756,0.17130297790201715,,0
8.290293,0.03374098616165112,,0
9.981837,0.0007092274190832895,,0
9.204423,0.07408642283512874,,0
7.732808,1.9594450124040055,,1
9.59281,0.007426754004499948,,0
8.6174,0.00017765240856715506,,0
8.311643949,0.024357469888508593,,0
10.09745,0.0007330960759323178,,0
10.28288,0.0008411388554344731,,0
7.649693,1.1824530953997308,,0
9.541728,0.07196404120960005,,0
7.402452,0.8525936132701023,,0
9.6839,0.0005585501541643751,,0
9.123474,1.2706924836661493,,0
9.450774,0.006085389939842321,,0
9.04523,0.5693573239033458,,0
8.237479,2.62302939385029,,0
7.987864,2.153888104423111,,0
7.786967,1.4044672662122626,,0
9.16178,0.004440489524511518,,0
9.162934,0.5586705875511419,,0
8.285261134,0.03551150958491136,,0
7.638198,0.020940575598859982,,0
8.41671,0.03590752629412685,,0
9.07875,0.08112219098511499,,1
9.509259,0.00557894308127587,,0
7.646354,0.012092089086782923,,0
8.347353,0.02951603428328565,,0
9.246286,0.00045390368311037964,,0
8.430109,0.033300801877943646,,0
7.53048,0.012403603091128618,,0
10.39946,0.000802656586222217,,0
9.481588,1.1567207741169918,,0
8.626227,0.00022496921632507842,,0
10.16485,0.0010122570360352164,,0
9.04523,0.8107893041739557,,0
9.173054,0.0005666891097943535,,1
8.907206,0.7724461105428528,,0
7.52564,0.015394799320386985,,0
10.38319,0.0011885603095268065,,0
10.29809,0.1302238273638922,,0
9.269741,0.007143979325451888,,0
8.205492,0.029723460437538554,,0
9.078749952,0.036142031594008577,,0
8.250881,2.315127746330348,,0
9.717218,0.0004807237877746225,,0
8.965845,0.0028703726135165305,,0
7.955776,0.017026123372430552,,0
9.536546,0.06287038744837103,,1
9.483873,0.09859761569999018,,0
9.256651,1.2202407153500643,,0
7.400621,1.9380139213592027,,0
9.009203,0.004666869928846334,,0
10.42878,0.0010293647066673087,,0
10.09394,0.23399689678386645,,0
9.004914,0.006915678552965846,,0
9.957739,0.0009475836883536585,,0
8.841304,0.003976348971388944,,0
10.16157,0.0012792120643333794,,0
7.438972,1.489674481924866,,0
9.471319,0.004501436409033166,,0
9.97278,0.0008329038423353846,,0
8.928905,0.0003832187742303449,,0
7.642524,0.03148358518775978,,0
7.766417,1.4203531229658812,,0
9.096836,0.004358031254843386,,0
9.827686,0.0007541524342326032,,0
7.81843,0.013268389690110467,,0
10.4254,0.0007167650756194489,,0
9.60245,0.0006084607564507811,,0
10.38319,0.0007590730590535376,,0
9.349406,0.005595820844584537,,0
7.512071,1.0417518410900701,,0
9.256651,0.6222260343042724,,0
9.113389,0.0675756731944492,,0
9.389741,0.5824962542827108,,0
8.964823,0.4931328597390946,,0
9.852615,0.0857265198726826,,0
9.096275,0.8972957507339159,,0
8.304742,0.018926615155304752,,0
10.4254,0.0008179065907495662,,0
7.623642,2.166887553726929,,0
9.234252,0.522043761756245,,1
9.964536,0.0904326011077026,,0
10.39001,0.13668441905007864,,0
9.981837,0.0009723115088206033,,0
9.532134,0.7028567643385254,,0
8.498622,0.0002418630204398687,,1
9.51731,0.0004486523286742623,,0
9.480138,0.00682319505670503,,0
7.784889,0.019943520688757543,,0
7.733684,0.017259244575335453,,0
9.113389,0.0431312612964261,,0
7.987864,2.153888104423111,,2
9.069583,0.06453466511169721,,0
9.62139,0.7352559572892335,,0
10.35313,0.0006800690851952543,,0
9.483416,0.7841392195938015,,0
9.975203,0.0009180515335575282,,0
7.552237,0.025010183575297593,,0
8.362409,0.021744221418632508,,0
9.510963,0.0004903935810054764,,0
9.909917,0.07228232641179133,,0
9.445017,0.10776081378946632,,0
8.205492,0.03255518494626213,,1
8.342363,3.403271650817907,,0
9.07875,0.05662533776122064,,0
8.964696,0.004916385502939209,,0
9.1072,0.058396507895343286,,0
7.433075,2.2186063171812695,,0
8.93142,0.4042386548504814,,0
10.28148,0.0008053106427388357,,0
10.16624,0.0007406815942524646,,0
9.560293,0.0066388339707033036,,0
8.423761,0.018299665082375335,,0
10.08402,0.0008376679386338143,,0
9.21164,0.00041805939208899704,,0
8.462103,0.03931407220665247,,0
9.139381,0.6568556983787283,,1
7.637716,0.01576373319850418,,0
7.512071,1.4268992860786696,,0
7.611348,2.4108245457672117,,0
9.326967,1.1958601605633763,,1
7.663877,0.01537349699987669,,0
8.841304,0.003195885030770917,,0
9.181118,0.005125326016661074,,0
8.562931,0.0002323684338546036,,0
9.258273,0.004763190266387118,,0
8.840291,0.5982449230667812,,0
9.444384,0.0947435347763468,,0
9.138415,0.0003620666345963206,,0
7.844241,0.020319569178631147,,0
7.46451,1.0754165697346774,,0
7.647309,0.021862983664853227,,0
7.526179,0.015498927410274076,,0
9.135832,0.00033265055403395417,,0
8.392763,0.04222115006725595,,0
9.371779,0.8712462942201493,,0
10.06603,0.1210674655234272,,0
8.430109,0.021210184708908106,,0
7.76811,0.02461124474459506,,0
8.423761,0.022071402326040723,,0
7.837554,0.017572608056522946,,0
9.792333,0.12157287091982111,,0
8.521185,0.0225598167421706,,0
7.81843,0.014927191629234306,,0
8.392763,0.04222115006725595,,0
7.688455,1.182926824585968,,0
8.246434,4.802866447344319,,0
7.837554,0.020086367060162993,,0
9.790095,0.10560751650696237,,1
6.60665,0.005058581318859228,1.1950657365363276e+256,0
8.663024,0.026573891557487458,,0
9.498222,0.8626376002003657,,0
8.53149,0.3412857410121299,,0
8.438799,0.03869952289070215,,0
9.488578,1.164895678194315,,0
9.620926,0.064667438744712,,0
8.205492,0.021746148202480473,,0
7.550661,2.351302019053743,,0
7.473637,1.86990116704666,,0
7.647309,0.021862983664853227,,0
9.211639528,0.00030769933516296545,,0
7.81843,0.015774338771618678,,0
9.234252,0.522043761756245,,0
9.899429,0.1286969715996703,,0
7.751045,0.01410583533923359,,0
9.39466,0.9347019215775524,,0
8.382518288,0.0199430443194798,,0
9.236008,0.005577424926581923,,0
7.688455,0.9860893865885902,,0
9.620461,0.006413045940980186,,0
10.09646,0.1186043686867362,,0
9.072571,0.03729839668479384,,0
9.414097,0.6916489938992366,,0
7.637716,0.014438697585057175,,0
8.665785595,0.023163437555127595,,0
9.167224,0.003394825871418579,,0
9.221874,0.857338817460303,,0
9.179056,0.0069873207136060995,,0
9.537628,0.09030198479528706,,2
10.28148,0.000810886500761712,,0
7.76811,0.016429909797707722,,0
10.32401,0.22122434725117182,,1
9.837668,0.08869059119047322,,0
9.268609,0.930982519691139,,0
7.688455,1.1873117609667623,,0
9.097843,0.005173020081901178,,0
9.527557,0.0003969768715211364,,0
10.2023,0.0007596219762222509,,0
8.117909,0.02291666626662052,,0
7.457609,0.013230485487018473,,0
9.649691,0.11601121173276883,,0
9.022443,0.9551834802231985,,0
8.362409,0.03406764273260442,,0
7.837554,0.01831172068154013,,0
8.700015,3.839692041772451,,0
9.677465,0.0004918739470290018,,0
7.457609,0.01903965050516049,,0
9.008224,0.004077840609054831,,0
10.28309,0.0015873338132035716,,0
7.53048,0.014303253119507293,,0
9.234057,0.6015138838434312,,0
9.536546,0.136179690192483,,0
9.35496,0.10393432661686484,,0
9.300821,0.0003808148365218497,,0
9.019664,0.005125642325762692,,0
8.304742,0.026911915414468947,,0
7.463937,1.4697238053687038,,0
9.677465,0.0004918739470290018,,0
9.414097,1.1357841730074434,,0
10.16204,0.1652837695849172,,0
10.01284,0.0699176244027687,,0
9.234057,0.7215845928743855,,0
9.480138,0.0049919561428368505,,0
10.2023,0.0007648814923216122,,0
9.211639528,0.00041805923025428713,,0
7.512071,1.3593460773330996,,0
7.729296,0.011511656615132102,,0
9.542302,0.04413889751358716,,0
9.39466,0.6736614452809481,,1
8.228177,3.5788180943929957,,0
7.404279,0.024784137705544457,,0
8.347353,0.03843366048325021,,0
7.766417,1.5687914076163012,,0
10.04429,0.0007065524570647317,,0
8.41671,0.025253049472002284,,0
7.568896,0.020285971865724294,,0
7.623642,2.966230132549044,,0
9.574428,0.011945568541319054,,0
10.08427,0.0009892123929585261,,0
8.529912,0.03101752507969631,,0
9.351927,0.004096188434377661,,0
10.25446,0.0009062792520135186,,0
9.021598,0.5802786453879646,,0
9.021477467,0.03402109366185788,,0
9.492507,0.007886705620695782,,0
7.550661,1.042862384571495,,0
7.766417,1.6492250630700762,,0
8.521185,0.030715588776878213,,0
7.646354,0.011106732370286905,,0
9.350276,1.163948329275366,,0
7.729296,0.011528937057146268,,0
8.342363,2.5708516342182226,,0
9.463431,0.0003936086953711558,,0
9.140347,0.6860663659128556,,0
7.825645,3.1889977186217924,,0
9.181118,0.005613610727893694,,0
9.349406,0.004490751417809369,,0
10.14002,0.0006346417309583299,,0
8.529912,0.022781581257539825,,0
9.435562,2.1993480750537642e-07,,0
9.807362,0.12336769431753682,,0
9.510297,0.0005626620879667033,,1
7.697575,1.5147048293911296,,0
10.29157,0.001064370323896933,,0
9.618203,0.0048795887297112366,,0
9.444384,0.045639501709314384,,0
8.741456,0.5083442855457733,,0
10.21116,0.1579288137020178,,0
8.6174,0.00017765240856715506,,0
7.552237,0.01912092117245634,,0
9.053102,0.7464445625478477,,0
9.414097,1.1357841730074434,,0
7.800163,0.019369749618191073,,0
9.302099,0.735615546975699,,0
10.48201,0.0011222157126642267,,0
10.16157,0.0010637967132055947,,1
7.628518,1.20382255744684,,0
8.520986,2.7519007347802282,,0
7.623642,2.166887553726929,,0
7.619724,1.04141393546803,,0
9.249465,0.0003948800530641912,,0
7.628518,0.8702297327925035,,0
9.770756,0.09108870293823111,,0
8.309677,0.028652973422691456,,0
8.394347,4.306392901612387,,0
8.430109,0.01843187452646192,,0
9.905935,0.11291541361032267,,0
8.325064,3.336426985494504,,0
9.884407,0.13366655680541306,,0
6.320768,0.0023237336534424518,4.594579922815355e+190,0
9.300821,0.0003808148365218497,,0
8.065894,2.3635686146059665,,0
10.41214,0.18316864413604003,,0
8.523573,0.23100699704444863,,0
7.637716,0.017217252517769597,,0
7.964156,1.8983203225210752,,0
9.909917,0.08260577978911475,,0
9.542302,0.08271007524759522,,1
9.595331,0.0005790155533925357,,0
8.394347,3.6114185306072892,,0
9.068316,0.5833967240859308,,0
5.863631,0.0024749704860728646,1.3432456882922552e+120,0
9.21164,0.0003505921243087996,,0
7.594381,0.015827117255632562,,0
10.29809,0.1191823554466414,,0
7.468513,0.9403825334806566,,0
10.24736,0.1435901067681754,,1
7.550661,1.042862384571495,,0
9.534595,0.008171900337000776,,0
9.256651,0.6222260343042724,,0
7.615791,2.2421730491262286,,0
8.065894,2.958471061947684,,0
7.401842,0.010889694203847175,,0
9.884407,0.13366655680541306,,0
10.12033,0.0008607259735789973,,0
9.208839,0.5859977726884308,,0
9.177094,0.00584146818403331,,0
7.628518,1.20382255744684,,0
8.17611,0.018479014179192448,,0
7.697575,1.5730565721028145,,0
9.418979,1.094916114131091,,0
9.615605,0.004231768490577639,,0
9.246286,0.00059281656888061,,0
7.468513,1.0390755919678283,,0
9.499047,0.06651481319184561,,0
9.396322,0.007926695788316783,,0
9.029657,0.039077279609134125,,0
9.618801,0.011364911175715942,,0
9.112838,0.9111160354588311,,0
7.512071,0.9545681484259306,,0
9.193296,0.0004149108716588501,,0
9.074062,0.06749278494268601,,1
9.094256,0.039935441413426274,,0
7.647309,0.021862983664853227,,0
9.078749952,0.05662533490024679,,0
9.756089,0.1123903405322784,,0
9.236885,0.005083726341377172,,1
10.29769,0.1495728441487355,,1
9.212837,0.6134286271379231,,0
9.639327,0.0005662244139789798,,0
9.755741,0.11235203565034274,,0
8.418698,0.027353135125710474,,0
9.481588,0.6801710848916345,,0
9.274723,0.006242802634553983,,0
8.438799,0.021420047264021327,,0
8.41671,0.03142007185039699,,0
9.143346,0.10924677512954509,,1
9.1072,0.10534662374288839,,0
8.905851,0.5330996670885457,,0
9.297802,0.6423878193059631,,0
9.053336,0.003205625105016436,,0
7.724888,0.02069620539699202,,3
10.46484,0.0011617408767893942,,3
7.81843,0.014306078134462347,,0
8.498622,0.0002634784378021539,,0
8.907071,0.3709314995398169,,0
9.614672,0.007852931509185847,,0
8.462103,0.04492895777613375,,0
9.807362,0.13019968113640143,,0
9.246286,0.00059281656888061,,0
7.414573,0.025045644753049153,,0
9.559658,0.0055098341555641465,,0
9.097843,0.0033266196659209185,,1
9.996887,0.0008546213202328998,,0
9.008224,0.0058595193955874566,,0
9.770756,0.10363071775589172,,0
7.285507,0.7790744514441045,,0
9.977992,0.0008856886960990554,,0
9.103312,1.0402075198240377,,0
9.453992,0.010048896437610687,,0
9.884407,0.0882212899672715,,0
10.09254,0.1622409111559576,,0
10.15203,0.0007051450204865669,,0
9.677465,0.00046606377381418353,,0
9.31551087,0.00048021608709757394,,0
8.641532,0.03666052741032865,,0
9.169830829,0.049692309621201254,,0
7.589842,1.1467469836478554,,0
6.320768,0.0030440084789820805,3.927045378850161e+190,0
8.250881,2.315127746330348,,0
8.17611,0.028995357167841344,,0
8.93142,0.4042386548504814,,0
9.31551087,0.0003853824369797904,,0
7.489971,0.022638159052574495,,0
9.807362,0.11314489803021822,,0
9.39466,0.891787323880652,,0
7.701652,2.4919877747608936,,0
10.12659,0.0007876453139506565,,0
9.549808,0.0005819598362234752,,0
9.1072,0.10534662374288839,,2
8.423761,0.0361574407814617,,0
9.424726,1.0491777223823386,,0
8.471777,0.018656589651277276,,0
9.792333,0.13989803609500912,,0
7.568896,0.029263166409946004,,0
8.56274,0.02582284985437977,,0
9.903438,0.0006350505169395021,,0
10.08402,0.0007003791052274845,,0
9.560293,0.0060795844174318485,,0
9.489713,0.0052124734418097785,,0
10.28038,0.0010126437497981872,,0
9.289336378,0.0004454472058897143,,0
9.065661,0.004094256678771232,,0
8.684401,0.0038500510131159425,,0
9.42311,0.005687347199659704,,0
9.21164,0.0005007582795805353,,0
7.729296,0.016467029022716472,,0
7.757051,0.01695970630349581,,0
10.45734,0.0010991126878166673,,0
9.435242,0.0006029411947513398,,0
9.209239767,0.07468145983204902,,0
9.752141,0.11152068372386377,,0
8.122074,2.1180639888834234,,0
7.844241,0.016318255013820438,,0
7.615791,3.069287674512029,,0
7.757051,0.0185754406525056,,0
10.05989,0.0007522148753559033,,0
9.389741,0.8082106702168642,,0
9.311813,0.622710569349979,,0
9.223553,0.004629886390137812,,0
9.236008,0.0005617081821354687,,0
7.642044,0.012598676809348962,,0
8.700015,0.5103758652246462,,0
8.394347,4.306392901612387,,0
9.372714,0.7902726924827884,,0
9.885934,0.13314310251626052,,0
7.680637,0.014978992113755574,,1
7.589842,0.828970445010581,,0
7.654917,2.4459043893175183,,0
7.689371,0.026222946066706217,,0
7.955776,0.018073537168295947,,0
9.270683,0.007531827037156925,,0
9.137017,0.44880666614855025,,1
10.35727,0.0007783799957946304,,0
10.156,0.0009173208360748996,,0
9.188912,0.004702549895026055,,0
8.744488,0.0028099829760571734,,0
8.228177,3.112831009820694,,0
8.489822,0.00031248131331764427,,0
10.41214,0.1524607645229995,,0
9.20140053,0.07385426574497336,,0
9.321882,4.0768161382907336e-05,,0
9.644458,0.007401299584532797,,0
9.638675,0.0003962239030562257,,0
9.300820725,0.0005709565089168573,,0
9.435242,0.007160389592463513,,0
9.42311,0.005687347199659704,,0
9.677465,0.00046999519838065003,,0
9.166179,0.007908128975344568,,0
9.29771,0.007374518036376944,,0
9.256651,0.5883390668045692,,0
10.21116,0.3004088515428128,,0
10.60574,0.0009389069629999327,,0
9.17108,0.0036877982938552235,,0
9.372714,0.6935879597576,,0
9.770756,0.09046235427587894,,0
9.521934,0.06464571553024012,,0
9.268609,0.5176195439471164,,0
9.236982,0.006430960216213317,,0
9.357898,0.007789518045834596,,0
9.448175,0.9815262365499098,,1
8.418698,0.03125974451712923,,0
9.372714,1.3704275716949372,,0
10.04603,0.09775280777739777,,0
9.288227,0.006397588731096133,,0
7.733684,0.022642935783304237,,0
9.444384,0.14910840728723887,,0
8.117909,0.023911617541148723,,0
9.300821,0.0008534724506408978,,0
9.421573,0.005680342558206735,,0
8.886824,0.7139193401644024,,0
7.81843,0.017853230840733456,,0
9.300821,0.0003808148365218497,,0
9.138415,0.00047858233657954377,,0
7.707063,0.022193455960021913,,0
7.76811,0.01710213726468183,,0
9.424726,0.8356935800132013,,0
9.069353,0.457858497103876,,0
9.473704,0.004523557443904783,,0
8.432724,0.04203259322980414,,0
10.14443,0.09825726739670536,,0
8.205492,0.04271015216999894,,0
10.34003,0.0010506128991004768,,0
9.154193,0.005703076190772349,,0
8.699181359,0.00021010108250538544,,0
9.581145,0.09870763304230777,,0
7.90581,0.022473815972714525,,0
9.234252,0.657372888016122,,0
9.510297,0.0004676308716703092,,1
9.246286,0.00059281656888061,,0
9.97278,0.0006674191104815351,,0
9.099185,0.5477627109063913,,0
9.521934,0.1398991535492231,,0
9.975483,0.07698399478545048,,0
9.096612,0.0036562366276161693,,0
10.38319,0.0009982442938270726,,0
10.45164,0.0015596853809279193,,0
9.162934,0.5586705875511419,,0
9.152605,0.00036776726659677977,,0
8.499029221,0.0001674749063975582,,0
8.950533,0.4890348341760762,,0
9.220687,0.6184417906078058,,0
8.306719,6.158413454946606,,0
7.628518,1.4955618542644793,,0
9.471319,0.00039609410694876044,,0
8.899185,0.420966346169619,,0
9.717218,0.0006017203842242606,,0
7.649693,1.0275642285510458,,0
10.28459,0.12840880750457218,,1
9.548525,0.9486799523235947,,0
9.30556,0.007748555307360076,,0
8.703839,0.04020443763288602,,0
9.169831,0.0621064819887928,,0
10.0745,0.12066108098005476,,0
9.094256,0.03810190136975872,,0
9.072571,0.0560895960347568,,0
7.688455,1.1873117609667623,,0
9.975483,0.1816528667595964,,0
7.512071,1.4268992860786696,,0
9.276596,0.6009260192427383,,0
9.344434,0.005882026164117245,,0
7.568896,0.016834487440275384,,0
9.306378,0.11240433805416084,,0
10.16796,0.1327050886564344,,0
9.583489,0.0004149258223418709,,0
9.792333,0.08889126166023015,,1
9.559658,0.007174510410901773,,0
7.615791,2.2388123107364857,,0
9.39466,0.8843276847072081,,0
7.90581,0.013635148359178327,,0
7.786967,1.919679146595566,,0
8.612503,0.35426170098788573,,0
8.246434,3.9976748963656332,,0
9.058238,0.5005669042480289,,0
9.97278,0.000698488140572999,,0
9.600895,0.00521246887478431,,0
9.305378,0.0005224419782857198,,0
7.701652,3.3959403214952935,,0
8.98507,0.003999318981144044,,0
8.043021,0.03672092484622867,,0
7.90581,0.013635148359178327,,0
8.704336,0.032599884983488904,,0
9.247251,0.005365653518310281,,0
9.332292483,0.0003906585345392213,,4
8.043021,0.025555351630505124,,0
9.977992,0.0007065299053188879,,0
9.317399,0.005663896186282813,,0
9.241257,0.7619629572911815,,0
10.28514,0.0008086910948814145,,0
7.702556,0.02419093943825271,,0
8.205492,0.021746148202480473,,1
9.633776,0.1089525997155464,,0
9.595331,0.0005790155533925357,,0
10.22807,0.1770543521864513,,0
10.34003,0.0008418728440632179,,0
9.015298251,0.04605945119244025,,0
7.438972,1.489674481924866,,0
7.468513,1.8604743163595348,,0
9.220687,0.5155339056197751,,0
9.600895,0.00521246887478431,,0
9.983592,0.0008140358576691944,,0
9.363748,0.0005210029303192303,,0
9.002332,0.8108465276940998,,0
8.886824,0.33487923925497526,,0
7.637716,0.017217252517769597,,0
9.807362,0.14196340040349367,,0
9.317399,0.004956064744435018,,0
9.173054,0.0005406709380065004,,0
7.732808,2.371828736098002,,0
10.06603,0.13835847423725198,,0
8.304742,0.018926615155304752,,0
9.07932,0.007771470423012576,,0
7.400621,1.4794400873049813,,0
6.489205,3.10603301917844e-05,6.359081720418768e+226,0
8.392763,0.02694832873579157,,0
7.766417,1.7282434032816971,,0
7.732808,3.5295178535119835,,1
8.698347,0.3873834800169782,,0
9.089189,0.0004798253587408054,,1
9.981837,0.0007092274190832895,,0
9.147401,0.00040349073017353535,,0
9.559658,0.0004855536580721882,,0
9.453835,0.8606877501055374,,0
8.423761,0.021952537976065233,,1
8.700015,3.839692041772451,,0
9.04523,0.7126626899117274,,1
9.42311,0.00621051558787869,,0
7.81843,0.01722539057145648,,0
10.38319,0.000905147604911827,,0
7.649693,1.785844075645769,,0
9.080232,0.004144235062715951,,0
8.122074,2.9870983319447855,,0
9.306104994,0.00038039270147809123,,0
7.955776,0.017026123372430552,,0
8.006368,0.02859807736127158,,0
10.05462,0.0008859524271181236,,0
9.319733,0.0065496020110846235,,0
7.463937,1.6049209381247083,,0
8.228177,2.5814018515202504,,0
9.899429,0.11210776359211881,,0
6.57647,3.780156709453833e-05,4.4644544824028475e+247,0
7.90581,0.02673974130046101,,0
9.433164,0.000354800482577211,,0
7.642044,0.013757605429081188,,0
9.973666,0.09246745473820728,,0
9.234252,0.5992934746693244,,1
10.55122,0.0010304794040686609,,0
9.638675,0.0004952087858456458,,0
9.550449,0.000414325599890337,,0
10.1708,0.17587931711478344,,0
9.399969,0.6504903569447922,,0
9.099185,0.5477627109063913,,0
9.957739,0.0009475836883536585,,0
8.529912,0.0340541658400507,,0
9.697447,0.006209314175837952,,1
7.649693,2.431944577465962,,0
10.0745,0.10605794883605534,,0
7.81843,0.020544319745617257,,0
7.512071,1.1894651575134318,,0
9.480138,0.005216506085641469,,0
9.179056,0.0058159095023522685,,0
9.256651,1.0581775615922482,,0
9.625096,0.0058589670088720555,,0
9.996887,0.0006817468972191993,,0
9.855137,0.0008377901744129842,,0
9.069583,0.06453466511169721,,0
9.275472,0.0052621480036254935,,0
9.899429,0.08951091593798513,,0
7.552237,0.02276633898907044,,0
9.256651,0.6222260343042724,,0
9.256651,0.5883390668045692,,0
7.81843,0.011003181863931732,,0
7.654917,1.864354625527167,,1
9.200997,0.00042169809213571006,,1
9.266153,0.0002941825281819739,,0
8.240385,0.026896467516463397,,0
7.654917,2.0450350892694766,,0
9.770756,0.09005618824062175,,0
10.32401,0.20258860219127833,,0
8.290293,0.03219184967910253,,0
9.135617,0.041705284928894235,,0
10.04277,0.13480649137804318,,0
9.697447,4.3895233161075813e-05,,0
7.786967,1.333968135700843,,0
10.163,0.0008784532502987484,,0
7.58121,1.1441415455037895,,0
8.498622,0.0003149366585572512,,0
9.332204,0.04639006150406236,,0
7.81843,0.015598651860588397,,0
10.09349,0.0008048961936485649,,0
8.043021,0.023211474615113185,,0
9.143025,0.003968083380080906,,1
8.41671,0.025253049472002284,,0
9.414097,1.1357841730074434,,0
9.615605,0.006907584346265961,,0
7.550661,0.9988698644725406,,0
9.246286,0.00045390368311037964,,0
7.568896,0.010825772198420978,,0
9.1072,0.044511878749150274,,0
9.602788,0.9554904030520885,,0
9.217415,0.6770948676328363,,0
9.510963,0.0005132218948575134,,0
7.53048,0.014175101389240984,,0
7.81843,0.021528647526844122,,0
9.254262,0.877815805854996,,0
9.096612,0.003650756383885076,,0
7.87967,0.027410599122875804,,0
9.42311,0.007097509287491369,,0
9.078294,0.5586239639820123,,0
10.21116,0.12655087298536152,,0
9.069353,0.6628575948750071,,0
9.123474,0.6145051400522739,,0
9.894497,0.09815995755803213,,0
10.0242,0.0007611050941502168,,0
9.680594,0.007613397459338023,,0
7.342779,0.01487513048004076,,0
8.76155,0.04442955814200074,,0
9.483721,1.0158631441214263,,1
8.394347,3.768212081121083,,0
7.568896,0.016951047071892482,,0
8.964696,0.005091505722900594,,0
9.885934,0.07700917022254537,,0
10.07853,0.10218731604385478,,0
7.766417,1.9721129252034595,,0
10.03513,0.09747224760237164,,0
9.072571,0.04893291808153096,,0
9.173054,0.000492902234025041,,0
7.512071,2.339655645795197,,0
8.965845,0.4756907662678639,,0
9.600895,0.00521246887478431,,0
7.649693,1.1254592504442875,,0
9.662689,0.0007901149912488257,,0
9.179056,0.004862716245276033,,0
9.884407,0.13366655680541306,,0
7.766417,1.2871178820229077,,0
8.841304,0.002935459660297814,,0
7.585281,2.1545563007808686,,0
8.934323,0.0033049906090132993,,0
10.07874,0.0006062333514688739,,0
9.450774,0.006085389939842321,,0
9.578311,0.0005969997621949051,,0
9.705159,0.0005480198224514927,,0
9.826714,0.09191895109329275,,0
7.754053,0.01935440181454856,,0
9.894497,0.10783457803419245,,0
9.217515,0.07498702271563677,,0
9.236885,0.006043869934786187,,0
8.236156,4.745965923297674,,0
7.688455,2.233325493346715,,0
7.613325,0.024326025870281202,,0
8.850518,0.00039244193994725663,,0
8.600063,0.0030921260371082836,,1
9.563389,0.9608669670420082,,0
10.29769,0.1495728441487355,,0
9.113389,0.0675756731944492,,0
8.997766,0.9671277683138242,,0
9.008224,0.004267668186061892,,1
8.76155,0.032407989174461194,,0
7.688455,1.4105669662350953,,0
7.568896,0.020285971865724294,,0
9.973014,0.16620666905420708,,1
9.893942,0.08512853794363244,,0
9.61153,0.005045100713871165,,0
9.981282,0.12750444425419216,,0
7.707063,0.019433482274063628,,0
9.555914,0.006665700833482258,,0
8.76155,0.032407989174461194,,0
9.150272,0.005467760081621098,,0
9.150909,0.005979248913348322,,0
9.024854,0.6061071311421447,,1
8.72258,0.0027846634129998975,,0
9.957739,0.0007946607217702499,,0
7.327123,0.8260358767173032,,0
7.619724,2.361694436859555,,0
8.136811,4.191782191168332,,0
7.81843,0.014927191629234306,,0
9.525808,0.000453044801272356,,0
9.549808,0.0006090506512446473,,0
9.100302,0.0063085027392433875,,0
7.585281,1.5739443749611945,,0
9.532134,0.6797010858457861,,0
10.18524,0.22161816972866116,,0
7.792349,0.017456995485770198,,0
9.275847,0.007345590634007209,,0
9.453835,0.8606877501055374,,0
9.275941,0.5238980271082189,,0
8.930362,0.47860391185828177,,0
7.707063,0.016297267713891984,,0
9.436519,1.1162298999002307,,0
9.987185,0.0010263076800680786,,0
7.844241,0.0161849924459491,,0
9.480138,0.0049919561428368505,,0
7.628518,1.443256413139994,,0
7.90581,0.02673974130046101,,0
9.889236,0.12250059179909109,,0
8.240385,0.03709547367844998,,0
7.766417,1.3653427811638146,,0
9.436519,1.1162298999002307,,0
9.583489,0.0004727656271849699,,0
7.733684,0.011546102306060011,,0
8.394347,3.7852072459275847,,1
9.241257,0.9085936295560145,,0
9.255313738,0.0006062289713731114,,1
7.429521,1.0702678626899005,,0
9.430038,0.0049698832226834164,,0
7.649693,2.0439642356924645,,0
8.571681,0.00019502742594130855,,0
9.389741,0.8045818930730269,,0
10.22973,0.08580760168025628,,0
7.53048,0.014175101389240984,,0
9.21164,0.00041805939208899704,,0
9.204422898,0.07741899640092512,,0
9.510297,0.0006474743953654991,,0
9.684025,0.005323796385919253,,0
9.755741,0.09763510560235479,,0
7.512071,0.8277896180387646,,0
7.50769,1.8716660557395013,,0
7.81843,0.013268389690110467,,0
7.628518,3.0999995256955213,,0
10.09349,0.000771404837726886,,0
7.955776,0.018073537168295947,,0
9.536546,0.06892198860550353,,0
7.642524,0.01831950437032809,,0
7.844241,0.02535775044150427,,0
8.76155,0.05077504388966483,,0
7.81843,0.021528647526844122,,0
7.588324,1.2566101538206027,,0
9.97278,0.0006121137921608845,,0
9.792333,0.1283054621078991,,0
9.517457,0.12252653707037023,,0
9.5261,0.007113307473213266,,0
9.560293,0.0066388339707033036,,0
9.981837,0.0012679747676159511,,0
8.418698,0.027353135125710474,,0
7.707063,0.019609173037052535,,0
9.234057,1.188502769662318,,0
8.767952,0.002891638411153509,,0
10.2914,0.0007417511892177921,,0
9.634366,0.008044576658629001,,0
10.22973,0.1607913561865694,,0
9.389741,0.9194932977510946,,0
8.246434,2.449081156882041,,0
10.17519,0.0008546730325804492,,1
9.473704,0.004523557443904783,,0
9.792333,0.11149880168838261,,0
10.15203,0.0007051450204865669,,0
8.304742,0.021564946317112508,,0
9.240482,0.0003150531129675144,,0
8.6174,0.00022323585991639353,,0
10.2914,0.0006802863839849648,,0
7.90581,0.015710839639176306,,0
9.113389,0.07722691640001292,,0
10.0429,0.0009589624086706918,,0
10.25446,0.0009062792520135186,,0
9.884407,0.12714756190500498,,1
9.977992,0.0009199925112455213,,0
9.247154,0.7967922703995706,,0
7.471363,1.9395916411854492,,0
9.07875,0.03754185893316629,,0
9.639717,0.08808518018050915,,0
9.483873,0.05697696593593901,,0
9.300821,0.0004358565884259885,,0
9.966134,0.14482661038053946,,0
8.41671,0.040912961486202055,,0
9.350276,0.7066766714776931,,0
9.595331,0.0005532607114606158,,0
8.432724,0.04203259322980414,,0
8.72258,0.003959536642631808,,0
7.541683,0.015715036291048864,,0
9.290075,0.008805038757290756,,0
10.07979,0.10230946522477405,,0
7.559559,0.013861346212931351,,0
8.754161,0.03486341897158389,,0
7.550661,1.1353820763007765,,0
7.837554,0.021048753226560957,,0
8.065894,2.2281521323563105,,0
10.15203,0.0014385680447948441,,0
9.557187,0.07741159541353856,,0
7.611348,1.4637019725610523,,0
10.11083,0.10911308258451209,,0
9.770756,0.17130297790201715,,0
7.512071,2.132945223417744,,0
7.512071,2.132945223417744,,0
8.529912,0.023557691495026626,,0
9.422221,0.005168751324024687,,0
9.889236,0.12250059179909109,,0
9.297802,0.6423878193059631,,0
7.825645,3.1889977186217924,,0
9.286746,0.005094270312830259,,0
10.09349,0.0011462067797890895,,0
10.39946,0.0007361448886905682,,0
7.533694,1.5257274407053927,,1
7.949091,4.2324275312810204,,0
10.29809,0.17135796291845523,,0
8.698347,0.28045551114634687,,0
9.376956,2.5057542489486795e-07,,0
8.236156,4.124294512548355,,0
9.169831,0.0496923184766776,,0
9.344784,0.0040665064110852476,,0
8.236156,3.576536871517756,,0
10.18524,0.22161816972866116,,0
9.633776,0.06864943641594892,,0
8.122074,1.6608050565969916,,0
7.425358,1.021173825948974,,0
8.065894,2.2281521323563105,,1
7.751045,0.02420571023897459,,0
8.93142,0.5734125460877519,,0
9.590761,0.000402111850663648,,0
9.326967,0.6619043142410922,,0
8.228177,2.253608264175849,,0
8.228177,1.8688674481175815,,0
9.245804,0.005156385785302437,,0
7.512071,0.9525656586643952,,0
10.12033,0.0012386485540336113,,0
10.07874,0.0006629933635319167,,0
10.03907,0.09413396681712619,,0
9.179056,0.0069873207136060995,,0
9.97278,0.0006121137921608845,,0
7.400621,2.0282304163542935,,0
7.647309,0.0106365370225833,,0
9.350276,0.589086620584336,,0
7.443664,1.0993105043149607,,0
7.550661,0.8693314816479465,,0
9.480673,0.00546531692365416,,0
8.896451,0.0050265850965594714,,1
8.627302,4.076697436664995,,0
8.304742,0.026911915414468947,,0
10.29819,0.0007801582211773356,,0
9.548525,0.00669640954828091,,0
9.204423,0.07408642283512874,,0
10.14843,0.0008411112840666308,,0
9.540291,0.0006307242334043679,,1
8.511778559,0.040209988253158635,,0
9.246286,0.00059281656888061,,0
7.563201,1.8208927848314729,,0
8.250881,2.1137526353939156,,0
9.069353,0.5840345710550688,,0
9.453992,0.008052340715473085,,0
6.489205,0.003838862771391367,4.457637795001765e+226,0
7.697575,1.587277981600088,,0
7.903596,2.1994895279258584,,0
9.31551087,0.0006271816327280778,,0
9.107199613,0.044511860673669364,,0
7.628518,0.8702297327925035,,0
9.094144,0.5147320608568915,,0
9.096836,0.0038248544272868313,,0
9.918721,0.11552254338725058,,0
7.619724,1.3004096667992389,,0
10.34003,0.000775128627295942,,0
9.945493,0.07480050299966241,,0
9.31551087,0.0004391039547659337,,0
9.144628,0.00029074974877555944,,0
10.22662,0.0010596656044203432,,1
9.263217,0.7063278761083227,,1
9.073718,0.004878298683213567,,0
9.618801,0.006083198590905174,,0
7.629976,2.2721538708088076,,0
9.480673,0.8454948789301879,,0
10.55122,0.0010304794040686609,,0
9.309914,0.00027916297357127715,,0
9.288227,0.004273448696869042,,0
7.619724,2.361694436859555,,0
8.939974,0.48239027636035003,,0
8.290293,0.03219184967910253,,0
9.276877,1.4901935619201052,,0
9.372714,0.8320379612293947,,0
9.807362,0.07838787664289933,,0
9.25033,0.006439386488052554,,0
9.181118,0.007068824046434681,,0
9.957739,0.0007946607217702499,,0
7.903596,1.946290592412636,,0
10.41832,0.21115186223660956,,0
10.22807,0.1065971482966997,,0
9.450616,0.08310271309272968,,0
7.568896,0.017027498670801455,,0
9.906433,0.0005321838216901449,,0
10.32401,0.22122434725117182,,0
7.841493,0.023003291608303902,,0
10.20541,0.0838778564197549,,0
9.217415,0.7703241440291823,,0
9.422221,0.008093256110564426,,0
9.542302,0.04999092172682612,,1
8.006368,0.019045664501263306,,0
7.825645,2.014168938064703,,0
7.512071,0.8277896180387646,,0
7.50769,2.3127307590288586,,0
7.647309,0.015192394839514588,,0
8.489822,0.0003008298041175736,,0
10.29008,0.000741032727084879,,0
9.97278,0.0008037740522411693,,0
9.981837,0.0007092274190832895,,0
9.063695,0.005531984605645317,,0
9.996887,0.0008546213202328998,,0
9.436519,1.337038169379044,,0
7.438972,1.2325160234029882,,0
7.628518,1.20382255744684,,0
9.21164,0.00041805939208899704,,0
9.662689,0.0005030947355458749,,0
8.347353,0.02372272977357021,,0
7.701652,0.013495974247557628,,0
9.169831,0.0621064819887928,,0
9.309914,0.003953259652036767,,0
7.448334,0.017220866638839483,,0
10.01476,0.10974396129615638,,0
7.844241,0.013532367665754564,,0
8.523573,0.32052106521437684,,0
8.462103,0.03931407220665247,,0
9.430038,0.004763088695372302,,0
10.23286,0.0007823616131139036,,0
8.769973,0.04850488227778302,,0
7.903596,2.1994895279258584,,0
7.336286,0.8288021015065363,,0
9.007857,0.4537479921420422,,0
7.615791,2.9327645389287307,,0
9.220687,0.5403424329068806,,0
10.38319,0.0009982442938270726,,0
9.389741,0.5824962542827108,,0
9.463431,0.008732939082460103,,0
9.422221,0.007033125038170595,,0
8.298788,0.00017559954125345378,,0
9.080232,0.000523990474624849,,0
9.188912,0.004702549895026055,,0
10.15203,0.0007700099866786616,,0
7.589842,1.3756539583728908,,0
7.707063,0.022193455960021913,,0
9.422221,0.00043523513049627336,,0
9.100302,0.0047941593004978324,,0
9.094256,0.03810190136975872,,0
10.0745,0.22951895802576688,,0
7.844241,0.013532367665754564,,0
7.987864,2.237310846189741,,0
9.009203,0.0042711734245742825,,0
9.162934,0.842657013166577,,0
8.636397,5.650568839521513,,0
7.751045,0.018450446405550082,,1
8.423761,0.023993495149419713,,0
7.750184,0.014763372867739478,,0
8.892749,0.00023614634494665318,,0
10.35313,0.00097808285854529,,0
9.560293,0.009033467949325531,,0
8.392763,0.025827021322106784,,0
10.08988,0.0009571984880034258,,0
8.761237,0.5732141201046043,,1
9.672564,0.0006717561811138383,,0
9.541728,0.09489457766383447,,0
8.825413,0.005418250443332554,,0
9.510297,0.0007102231731002288,,1
9.458606,0.6992814111630857,,0
9.096275,0.4326311505538059,,2
8.250881,2.1137526353939156,,0
8.95157,0.5850169593713416,,0
9.300821,0.0005709566364559169,,0
6.378426,0.006980292699880675,1.616722925901983e+202,0
9.024854,0.6061071311421447,,0
9.420277,0.9527474455788032,,0
10.05462,0.0006511000097164222,,0
9.058238,0.9890464178461564,,0
9.924564,0.0007089631049259976,,0
9.236885,0.005304441690802759,,0
8.065894,2.958471061947684,,0
9.638023,0.00039602145977444067,,0
9.365205,0.004134125582722377,,0
10.21116,0.13881531565357205,,0
9.204423,0.07741900459951358,,0
6.378426,4.9493736635746517e-05,1.4673326301384364e+202,0
9.255313738,0.0005783954216412612,,0
9.188912,0.005868534201118587,,0
10.12659,0.0008243109945945291,,0
9.380083,0.6940114236134757,,0
7.707063,0.019433482274063628,,0
7.825645,3.1889977186217924,,0
7.50769,0.9458502440147732,,0
8.907206,0.7724461105428528,,0
7.559559,0.011606950716999083,,0
9.677465,0.0005874096684932653,,0
8.70118,0.003924225565631159,,0
9.473704,0.006751729737059133,,0
9.1072,0.044511878749150274,,0
9.007122,0.9397953902317197,,0
8.529912,0.02357183035115636,,0
8.927447,0.4572606314356072,,0
8.769973,0.002521022210593191,,0
10.09299,0.16270006530858436,,0
9.309914,0.003953259652036767,,0
7.562681,0.0153209864235576,,0
7.724888,0.013189886600557595,,0
9.713839,0.012259608948088724,,0
9.1072,0.058396507895343286,,0
6.555357,0.4041649433854169,1.190861985477217e+243,0
8.886824,0.33487923925497526,,0
9.247251,0.005876833991561271,,0
8.795885,0.00031125382538572716,,0
10.08402,0.0007659537331576277,,0
9.269741,0.005024218651400277,,0
7.78904,0.02881602357243822,,0
9.430038,0.005201236279513342,,0
8.489822,0.0002715495615894312,,0
9.584108,0.00047370639979670714,,0
7.688455,1.2398516399792672,,0
9.981282,0.08415423287247688,,0
9.317399,0.005663896186282813,,0
9.1072,0.06693728202010821,,0
10.29819,0.0013947866545819976,,0
7.512071,1.4933228813285586,,0
10.12583,0.00078719883297719,,0
10.14002,0.0006346417309583299,,0
9.332292483,0.00035721357965332013,,0
8.309677,0.0395180378523751,,0
7.3473,1.725578273765969,,0
7.955776,0.017026123372430552,,0
10.10704,0.11474382171239339,,0
8.237479,2.3948722927946866,,0
9.807362,0.14162309677023174,,0
9.490091,0.0864797676005408,,0
9.987185,0.0010660578418297862,,0
9.521934,0.06464571553024012,,2
7.707063,0.016297267713891984,,0
7.837554,0.016769157385639947,,0
7.277248,0.011045951400193193,,0
9.266153437,0.0007210444422680682,,0
9.200997,0.00048048193743647366,,0
8.342363,3.099798840414233,,0
8.602820277,0.04058043730320941,,0
10.39001,0.1873867678305909,,3
9.809012,0.07125584848255846,,0
9.564302,0.9646335066812305,,1
9.564302,1.267432200594615,,1
7.383989,0.015474177612456735,,0
9.139381,0.7867923450043607,,0
7.903596,1.5215435312316705,,0
9.422221,0.007033125038170595,,0
9.009203,0.0037116948165683665,,0
9.770756,0.09046235427587894,,0
9.616005,1.2769997184195843,,0
7.533694,1.390928217465907,,0
9.899429,0.1286969715996703,,0
7.837554,0.014041838386457926,,0
7.649693,2.431944577465962,,0
9.534595,4.2012061691918755e-05,,0
7.707063,0.013514963362494027,,0
10.05462,0.0006511000097164222,,0
9.600895,0.00521246887478431,,0
9.924564,0.0005936580540330133,,0
9.770756,0.09005618824062175,,0
7.903596,1.9332940325369787,,0
7.649693,1.4809609608919965,,0
8.309677,0.028652973422691456,,0
9.138415,0.0004566093760398973,,0
9.996887,0.0008546213202328998,,0
7.90581,0.02038197429001886,,0
9.957692,0.09051711945870372,,0
7.53048,0.012403603091128618,,0
9.073718,0.005834546421370309,,0
9.15440474,0.0004777252309458297,,0
8.521185,0.03372266972929137,,0
9.579625,0.0004969816294134045,,0
9.414097,1.0338847543145593,,0
9.991178,0.0007093455629267363,,0
9.537628,0.06567113216008337,,0
9.563389,0.834502690839338,,0
7.32449,1.4723330788571922,,0
7.473069,0.8613617340970068,,0
9.229162126,0.0003901302194532325,,0
10.18524,0.10701360167834484,,0
9.542302,0.04413889751358716,,0
9.096836,0.004758918365716589,,0
7.76811,0.01427776514106679,,0
9.103312,0.501536060711431,,0
9.380083,0.8713018050498944,,0
9.344434,0.007659152119676625,,0
10.01284,0.0699176244027687,,0
10.22973,0.1118331021179018,,0
9.960529,0.09076386464986122,,0
9.096275,0.4326311505538059,,0
9.618801,0.007614319670712942,,0
10.09394,0.23399689678386645,,0
9.21164,0.0003505921243087996,,0
9.705159,0.0005018551130699399,,0
7.825645,1.4681552381174805,,0
9.58953,0.0005763761763124795,,0
7.568896,0.012889713704940967,,0
9.103312,1.0402075198240377,,0
7.32449,0.8173795480574024,,0
10.10357,0.0007364595813973434,,0
9.536546,0.08267979580158848,,0
9.190546,0.49965305733909915,,0
9.807362,0.14162309677023174,,0
9.053336,0.0036524826407268104,,0
8.371936,0.00016320473464890848,,0
9.986541,0.1232956286117329,,0
9.1072,0.042595818523559884,,0
10.1577,0.0997913650681864,,0
9.300821,0.00034821261770080823,,0
8.309677,0.028652973422691456,,0
9.583489,0.0004149258223418709,,0
8.342363,3.526610527639664,,0
9.483873,0.07474984059607426,,0
9.398147,0.00044677663105725834,,0
9.288227,0.004273448696869042,,0
9.583489,0.0007770461649165275,,0
9.212837,1.1626578581501976,,0
9.969697,0.10536737901823362,,0
7.825645,2.644565217119941,,0
9.07875,0.06471264019560649,,0
9.890149,0.0009060188802847357,,0
7.512071,1.3593460773330996,,0
8.385032,0.00029480500914139004,,0
9.680594,4.338721436947448e-05,,0
8.438799,0.030613077028894452,,0
7.844241,0.020319569178631147,,0
10.0745,0.1212052793725136,,0
10.01135,0.0006892338552622358,,0
8.769973,0.0033054230178072522,,0
9.463431,0.008732939082460103,,0
7.688455,2.233325493346715,,0
9.563389,1.2643784892595387,,0
9.574428,0.010359048367976988,,1
9.1072,0.10534662374288839,,0
9.471319,0.0058878832210564275,,0
10.53803,0.001329195542028993,,0
9.073718,0.004474061139964793,,0
9.284427,0.905543676098617,,0
7.533694,1.6811386078594805,,0
9.649885,0.005191411370854519,,0
10.32401,0.16938552544272728,,0
9.620926,0.07441502048303215,,0
7.516433,1.1362701926540733,,0
9.169831,0.0621064819887928,,0
9.453992,0.008052340715473085,,0
10.52291,0.0008397310007703448,,0
9.463431,0.0007353578539373302,,0
7.81843,0.014927191629234306,,0
9.399472,1.02261791029403,,0
9.981282,0.12750444425419216,,0
9.236008,0.00041157137923999624,,0
7.468513,1.8604743163595348,,0
7.390799,1.1168054581229028,,0
9.489713,0.007411660416566011,,0
9.555914,0.007594885797616485,,0
7.390799,1.4607826303778464,,0
10.29621,0.25941004286092495,,0
7.638198,0.014532517039045378,,0
9.08387,0.8495818803345635,,0
7.489971,0.027035124719843175,,0
9.022443,0.4605417196068876,,0
9.127828,0.0003271997111592416,,0
9.276596,0.9480164276563715,,0
9.763938,0.001079690254327798,,0
9.1032,0.042062555930004145,,0
9.827686,0.0007541524342326032,,0
7.601902,0.01666320423093218,,0
10.20218,0.15740728638786258,,0
9.480138,0.00682319505670503,,0
7.766417,1.6354295946250132,,0
10.28288,0.0008877203337133153,,0
9.532134,1.016024885954494,,0
9.266153,0.0007210441853630207,,0
10.26584,0.2191553664038718,,0
8.392763,0.026948328735791664,,0
7.844241,0.016184992445949155,,0
9.094144,0.8926070898609515,,0
9.273315,0.625462464984124,,0
8.997766,0.4462282602056948,,1
8.89563,0.08415283798279155,,0
9.372714,0.7269648058545956,,0
9.306104994,0.00033235515597140544,,1
10.26085,0.0007654422751999673,,0
7.285507,0.8515060578481424,,0
7.754053,0.019296425616883554,,0
8.521185,0.023328372029509575,,0
9.431081,3.742999062246199e-06,,0
7.448334,0.010942144758697004,,0
9.63587,0.005127023489235647,,0
10.44973,0.0009527558156144752,,0
8.626227,0.00022496921632507842,,0
9.389741,0.9194932977510946,,0
7.654917,3.0845782801961383,,0
10.41214,0.15200406761731164,,0
9.08806,0.006244670899074083,,0
9.459074,0.12596776896418313,,0
9.885934,0.13314310251626052,,0
10.38381,0.1129528615906411,,1
7.473069,1.4208556630270395,,0
9.677465,0.00044667107714822443,,0
9.180396,0.005601867352034485,,0
8.744488,0.004597802284014635,,0
9.309914,0.007729471319811532,,0
9.104091,0.5185794444517724,,0
7.702556,0.01759611536312795,,0
9.350276,0.6712040819126529,,0
8.795885,0.00033937603421671763,,0
10.31616,0.20142323443706167,,0
8.237479,2.3948722927946866,,0
10.25446,0.0008633735808912834,,0
9.792333,0.16059952496844584,,0
7.680637,0.018822419646120827,,0
9.884407,0.14596229234391853,,0
10.08456,0.0006958445738401412,,0
9.480138,0.005451156813663542,,0
9.5261,0.005657416401041516,,0
7.704812,1.8275948983309993,,0
9.024854,0.6324219125163005,,2
7.872074,0.0313133127148755,,0
8.571681,0.0002244246900432912,,0
10.28168,0.19373954006239139,,0
8.93142,0.35128766048984533,,0
8.394347,3.7852072459275847,,0
7.638198,0.01748579248284931,,0
9.581145,0.07178404804086566,,1
9.483416,1.5377669038246662,,0
7.473069,1.63502692112165,,0
9.099185,0.5477627109063913,,0
9.263217,0.6497447174994709,,0
7.512071,0.8265488644095754,,0
9.986541,0.16102907782268613,,0
8.529912,0.023557691495026626,,0
9.566545,0.005539893573489857,,0
7.680637,0.013087383750837855,,0
9.790095,0.09282625757554523,,2
8.136811,2.44446427247244,,0
9.1072,0.042595818523559884,,0
10.08402,0.0008376679386338143,,0
7.76811,0.012493436694044499,,0
8.17611,0.018479014179192448,,0
9.637241,0.1201029659050518,,0
9.983592,0.0011176733262193467,,0
7.751045,0.018312585681445382,,0
9.138415,0.0004162675773857472,,0
9.21164,0.00030769945427630877,,0
7.955776,0.02030259750056792,,0
8.006368,0.022779009829972666,,0
9.422221,0.004733340244053693,,0
9.614672,0.006283247110992652,,0
7.615791,2.798113686691846,,0
9.668208,0.0006634757894930504,,0
9.581145,0.06505039513304825,,0
8.117909,0.026189653558414863,,0
9.827686,0.0009510765133546377,,0
9.548525,1.0793038127525723,,0
9.29771,0.0076993087268106605,,0
7.477604,1.303113871287492,,0
7.825645,2.644565217119941,,0
9.549808,0.0005805648073208349,,0
9.969697,0.1903668673550767,,0
9.39881,5.188302735330779e-05,,0
8.997766,0.4074143046715664,,0
9.542733,0.09090118561282537,,0
7.628518,1.6618010074514333,,0
9.594718,0.008054181509493477,,0
9.450774,0.006085389939842321,,0
9.008224,0.004267668186061892,,0
9.372714,0.8320379612293947,,0
7.732808,2.371828736098002,,0
9.581145,0.09894481586715187,,0
10.41832,0.14628804672660764,,0
9.317399,0.004956064744435018,,0
7.628518,1.254205066179139,,0
9.266153437,0.00029418263299798637,,0
7.688455,1.4264541182347714,,0
8.250881,2.1137526353939156,,0
9.212039,0.049315386793909836,,0
7.619724,1.0913105823821567,,0
7.637716,0.015130490320649548,,0
8.521185,0.029305356161587727,,0
7.647309,0.012740615522374267,,0
9.163249,0.7975053368282397,,0
10.16238,0.0008465775293538027,,0
9.536546,0.009012812998709157,,0
9.842729,0.0007629174051554975,,0
7.76811,0.02461124474459506,,0
9.529812,0.06545251785181498,,0
9.42311,0.00621051558787869,,0
10.32401,0.16938552544272728,,1
9.822169,0.07587492714973433,,0
9.269175158,0.08278312299748185,,0
8.117909,0.021049239483419413,,0
9.193296,0.00036414922050641003,,0
8.304742,0.023548665230462434,,0
9.1072,0.06693728202010821,,0
10.39001,0.12386283179066596,,0
8.65904,0.00022068732361357695,,1
10.10144,0.0006166252648482636,,0
9.078294,0.4436236432634908,,0
8.964823,0.8551514862193546,,0
8.309677,0.0395180378523751,,0
10.17519,0.0008142105371945422,,0
8.136811,2.1293696297700992,,0
7.81843,0.018809921901326996,,0
8.536015,2.9245247219482424,,0
9.169831,0.06490017780248522,,0
8.600063,0.0021746307765437406,,0
9.445017,0.062703300383139,,1
9.246286499,0.0004150443705546569,,0
7.494986,2.1874682557419436,,0
10.21116,0.13212446372161776,,0
9.305378,0.004532431961796748,,0
8.347353,0.02951603428328565,,0
9.620461,4.5471675828327565e-05,,0
9.132811,0.003187357510073725,,0
9.463586,0.7576210625180834,,0
9.991178,0.0009768594692149207,,0
7.786967,1.4044672662122626,,0
9.137017,0.44880666614855025,,0
9.60245,0.0006624416099641838,,0
7.792349,0.011242940895520017,,0
8.725507,0.00025531983883699005,,0
8.860499,0.443997948202779,,0
7.649693,1.8605854103874724,,0
9.267949,0.004830548363339449,,0
10.34161,0.0014398343029259344,,1
8.529912,0.029593429782981507,,0
9.288227,0.006397588731096133,,0
8.620291,0.32742971161387907,,0
10.41322,0.0011544930218387512,,0
9.737551,0.0004510078543130874,,1
8.997766,0.9671277683138242,,0
7.825645,2.644565217119941,,0
9.668208,0.000576567468464574,,0
9.730146,0.0005347168657024939,,0
9.481588,1.1102542942132603,,0
9.818256,0.09540952965503036,,0
9.911605,0.08672197159446342,,0
8.304742,0.026911915414468947,,0
8.982812,0.6634378668254756,,0
8.930362,0.47860391185828177,,0
9.480138,0.005451156813663542,,0
10.41832,0.21115186223660956,,0
7.701652,0.018281533227311648,,0
9.40253,0.710045959828371,,0
9.021719,0.05099035929440139,,0
9.38505,0.0006609661647280871,,0
10.03513,0.1072398267156055,,0
9.600895,0.00521246887478431,,0
7.559559,0.008940612672216993,,0
9.9508,0.14249722859610633,,0
9.345221,0.004479616968588075,,0
10.01476,0.0910719659040723,,0
9.389741,0.9194932977510946,,0
8.136811,1.9340688331051024,,0
9.97278,0.0006121137921608845,,0
10.44973,0.0013710863266399055,,0
9.236885,0.005304441690802759,,0
8.562931,0.0002431854178911054,,0
7.613325,0.018542155224884716,,0
7.81843,0.014306078134462347,,0
9.303557,0.0046967936062148235,,0
7.568896,0.010825772198420978,,0
9.490091,0.11372809706403042,,0
9.07932,0.004147307755486557,,0
7.585281,2.1545563007808686,,0
9.940109,0.12256603190791701,,0
9.536546,0.06277615256103324,,0
9.207536,0.056484357136267,,0
7.589842,0.012720412643874156,,0
9.326967,0.7282329658703727,,0
7.729296,0.013266739860255908,,0
10.07874,0.0007250676641631941,,0
8.362409,0.019912507269993003,,0
10.08406,0.18520245120950496,,0
9.620926,0.08594072459140993,,0
9.068316,0.5262979210386731,,0
8.6174,0.00018564363225610905,,0
9.333708,0.05590340159551828,,0
9.957739,0.0006963937676666352,,0
10.11241,0.12087754652473573,,0
9.852615,0.09753021503824845,,0
8.122074,1.7564635809950315,,0
7.751045,0.02420571023897459,,0
10.097,0.15544693440642704,,1
8.72258,0.037679908033619855,,0
10.34003,0.000775128627295942,,0
9.220885,0.005503843616781496,,0
8.418698,0.03561728850441612,,0
9.074062,0.05617774614581932,,0
7.701652,1.8852881899306746,,0
9.403272,0.9364384552310174,,0
10.29819,0.0007133675223848043,,0
9.58953,0.0006815438084110901,,0
9.072571,0.0560895960347568,,0
7.568896,0.016834487440275384,,0
9.435242,0.007160389592463513,,0
7.784889,0.019943520688757543,,0
7.766417,1.3632963022349756,,0
9.40253,0.6166673269250508,,2
9.29771,0.004921584586564879,,0
9.123147,0.06827029658540604,,0
9.444384,0.1295767807625307,,0
9.008224,0.004267668186061892,,0
8.304742,0.03697600322475617,,0
9.924564,0.0007089631049259976,,0
9.138415,0.0003620666345963206,,0
9.574428,1.4022878722704297,,0
7.642044,0.011537375320483224,,0
7.754053,0.019325391974645938,,0
10.08326,0.0007314671834680723,,0
7.383368,1.0083943041371977,,0
8.228177,1.8688674481175815,,0
8.562931,0.00033090263861952125,,0
9.945493,0.08522753902081757,,0
7.766417,1.8606120985732393,,0
9.096836,0.004358031254843386,,0
9.301369,0.00392592935940669,,0
8.385032,0.00019751492514314225,,0
9.301369,0.0067632470168668074,,0
7.638198,0.018323578865204863,,0
10.01998,0.0005550678217797751,,0
7.585281,2.953777351641209,,0
7.550661,1.4211540110291734,,0
10.1589,0.0007686334873874115,,0
9.451245,0.07580872260241292,,0
9.246286,0.0004949145016915387,,0
7.707063,0.014281963805467073,,0
9.166179,0.00404463460795852,,0
9.361085,0.09088672716284077,,1
9.966134,0.09573052723015481,,0
10.10704,0.11474382171239339,,0
9.521934,0.10229101418843846,,0
9.009203,0.004666869928846334,,0
10.32401,0.22122434725117182,,0
10.1708,0.152840984147487,,0
9.089753,0.5667573476882162,,0
7.533694,1.5257274407053927,,0
9.053336,0.004984868938633517,,0
9.957692,0.1365292664821578,,0
9.677465,0.0004274436549657403,,0
9.957739,0.0007593138970454512,,0
7.58121,1.6293067439543716,,0
10.05264,0.0008137680418478592,,0
8.306719,6.158413454946606,,0
8.250881,5.017665913041399,,0
7.76811,0.011955643686804813,,0
9.680594,0.006972051532206571,,0
10.28514,0.0009305883387095968,,0
9.473704,0.004510007107240815,,0
10.29769,0.11913812401161786,,0
10.18829,0.000905365963975693,,0
9.212039,0.5856580797950858,,0
10.01284,0.0994164660964505,,0
7.825645,1.400748410394173,,0
7.400621,1.4794400873049813,,0
9.003685,0.004203257908250436,,0
7.949091,3.3611249110967854,,0
9.389741,0.8082106702168642,,0
9.096612,0.005728389201774542,,0
9.713839,0.008583227715986953,,0
7.53048,0.014175101389240984,,0
9.483873,0.05697696593593901,,0
8.423761,0.018299665082375335,,0
7.422971,1.3256199929846206,,0
9.957692,0.16353695644623384,,0
7.844241,0.0161849924459491,,0
8.907071,0.42582029229824675,,0
8.325064,3.496982555184056,,0
9.540291,0.0009062985126720054,,0
7.724888,0.01575173265893766,,0
8.798756583,0.0002956495427155922,,0
9.713839,0.006270211169553805,,0
7.585281,1.3669538668604713,,0
7.647309,0.012740615522374267,,0
8.347353,0.03373155167091185,,0
7.65681,0.0168217943521071,,0
9.278373,0.00460158961806608,,0
8.246434,4.802866447344319,,0
10.16612,0.15148700185206393,,0
9.536546,0.007479360034245162,,0
9.634366,0.008431697849637538,,0
10.32193,0.0013778680718407649,,0
7.637716,0.013219750144793235,,0
7.65681,0.022069031330550288,,0
9.289614,0.0005868120127495597,,0
8.189522,0.01945917225192583,,0
8.246434,3.9976748963656332,,0
9.270683,2.420509411832414e-07,,0
8.423761,0.0361574407814617,,0
10.57743,0.0009993679865256439,,0
8.304742,0.033861177130827196,,0
9.069353,0.457858497103876,,0
8.930362,0.47860391185828177,,0
10.07874,0.001185316350490075,,0
8.927447,0.6560608460820659,,0
9.029657,0.06746043068609177,,0
9.275472,0.007561271085787204,,0
10.08988,0.0007034598312088375,,0
9.311813,1.0750063367080385,,0
7.468513,2.5467841967745626,,0
9.04523,0.5136325994424619,,0
9.160415,0.7005967834712387,,0
9.212837,1.1626578581501976,,0
7.697575,1.7284422820524725,,0
9.317399,0.003983305600750322,,0
9.583489,0.0005170294121400384,,0
7.688455,1.1890940650020487,,0
10.0745,0.22951895802576688,,0
7.724888,0.02054156448481384,,0
9.177094,0.0044901322991952085,,0
9.372714,0.7269648058545956,,0
9.204423,0.07741900459951358,,0
9.523617,0.06736399989151905,,0
10.41832,0.14628804672660764,,0
8.462103,0.026260936378032687,,0
9.548525,1.0793038127525723,,0
8.117909,0.026189653558414863,,0
7.81843,0.01634929032705397,,0
7.649693,1.184938856035219,,0
9.309914,0.00033288455425248015,,0
10.0745,0.1327523857704075,,0
8.964823,0.4931328597390946,,0
9.311813,0.658577255782845,,0
8.815815,0.00036314692704890087,,0
8.250881,2.4265363447598123,,0
8.239065,0.014805887708039981,,0
7.638198,0.015163461618064018,,0
9.457669,0.006104343850063111,,0
9.435242,0.005498989740645267,,0
10.1577,0.126720219117464,,0
10.44973,0.0013710863266399055,,2
10.28459,0.14776438074773526,,0
10.04533,0.09376353485200108,,0
9.902337,0.08257172947786968,,0
9.884407,0.111759396697095,,0
9.532134,0.8092866024621844,,0
9.137017,0.6227170282706528,,0
8.886824,0.39693398689539344,,0
9.677465,0.0010010677691183695,,0
8.907071,0.4056608266832804,,0
9.755741,0.10257939840434852,,0
7.76811,0.028320996120040708,,0
7.585281,2.692808791988412,,0
9.096275,0.45754970273801066,,0
9.138415,0.0004566093760398973,,0
9.614672,0.005049993230257622,,0
10.21116,0.12655087298536152,,0
10.29769,0.09141261841546852,,0
7.841493,0.017718996614218052,,0
7.512071,2.142565105424101,,0
8.043021,0.015504755012498235,,0
8.815815,0.00030226602589760436,,0
10.04533,0.11298736815045186,,0
8.392763,0.03694466608067505,,0
9.436519,1.2170827980436933,,0
9.548525,0.9486799523235947,,0
10.1577,0.17253181551125615,,1
9.246286499,0.0004949147034780816,,0
7.649693,1.9312957968718159,,0
9.852615,0.09753021503824845,,0
9.123474,0.6740587636796974,,0
9.242227,1.044716622839106,,0
7.637716,0.01642676364833511,,0
9.492507,0.005752752920944565,,0
9.306104994,0.00033235515597140544,,0
10.22662,0.0007071965760884261,,0
9.987185,0.0012807778451687992,,0
10.315,0.0009446540256470116,,0
8.392763,0.02694832873579157,,0
7.825645,1.6891182929399937,,0
7.729296,0.013266739860255908,,0
9.473704,0.004924874191369726,,0
7.628518,1.4955618542644793,,0
7.81843,0.018809921901326996,,0
9.560293,0.009033467949325531,,0
9.276596,0.0459922006421629,,0
9.452423,0.06054605860536171,,0
9.138415,0.0004566093760398973,,0
9.807362,0.08611376584781034,,0
9.123474,0.5352946235706072,,0
9.951897,0.0007559548512869447,,0
9.29771,0.000451188777843064,,0
7.541683,0.013656532513540738,,0
10.21116,0.1586410947941603,,0
10.20218,0.15740728638786258,,0
8.237479,2.7492548381573494,,0
8.787983,0.3566974370012042,,0
8.347353,0.03843366048325021,,0
9.542733,0.06935047833515476,,0
8.551981,0.03899376514143496,,0
10.18829,0.0013028888131337586,,0
9.680594,0.00991361950144966,,0
10.11241,0.1902383997139212,,0
8.240385,0.03539232394425456,,0
8.17611,0.0210233919359858,,0
9.236008,0.0005617081821354687,,0
8.122074,4.128864619561184,,0
10.04429,0.0007065524570647317,,0
7.732808,3.2273497067981016,,1
9.03884,0.005459191377408221,,0
10.2744,0.3186667613580586,,0
9.381264,0.05607508109853145,,0
8.47658,0.023187108038014072,,0
8.93142,0.6889064142246436,,0
8.004032,3.1383513780842884,,0
7.52564,0.015417908847179569,,0
8.394347,3.768212081121083,,0
8.432289,0.23997922968161195,,0
8.950533,0.4686863223819685,,0
9.266153,0.000321726053802739,,0
9.499047,0.08313158198537449,,0
9.100302,0.006562675461824606,,0
9.97278,0.0006121137921608845,,1
7.512071,2.142565105424101,,0
9.6839,0.000642742653331721,,0
7.388946,0.007524337057582715,,0
10.23286,0.0008107153892830072,,0
8.907206,0.3938862832805548,,0
9.180396,0.005145383978431133,,0
9.684025,0.005323796385919253,,0
9.08387,0.62156738172264,,0
8.70118,0.002613444344741365,,0
8.551788,0.33209769549299906,,0
9.345221,0.004479616968588075,,0
9.311813,0.622710569349979,,0
8.489822,0.00026142427703547714,,0
8.17611,0.018479014179192448,,0
7.732808,1.9594450124040055,,0
9.458606,1.3713531776964756,,0
9.62139,1.1606305103052088,,0
9.600895,0.00521246887478431,,0
7.766417,1.7089950690455062,,0
7.766417,1.7282434032816971,,0
9.021719,0.05099035929440139,,0
9.204423,0.056302125521189066,,0
7.654917,2.4459043893175183,,0
8.117909,0.021049239483419413,,0
9.677465,0.0005112314783019658,,0
7.766417,1.1340615932239633,,0
9.08387,0.5903669678576129,,0
9.620926,0.11291753908106895,,1
7.663877,0.015396574549211521,,0
8.362409,0.03406764273260442,,0
7.649693,1.306551436604218,,0
7.568896,0.025430000677389986,,0
9.446519,1.1258951121236136,,0
7.751045,0.01410583533923359,,0
7.837554,0.014714616643145492,,0
9.471319,0.004703921619092077,,0
10.09055,0.12306318123102908,,0
9.557187,0.10612700963258795,,0
8.006368,0.03568889194740352,,0
7.701652,1.8852881899306746,,0
9.289798,0.7281173030172828,,0
7.680637,0.014291267604339788,,0
9.204423,0.05102074363232946,,0
9.614672,0.006565882362391139,,0
9.510297,0.0006759906529529889,,0
9.638675,0.0003962239030562257,,0
10.10283,0.12032791005891637,,0
8.927447,0.6560608460820659,,1
9.459074,0.07647975554078058,,0
7.81843,0.018809921901326996,,0
9.899429,0.09853980553301163,,0
9.510963,0.0004889246048284591,,0
7.81843,0.013140308508110737,,0
9.857862,0.0991516056752989,,0
9.024854,0.6333712572155997,,0
9.246286,0.00036426623816048404,,0
8.362409,0.03406764273260442,,0
7.987864,2.237310846189741,,1
9.388738,0.05878001482572681,,0
7.702556,0.01548045343931822,,0
9.792333,0.08486093379429688,,0
9.53806,1.0728696723780282,,0
7.825645,1.52501870054679,,0
9.236008,0.00044943105749683577,,0
9.638023,0.00039602145977444067,,0
8.136811,2.2235966275974666,,0
8.489822,0.0002715495615894312,,0
8.602269,0.3640436276931545,,0
7.837554,0.01831172068154013,,0
9.04523,0.8107893041739557,,0
8.626227,0.000281593228228643,,0
9.266153,0.0004823646767998434,,0
9.39466,0.6736614452809481,,0
10.38381,0.12869825780145913,,1
8.47658,0.03460840031281313,,1
8.043021,0.018724760742391076,,0
9.61153,3.8945876323876136e-05,,0
10.1708,0.12829060750165844,,0
7.732808,3.2273497067981016,,0
8.065894,2.3635686146059665,,0
9.62298,0.0004917977339189732,,0
7.638198,0.019983135504625656,,0
9.40253,0.5963511670988136,,0
10.10908,0.10518604529929278,,0
8.006368,0.029616732549109178,,0
8.043021,0.015528029596591011,,0
9.483873,0.06246129467927589,,0
9.755741,0.08914258062046995,,0
9.903438,0.0006350505169395021,,0
9.929837,0.0008154306671787015,,0
7.628518,1.385279547315736,,0
9.957739,0.0007593138970454512,,0
8.489822,0.0003754197262313186,,0
8.907071,0.38878146852860107,,0
8.521185,0.029305356161587727,,0
9.074062,0.05634653243710401,,0
8.6174,0.00019399432000503388,,0
9.9508,0.15560528104888505,,0
8.505525387,0.054822042567511366,,0
7.872074,0.02368977057065451,,0
10.24399,0.26919055775935513,,0
9.022443,0.4605417196068876,,0
9.542733,0.10460308496234431,,0
9.549808,0.0006674746656186997,,0
9.053336,0.004984868938633517,,0
8.741456,0.3730300373452496,,0
9.242227,0.8695718406346867,,0
7.76811,0.01861938871707786,,0
8.362409,0.021744221418632508,,0
9.073718,0.0042750531223417826,,0
7.81843,0.014306078134462347,,0
7.526179,0.0155688297459153,,0
7.512071,1.1894651575134318,,0
9.183071945,0.04187292118012206,,0
9.616005,1.3344421729459726,,0
7.81843,0.018809921901326996,,0
7.707063,0.016297267713891984,,0
10.28175,0.184856480135505,,0
8.754161,0.03486341897158389,,0
8.250881,5.017665913041399,,0
8.325064,3.336426985494504,,0
10.2755,0.11677733256213312,,0
9.919115,0.0872210138325377,,0
10.09745,0.0006424421446713126,,0
7.841493,0.023003291608303902,,0
7.689371,0.0198387050793194,,0
8.236156,4.124294512548355,,0
8.237479,2.62302939385029,,0
8.122074,2.9870983319447855,,0
8.304742,0.030968456083612813,,0
7.673223,0.029540214655525195,,0
7.642524,0.024070001277241956,,0
9.309914,0.007729471319811532,,0
7.336286,0.8634892145351065,,0
7.837554,0.021048753226560957,,0
9.42311,0.004991537197435158,,0
10.29769,0.1495728441487355,,0
9.06543,0.45940201195015556,,0
9.015298251,0.033596872398673004,,0
8.438799,0.023566524968260148,,0
9.697447,4.79330732255529e-05,,0
9.453992,0.008052340715473085,,0
9.525808,0.000453044801272356,,0
10.4254,0.0008632014880723611,,0
9.584108,0.0004145061120526111,,0
9.247251,0.005876833991561271,,0
9.548525,0.9051235868585816,,0
9.882366,0.0007775224484194297,,0
9.078749952,0.037541857036378024,,0
10.29769,0.14979737176857508,,0
9.753246,0.0005443824056409382,,0
8.659734,0.022871676148960136,,0
9.236008,0.005337338856001367,,1
10.21116,0.15204011269052792,,0
9.204423,0.07741900459951358,,0
10.07874,0.0006629933635319167,,0
7.844241,0.020319569178631147,,0
9.135832,0.0005389336967261658,,0
10.16238,0.0007717817366556367,,0
9.21164,0.0003834171299881437,,0
8.626227,0.00018708509681213147,,0
7.400621,1.4794400873049813,,1
9.334591,0.007644138212871628,,0
8.41671,0.03590752629412685,,0
9.5261,0.007113307473213266,,0
7.475339,0.0128631117336363,,0
8.602086,3.6139998148514634,,0
10.28449,0.0008421343305102264,,0
9.255313738,0.0005272937297647123,,0
8.304742,0.03110190715895845,,0
7.766417,1.7282434032816971,,0
7.757051,0.0185754406525056,,0
9.436519,1.2170827980436933,,0
8.17611,0.023026269572885956,,0
10.39001,0.12386283179066596,,0
10.18599,0.0006862441962729298,,0
9.450616,0.05509601276104418,,0
8.657824,0.003419281963129027,,0
9.842729,0.0009621301911081063,,0
9.069583,0.9180047115574508,,0
7.50769,2.3127307590288586,,0
9.001346,1.1691497689777606,,0
10.27794,0.18420291007717596,,0
10.32193,0.0010925751459941982,,0
10.09349,0.0008423649200728495,,0
9.542302,0.06285568745598899,,0
8.704336,0.05560698151846836,,0
8.693497,0.44340575151556577,,0
9.212039,0.7363725242121423,,0
9.973666,0.09246745473820728,,0
9.435242,0.008602599214563812,,0
9.009203,0.004666869928846334,,0
9.372714,0.6935879597576,,0
9.147401,0.00040349073017353535,,1
8.722743,0.00029310281914908466,,0
9.889236,0.12250059179909109,,0
7.550661,1.968888608415021,,0
9.759617,0.10296952887174168,,0
8.641532,0.04404450627065449,,0
7.825645,2.644565217119941,,0
7.50769,1.6209768690795672,,0
8.246434,2.449081156882041,,0
9.58953,0.0005698427989100382,,0
8.815815,0.00030226602589760436,,0
10.22973,0.14040170006470287,,0
7.680637,0.013107029557135292,,0
7.549609,2.8067793901669122,,0
9.483873,0.062274191590198966,,0
9.246286,0.0004949145016915387,,0
10.05462,0.0007429756377623854,,0
8.698014,0.004044344993003694,,0
7.81843,0.013268389690110467,,0
8.122074,2.867103993019094,,0
10.1491,0.0010539736546932978,,0
9.074062,0.4844531371128193,,0
9.702717,0.007692570446263413,,0
9.143025,0.0033277060819168263,,0
9.289336378,0.00040853546762827797,,0
8.430109,0.031991859413726134,,0
8.291295852,0.027298037035054148,,0
7.845416,0.030429605361681152,,0
8.418698,0.03125974451712923,,0
10.12455,0.24064997175145428,,0
10.09055,0.15510431522932813,,0
9.104091,0.6575318708840552,,0
8.529912,0.035692920717805734,,0
7.585281,2.692808791988412,,0
9.12913,0.7068650414032418,,0
9.827254,0.08364087582485012,,0
9.21164,0.0003505921243087996,,1
8.438799,0.0352275085943481,,0
8.043021,0.015528029596591011,,1
7.688455,1.1890940650020487,,0
7.390799,1.4629754485258606,,0
9.309914,0.00033288455425248015,,0
8.122074,3.4445816446047672,,0
10.12033,0.0012386485540336113,,0
9.063695,0.0066661776588016535,,0
8.285261134,0.021560368928263962,,0
9.583489,0.0004727656271849699,,0
9.574428,0.8590785627975718,,0
9.350276,0.6174346522887995,,0
9.755741,0.11235203565034274,,0
8.95157,0.4077445344287725,,0
10.38319,0.0009982442938270726,,0
9.920148,0.17224888655155668,,0
8.76155,0.02976713616949203,,0
9.147401,0.00045973650672587543,,0
7.402452,0.8525936132701023,,0
9.975203,0.0011029608514351711,,0
5.805135,0.21906272789611336,7.780569878458107e+112,0
9.138415,0.0004566093760398973,,0
9.918721,0.15087711412673704,,0
9.166179,0.003391903318261529,,0
7.766417,1.712758997000036,,0
8.136811,1.9340688331051024,,0
9.618801,0.005821340965661144,,0
9.894497,0.09815995755803213,,0
9.015298251,0.04605945119244025,,0
9.918721,0.11552254338725058,,2
7.841493,0.017718996614218052,,0
10.09055,0.23303715212496973,,0
7.724888,0.013209686276503,,0
9.074062,0.06749278494268601,,0
9.08387,0.62156738172264,,1
9.431562,0.00036718744991560455,,0
10.09349,0.0008423649200728495,,0
10.01476,0.0910719659040723,,0
9.540291,0.0005793279564516034,,0
8.462103,0.028676630598149917,,0
9.350276,0.7066766714776931,,0
7.388946,0.010666870337542303,,0
9.527557,0.0004939222029390398,,0
8.964696,0.0049090164528540784,,0
9.946834,0.10314265607055569,,0
9.269741,0.00626995984047439,,0
9.477998,0.7131026677733621,,0
8.065894,2.8311205908003116,,0
7.673223,0.03245169070631269,,0
7.342779,0.010296362969914848,,0
9.212039,0.04475647547959844,,0
7.707063,0.017783969628254497,,0
7.649693,1.2391072677554718,,0
7.707063,0.01700483080769525,,0
9.570529,0.08890496431308063,,0
9.128371,0.5118057783034003,,1
7.642044,0.011537375320483224,,0
9.435242,0.008602599214563812,,0
9.169831,0.0496923184766776,,0
7.638198,0.015163461618064018,,0
9.579625,0.0006248758952770839,,0
9.855347,0.08595394976389455,,0
9.344784,0.004249427445624833,,0
9.521422,0.0004545971719451875,,0
9.560293,0.009033467949325531,,0
9.510963,0.0006733116479762526,,0
6.60665,0.005763737133492221,6.800603012222637e+255,0
9.49296,0.06862789282766714,,0
9.752316,0.0008148723992945648,,0
8.886824,0.8989882704001617,,2
9.097843,0.003790343594159704,,0
9.024854,0.6051986519751487,,0
9.015298251,0.05279587059700942,,1
9.620926,0.0779960207743797,,0
10.28449,0.0008421343305102264,,0
10.05989,0.0007522148753559033,,0
9.382022,3.424310417030452e-05,,0
7.585281,1.3669538668604713,,0
9.929837,0.0008191083738148034,,0
9.113389,0.09680978310352868,,0
9.144628,0.00029162330770511136,,0
7.563201,1.377578051201371,,0
9.480673,1.5938728869421426,,0
9.969697,0.15892828952726548,,0
9.013717,0.04005512773416192,,0
8.237479,5.684993063251128,,0
8.575273,0.04355611757632183,,0
8.964696,0.003575387660031691,,0
7.619724,1.0896748436193642,,0
8.659734,0.05656550208798128,,0
7.619724,0.9049997089649959,,0
8.907206,0.8397147463816236,,0
10.09055,0.23303715212496973,,0
9.827686,0.0009510765133546377,,0
7.724888,0.02715199079059654,,0
7.512071,1.3687579990548657,,0
9.792333,0.13956268339259406,,2
10.18829,0.0009460914570711695,,0
9.527557,0.00045231462959657414,,0
9.594718,0.006185398282883281,,0
7.903596,1.9332940325369787,,0
9.143025,0.003968083380080906,,0
9.20140053,0.0644309282140486,,0
10.20541,0.18086694499000877,,0
9.717218,0.00046003053116235623,,0
8.438799,0.01861424730334891,,0
7.766417,1.6439559779008028,,0
9.007122,0.7822404558691968,,0
10.14843,0.0007043137853786092,,0
9.468388,0.6651623441689059,,0
7.649693,1.2391072677554718,,0
8.006368,0.02859807736127158,,0
7.673223,0.029540214655525195,,0
7.482682,0.02140835292550929,,0
9.981837,0.0007092274190832895,,0
9.899429,0.09853980553301163,,0
9.122711,0.004843216317563365,,0
8.392763,0.02475237098791333,,0
9.07932,0.006227402988461708,,0
8.43815,2.884458029210167,,0
7.50769,2.4449605140268154,,0
9.629971,0.006359176008986813,,0
10.26535,0.21958178767571523,,0
9.981282,0.08415423287247688,,0
10.05989,0.0008583586521451858,,0
9.713839,0.000527983647411184,,0
9.399886,0.006316727583768323,,0
7.583248,0.013070287213638229,,0
7.90581,0.02673974130046101,,0
8.61559,0.004171962724087738,,0
10.29819,0.0008532023549878746,,0
8.306719,6.158413454946606,,0
9.300820725,0.0003808147514562545,,0
9.899429,0.1286969715996703,,1
9.344784,0.007938975646690102,,0
7.732808,3.2273497067981016,,0
9.560293,0.006343535997227608,,0
9.536546,0.07852957183047829,,0
8.043021,0.027989984559373585,,0
9.247251,0.0077099999423048335,,0
9.981837,0.0008449489703731498,,0
9.420277,1.4994443102909045,,0
9.212039,0.04475647547959844,,0
9.042632,0.5643999035417969,,0
7.454141,0.011947351394246736,,0
8.571681,0.0003049171787123438,,0
8.960339,0.05203921720765081,,0
9.220687,0.5155339056197751,,0
9.5261,0.005405772271107244,,0
7.649693,2.431944577465962,,0
9.563389,1.2643784892595387,,0
7.76811,0.01870336477071572,,0
8.430109,0.01843187452646192,,0
8.362409,0.019972334487759227,,0
9.490091,0.0864797676005408,,0
7.90581,0.013028651541171705,,0
9.069583,0.7641029436010729,,1
9.289798,0.7281173030172828,,0
10.09349,0.0010480780288450566,,0
8.430109,0.030313145918287022,,0
10.29458,0.0008187247400824727,,1
7.688455,2.5733067043921016,,0
9.62298,0.00058643833508314,,0
10.21116,0.22706683133328215,,0
10.1577,0.16575017041517268,,0
7.841493,0.03040591978102864,,0
10.28175,0.16928433231687798,,0
8.950533,0.6724540099671962,,0
9.220885,0.0036764465989479137,,0
7.701652,3.3959403214952935,,0
10.18524,0.128954024920477,,1
9.58953,0.0006815438084110901,,0
9.253208,0.5866030322973075,,0
9.094144,0.5419352314316496,,0
8.70118,0.0031257336500388985,,0
9.792333,0.13956268339259406,,0
9.884407,0.14596229234391853,,1
8.698347,0.3873834800169782,,0
9.23815,0.000361309301799011,,0
9.073718,0.004668307230636756,,0
7.615791,2.2421730491262286,,0
7.87967,0.020737212007487,,0
9.638675,0.0004146685237955531,,0
9.579625,0.0005662598447185789,,0
9.297802,0.7067607459675631,,0
8.438799,0.023566524968260148,,0
9.473704,0.007716020326707999,,0
8.006368,0.029616732549109178,,0
8.47658,0.023117650951622423,,0
9.951897,0.0007559548512869447,,0
10.02959,0.0009637506671080487,,0
7.662468,1.9767159030991055,,1
8.205492,0.029723460437538554,,0
10.1708,0.12829060750165844,,0
10.1589,0.0007686334873874115,,0
9.730146,0.00048557676171975193,,0
9.236885,0.00464153218704248,,0
7.733684,0.01900206993796093,,0
9.662689,0.0005789282176203909,,0
9.29771,0.005663434719658647,,0
9.717218,0.0005293727734356297,,0
9.909917,0.08260577978911475,,0
9.527557,0.0003969768715211364,,0
10.16612,0.15148700185206393,,0
9.414097,1.0338847543145593,,0
9.333708,0.05623983028186499,,0
9.755741,0.10211882817176425,,0
10.09055,0.12306318123102908,,0
9.807362,0.08611376584781034,,0
8.394347,3.6114185306072892,,0
9.737551,0.0004510078543130874,,0
7.707063,0.014165330552135137,,0
9.919115,0.0872210138325377,,0
9.345221,0.004681120688833384,,0
9.492507,0.005283974227013944,,0
7.688455,1.4264541182347714,,0
10.06824,0.0006285340520126541,,0
9.315331,0.005745029399500067,,0
9.755741,0.16880380397339353,,0
9.175231195,0.03974469896791919,,0
7.559559,0.008940612672216993,,0
10.14002,0.0012390009352295128,,0
9.490091,0.08655763442619695,,0
9.438909,0.00044441344289101027,,0
9.094144,0.45175793533993536,,0
9.986541,0.14027221902437403,,0
8.529912,0.0340541658400507,,0
8.529912,0.035692920717805734,,0
9.899429,0.11210776359211881,,0
9.372714,0.6935879597576,,0
9.532134,1.064918044741553,,0
9.241257,0.575591347077746,,0
9.957739,0.0007593138970454512,,0
9.448175,0.9844752365478069,,0
7.903596,2.0202581508122757,,0
9.081256219,0.00045642556217383564,,0
7.615298,0.013475920230352371,,0
8.290293,0.03083385593516999,,0
9.39466,0.04981557459504851,,0
8.290293,0.02446426068411402,,0
8.571681,0.0002341683250378561,,0
7.701652,2.282064909398843,,0
9.532134,0.7028567643385254,,0
8.93142,0.659845313045384,,0
9.63587,0.010024431609401004,,0
7.571474,1.2320436736274663,,0
7.628518,1.1365552286265308,,0
7.50769,1.5485654296619389,,0
7.585281,1.6300078152641175,,0
8.704336,0.032599884983488904,,0
10.09601,0.000767546667676434,,0
7.90581,0.015710839639176306,,0
7.615791,2.2421730491262286,,0
10.03513,0.16030330828870176,,0
10.19377,0.11797300565056433,,0
9.204423,0.056302125521189066,,0
8.498622,0.00037836961474743474,,0
9.1072,0.042595818523559884,,0
8.521185,0.019604719017700136,,0
10.38381,0.1129528615906411,,0
9.905935,0.11888290133946756,,0
8.626227,0.00021528518187189288,,0
7.825645,1.670305715148442,,0
9.899429,0.1286969715996703,,0
8.236156,1.988528619161664,,0
10.1708,0.12829060750165844,,0
8.043021,0.015528029596591011,,0
7.701652,1.8852881899306746,,0
10.14002,0.0012390009352295128,,0
9.169831,0.0496923184766776,,0
8.043021,0.017841848760923738,,0
9.246286,0.00045390368311037964,,0
10.05264,0.0009369925811259009,,0
10.25446,0.0009964983498760805,,0
9.490091,0.08655763442619695,,0
9.376956,0.006201240884116539,,0
9.509259,0.00557894308127587,,0
7.513709,0.008538991020090581,,0
10.47802,0.001169327397103773,,0
9.491224,3.590934965081122e-06,,0
9.53806,1.0266868788349683,,0
9.435562,0.004186313923799341,,0
7.58121,1.7898908026596543,,0
7.638198,0.020940575598859982,,0
7.646354,0.015045086271634197,,0
9.024854,0.4813317563546533,,2
7.76811,0.011973590609161781,,0
9.266153,0.00036822730306142426,,0
9.958118,0.0007595322618871573,,0
6.555357,0.665689316758461,2.982129061064479e+242,0
9.276877,0.6875683878508597,,1
9.430038,0.006471425076578805,,0
9.884407,0.12714756190500498,,1
9.514732,0.00047182188611948793,,0
9.713839,0.000527983647411184,,0
9.975064,0.09217566333187437,,0
8.927447,1.0325157075228548,,0
9.490091,0.05996796398269568,,0
9.560293,0.006343535997227608,,0
10.28514,0.001009203826517894,,0
9.204422898,0.05927764076406289,,0
9.19075,0.007125043990548702,,0
9.529812,0.1032574063495959,,0
9.899429,0.11785565154375094,,0
9.068316,0.7619397179130303,,0
9.255313738,0.0005272937297647123,,0
9.268609,0.8935841418717583,,0
7.647309,0.013850134768104018,,0
9.432844,0.00048628716424330723,,0
7.390799,1.8257161852023913,,0
8.6174,0.0002794235917122981,,0
10.20541,0.09652110126379938,,0
9.15440474,0.0002935464052220719,,0
7.429521,0.7448361304733999,,0
10.25446,0.0008633735808912834,,0
10.39946,0.0007361448886905682,,0
7.642524,0.028658964889956333,,0
10.05989,0.000820178518161966,,0
7.837554,0.014714616643145492,,0
7.550661,1.7176708658684336,,0
9.477922,0.005202616473871429,,0
9.453992,0.008364217798941085,,0
7.750184,0.017604407681543262,,0
8.043021,0.023211474615113185,,0
10.28288,0.0008411388554344731,,0
9.604407,4.295087664674173e-06,,0
9.940109,0.10247818234389483,,0
7.559559,0.013840569779832407,,0
9.644458,0.009250296493132738,,0
9.602788,0.9554904030520885,,0
10.16157,0.000970682655601953,,0
7.837554,0.021048753226560957,,0
9.510297,0.0007444005390847377,,0
7.825645,1.6118888218621579,,0
8.658866,0.038929011951943204,,0
8.236156,3.4328642736151216,,0
7.784889,0.01988377978285579,,0
7.649693,1.8605854103874724,,0
9.852615,0.09797008998225588,,0
9.807362,0.11314489803021822,,0
7.541683,0.011514625150241634,,0
9.25033,0.005400185310538626,,0
8.704336,0.032599884983488904,,0
8.237479,2.8902121479267775,,0
9.755741,0.19424827663088803,,0
7.680637,0.011984914017681867,,0
9.549808,0.0005802165729172134,,0
8.043021,0.015504755012498235,,0
8.521185,0.030715588776878213,,0
10.22973,0.1118331021179018,,0
9.503607,0.6871214374916008,,0
9.081484,0.047197169090692,,0
10.16157,0.0008435334797227748,,0
7.844241,0.02535775044150427,,0
9.31551087,0.0004391039547659337,,0
9.255313738,0.0005783954216412612,,0
9.021477467,0.05330236672679804,,0
7.550661,0.8680284619345818,,0
7.688455,1.4950979562641835,,0
9.549808,0.0005805648073208349,,1
9.781433,0.1384169762497621,,0
9.61153,0.008605638403237739,,0
9.008224,0.004077840609054831,,0
7.482682,0.02140835292550929,,0
8.304742,0.023548665230462434,,0
7.81843,0.015774338771618678,,0
7.707063,0.019609173037052535,,0
9.499047,0.06611691918838619,,0
9.899429,0.09853980553301163,,0
10.18524,0.22161816972866116,,0
9.625096,0.006675694939813166,,0
10.34003,0.0008112116436015998,,0
9.899429,0.0777859313325403,,0
7.76811,0.01870336477071572,,0
9.677465,0.000536315430887817,,1
7.81843,0.013140308508110737,,0
9.078749952,0.037541857036378024,,0
9.62298,0.0004273774249681898,,0
8.638348,0.6302837127748527,,0
9.350276,0.05651879494047982,,0
7.837554,0.014736705130334062,,0
10.02473,0.0007987682717665955,,0
9.581145,0.09445866007263398,,1
9.39466,0.6736614452809481,,0
9.827686,0.0008636732505075039,,0
8.602086,3.1481505106866843,,0
7.844241,0.020319569178631147,,0
9.379746,0.6649056063381539,,0
7.680637,0.01008096199095087,,0
8.41671,0.040912961486202055,,0
9.483873,0.05465534859227177,,1
7.550661,1.2435487972982437,,0
8.552367,6.8027088703633485,,0
7.476472,0.01280849511177652,,0
8.362409,0.02401186397104743,,0
9.618801,0.005821340965661144,,0
9.300821,0.0005709566364559169,,0
7.516433,1.149067952487893,,0
8.418698,0.025048931003852373,,0
9.566545,0.006049497979551232,,0
7.568896,0.021294090780328054,,0
9.16178,0.008320851752027712,,0
8.065894,2.2281521323563105,,1
7.496097,0.0130594696666189,,0
9.480138,0.0049919561428368505,,0
10.12033,0.00094414163170109,,0
9.234057,1.188502769662318,,1
9.514732,0.0006143725815480522,,0
7.903596,1.5215435312316705,,0
7.58121,1.638784181068527,,0
9.153876,0.004762839810279844,,0
9.802617,0.0006743831632493319,,0
7.837554,0.01831172068154013,,0
7.390799,1.1635461180300348,,0
9.618801,0.005821340965661144,,0
9.584108,0.0004942728635548533,,0
9.47884,1.8307377724482334,,0
9.677465,0.0007706408785232957,,0
7.638198,0.015889979541998285,,0
7.680637,0.01008096199095087,,0
9.349406,0.007046422501152218,,0
9.600895,0.00521246887478431,,0
9.483721,0.7080352767691597,,0
9.755741,0.10257939840434852,,0
7.585281,2.6847424711434633,,0
9.022564,0.04065133212528287,,0
7.485492,1.7162335814295722,,0
9.884407,0.14596229234391853,,0
9.460321,0.008482615017130418,,0
10.28449,0.0007723513313629393,,0
8.875986,0.00037660509682279654,,0
9.297802,0.9689298366032216,,0
10.08988,0.0007351031109860412,,0
10.26535,0.21905542327523025,,0
9.716977,0.07882183953080422,,0
9.197356,0.07354462287136501,,0
7.724888,0.02591055382538659,,0
10.10769,0.0006473806414263158,,0
9.246286,0.00045390368311037964,,0
10.34003,0.000968771705686206,,0
8.754161,0.04587581686298767,,0
9.220885,0.0036874924993108783,,0
9.069583,0.06453466511169721,,0
10.32401,0.19270823947281365,,0
7.50769,1.5541503119651996,,0
9.773891,0.14967996903263941,,0
10.10704,0.11474382171239339,,1
9.166179,0.005536658802918757,,0
9.258273,0.006530070031269593,,0
10.28449,0.0008421343305102264,,0
10.35313,0.00097808285854529,,0
9.435242,0.008602599214563812,,0
8.730044,0.3250812224891253,,0
9.555914,0.009152024388056849,,0
8.430109,0.02027891096063599,,0
9.490091,0.05733495576702627,,0
10.09601,0.0010570098264807543,,0
7.637716,0.017265528379485542,,0
9.371779,0.9131724163012217,,0
9.069583,0.7663986943361659,,0
8.499029221,0.0001916811908277983,,0
7.277248,0.010946983859554362,,0
6.694562,0.0070178230829465995,3.074336343340301e+279,0
9.996887,0.0008546213202328998,,0
7.512071,2.5725657794032686,,0
8.240385,0.02945886722172342,,0
7.649693,1.785844075645769,,0
9.073718,0.005113052216740427,,0
9.600895,0.009738173903557037,,0
7.637716,0.010611220027359067,,1
7.58121,1.5638560744677996,,0
7.837554,0.016769157385639947,,0
7.569412,0.013977440462092438,,0
9.319643,0.007779027486559432,,0
7.365813,0.7882112491309062,,0
10.28288,0.0010496969200110172,,0
9.270683,0.006035372927738134,,0
9.618801,0.007614319670712942,,1
8.067149,0.0229077785411353,,0
9.289614,0.0004906369856969542,,0
7.987864,2.237310846189741,,0
8.347353,0.03373155167091185,,0
10.25446,0.0008262087650115858,,0
9.160415,0.9150077357825904,,0
7.619724,1.0913105823821567,,0
9.675206,0.1189759589334782,,0
9.270683,3.151813554558655e-07,,0
10.28175,0.212720636888216,,0
7.468513,2.433502223538563,,0
10.39946,0.000802656586222217,,0
8.351138607,0.0002118999808190806,,0
9.677465,0.000536315430887817,,0
10.1708,0.16780423995601645,,0
9.122711,0.004843216317563365,,0
7.680637,0.013717174950524668,,0
7.526179,0.023478164575189635,,0
9.770756,0.09005618824062175,,0
8.064007,1.9494293177742816,,0
7.533694,1.390928217465907,,0
9.266153,0.0004823646767998434,,0
9.6839,0.000642742653331721,,0
9.438909,0.0005587797044479671,,0
9.349406,0.005595820844584537,,0
9.532134,0.7028567643385254,,0
8.98507,0.003999318981144044,,0
8.658866,0.0506905641167599,,0
7.81843,0.021528647526844122,,0
6.476972,0.4563985424853393,1.4270711103790657e+224,0
6.476972,0.4142072384230393,9.4170724716258e+223,0
7.825645,1.7548908699817076,,0
7.766417,1.7282434032816971,,0
7.729296,0.013747543322729285,,0
9.996887,0.0008546213202328998,,0
7.585281,2.157790560320256,,0
9.983592,0.0008519300446354733,,0
7.473069,0.9911982340783567,,0
8.043021,0.025555351630505124,,0
9.094256,0.03810190136975872,,0
7.526179,0.02143598007655593,,0
7.707063,0.019609173037052535,,0
8.418698,0.027353135125710474,,0
6.476972,0.6247592805833625,8.535716168449571e+223,0
10.18829,0.0009460914570711695,,0
10.0745,0.10605794883605534,,0
10.04277,0.10244646330850869,,0
7.90581,0.02673974130046101,,0
9.275941,0.5417458936650345,,0
8.571681,0.0002450690958171341,,0
9.268609,0.8935841418717583,,1
9.809012,0.0902674472398291,,0
7.619724,1.0896748436193642,,0
7.81843,0.016437815297123706,,0
9.586171,1.0772576851427365,,0
9.529812,0.059490995291979265,,0
9.339085,0.006973208343672286,,1
7.637716,0.014438697585057175,,0
9.463509,1.1976368335526286,,0
9.560293,0.006343535997227608,,0
9.924564,0.0007057799384499982,,0
8.043021,0.02119248741968711,,0
9.574428,0.8122924019295787,,0
7.637716,0.010611220027359067,,0
7.649693,1.619619386400018,,0
9.078749952,0.037541857036378024,,0
8.521185,0.019604719017700136,,1
8.362409,0.019912507269993003,,0
10.03907,0.19302485182965604,,2
9.334591,0.005809178155627574,,0
9.153453,0.004779782147630619,,0
10.11241,0.11539696120031513,,0
10.10908,0.1442042420526003,,0
8.438799,0.03869952289070215,,0
7.766417,1.188397212297984,,0
7.550661,0.8693314816479465,,0
9.122711,0.006959300931667805,,1
9.49296,0.09507813745680443,,0
8.61559,0.0034725409989029977,,0
7.438972,2.039200109103478,,0
7.628518,1.2655438598093294,,0
8.795885,0.00033937603421671763,,0
7.356918,2.010661330150718,,0
10.0846,0.1536321763529531,,0
9.548525,0.9486799523235947,,0
8.438799,0.023566524968260148,,0
9.212039,0.5315175078585107,,0
9.074062,0.05634653243710401,,0
8.362409,0.021744221418632508,,0
9.074062,0.040793416268756794,,0
7.638198,0.015889979541998285,,0
7.494986,2.1874682557419436,,0
9.435242,0.005498989740645267,,0
9.58953,0.0005698427989100382,,0
7.786967,2.760351594498874,,0
9.532134,1.064918044741553,,0
9.837187,0.10644054399028982,,0
7.78904,0.021964589896159077,,0
9.857862,0.0991516056752989,,0
9.073718,0.0037520281305240383,,0
10.15203,0.0007368641040459103,,0
9.473627,0.0006217217240916721,,0
7.955776,0.016317674304920902,,0
7.90581,0.016990441088478803,,0
9.068316,0.7291412284127735,,0
8.767796,0.48198396081836775,,0
9.522007,0.00039464074797663807,,0
10.09349,0.0008048961936485649,,0
7.611348,1.4637019725610523,,0
7.766417,1.1340615932239633,,0
9.122711,0.006629829108991289,,1
9.414097,0.08705835079947746,,0
8.236156,2.1030632616693397,,1
9.073718,0.004668307230636756,,0
9.1072,0.042595818523559884,,0
7.585281,2.6847424711434633,,0
9.089753,0.5431748382883265,,0
10.0846,0.1013988023800729,,0
9.094256,0.03810190136975872,,0
10.0745,0.1327523857704075,,0
8.043021,0.02119248741968711,,0
9.240482,0.004864607131050986,,1
9.975203,0.0011029608514351711,,1
9.501741,0.08749962601079984,,0
7.588324,1.2566101538206027,,0
9.140347,0.5182586108180153,,0
9.25033,0.005400185310538626,,0
7.550661,1.0930470177106804,,0
9.618867,0.004242626266255875,,0
10.36904,0.12149438099787895,,1
9.490091,0.10368012995291255,,0
9.601504,0.8751951199325165,,0
9.169831,0.0496923184766776,,0
8.17611,0.022283259901603625,,0
9.350276,0.6712040819126529,,0
7.585281,1.9730583669528516,,0
9.566545,0.8421760639507022,,0
9.211639528,0.00030769933516296545,,0
6.437752,0.29542781081875763,1.1117384999746954e+215,0
8.978282,0.6926430602004015,,0
10.1708,0.16780423995601645,,0
7.603399,0.015955291771680966,,0
9.42311,0.004991537197435158,,0
8.392763,0.04222115006725595,,1
9.434843,0.007531881678445525,,0
7.342779,0.01613177167170039,,0
9.143025,0.007758454890549371,,0
8.521185,0.020272601679605068,,0
9.991178,0.0007093455629267363,,0
8.521185,0.030715588776878213,,0
9.376956,2.5057542489486795e-07,,0
7.443664,0.7559221902985902,,0
9.807362,0.11314489803021822,,0
8.304742,0.026911915414468947,,0
7.619724,1.04141393546803,,0
8.602086,7.4731391185954275,,0
8.122074,2.0027123938093965,,0
10.19377,0.09396814413212488,,0
8.987822,0.46949776996805387,,0
9.960529,0.1492706707225523,,0
8.609408,0.004168114354132007,,0
10.02959,0.0010071024416398813,,0
9.152605,0.00036776726659677977,,0
8.438799,0.028076341200883655,,0
9.697447,4.3895233161075813e-05,,0
9.473704,0.004924874191369726,,0
7.642044,0.011537375320483224,,0
7.58121,1.7898908026596543,,0
10.44973,0.0009956130158344783,,0
10.19212,0.15593026642062705,,0
10.16157,0.0008435334797227748,,1
10.07874,0.0006062333514688739,,0
9.068316,0.5262979210386731,,0
8.499029221,0.0001916811908277983,,0
9.563389,0.8070099256120057,,1
10.22339,0.0008891999584005507,,0
9.6839,0.0005165873617232636,,0
10.38319,0.0010415841243625718,,0
9.957739,0.0009475836883536585,,0
9.350276,1.163948329275366,,0
10.18524,0.10733512452651002,,1
8.521185,0.026860862552135257,,0
7.786967,2.2890984747985788,,0
9.009203,0.004866566200888069,,0
10.41214,0.31479048203530474,,2
8.418698,0.027353135125710474,,0
9.150272,0.005679533170666121,,0
9.638023,0.0004330998929875879,,0
7.680637,0.02840737213499722,,0
9.852615,0.18551991371027085,,0
9.133027,1.2834643432596116,,0
9.578311,0.0005969997621949051,,0
9.483873,0.05465534859227177,,0
9.269175158,0.054555809873647686,,0
9.490091,0.09072296169596732,,0
9.596894,0.0004187021760546718,,0
10.28288,0.0008411388554344731,,1
9.58953,0.0008188169310087645,,0
7.402452,1.4182556974192293,,0
9.177094,0.004862157000043349,,0
9.664532,0.0006007743038863009,,0
10.29157,0.000849067474248338,,0
9.270683,0.006269130362110942,,0
10.09055,0.12391525345008485,,0
7.542213,1.1731251909936902,,0
10.28309,0.0012172031923157259,,0
8.432724,0.021063577132130147,,0
8.875986,0.0003305299085041153,,0
9.899429,0.09853980553301163,,0
7.825645,1.670305715148442,,0
9.490091,0.10368012995291255,,0
9.521422,0.0007069158893452662,,0
9.345221,0.004891688520934144,,0
10.28514,0.0009305883387095968,,0
9.468388,0.6971712925344449,,0
9.677465,0.000536315430887817,,0
6.495266,0.007043669349603746,1.709975080083188e+228,0
9.349406,0.005595820844584537,,0
7.400621,1.4794400873049813,,0
10.57743,0.0008368317759012688,,0
9.097843,0.0033266196659209185,,0
9.58953,0.0006815438084110901,,0
8.489822,0.00026142427703547714,,0
9.644458,0.006777820596423782,,0
9.490091,0.057507218899829224,,0
7.628518,1.4955618542644793,,0
9.344784,0.007938975646690102,,0
8.432724,0.04203259322980414,,0
8.064007,1.6981453283640902,,0
9.492507,0.005268146058456862,,0
9.755741,0.08975979135500352,,0
9.770756,0.09046235427587894,,0
9.677465,0.0004918739470290018,,0
7.512071,0.9545681484259306,,0
9.072571,0.04893291808153096,,0
9.315331,0.008987502747002026,,0
7.750184,0.012418028241032273,,0
9.490091,0.06617551205710835,,1
8.432724,0.022296848522303146,,0
8.521185,0.020272601679605068,,0
7.825645,1.4681552381174805,,0
9.068316,0.5799068239116323,,0
8.377701,2.3401891341617005,,0
9.21164,0.0003505921243087996,,0
9.361085,0.07564973783366916,,0
10.10283,0.16496289995927965,,0
7.390799,1.8257161852023913,,0
9.113389,0.0431312612964261,,0
8.117909,0.023911617541148723,,0
10.14843,0.0007043137853786092,,0
7.512071,2.142565105424101,,0
10.60574,0.0009389069629999327,,1
9.510963,0.0004678783354965375,,0
9.755741,0.10257939840434852,,0
9.973014,0.1447824119725459,,0
9.372714,0.8320379612293947,,0
9.08387,1.2756923412638614,,0
8.47658,0.023187108038014072,,0
10.21746,0.0006721884288715759,,0
9.966134,0.10564001573874474,,0
9.113389,0.0675756731944492,,0
7.533694,1.8248016690298279,,0
9.16785,0.00552768085302887,,0
8.98507,0.00458423888991758,,0
7.76811,0.024537521650295033,,0
7.766417,1.3653427811638146,,0
8.122074,2.9870983319447855,,0
9.581145,0.07519331112828244,,0
9.536546,0.008253581533441277,,1
9.021477467,0.03402109366185788,,0
10.18524,0.12351417723099777,,0
9.549808,0.0005552405456445737,,0
9.122711,0.0053046247183891814,,0
9.104091,0.6039511007924772,,0
7.568896,0.010825772198420978,,0
9.770756,0.09908061278108092,,0
9.602788,0.996974028255507,,0
8.423761,0.020850600695600612,,0
9.983592,0.0008140358576691944,,1
7.58121,1.7898908026596543,,0
7.58121,1.1370698129456944,,0
9.884407,0.14596229234391853,,1
9.436519,1.1162298999002307,,0
9.35496,0.05299826752653836,,0
9.104091,0.6885536483135147,,0
7.438972,1.489674481924866,,0
8.285261134,0.03551150958491136,,0
9.022564,0.6060918886842245,,0
10.0846,0.11675308033655028,,0
7.512071,0.8277896180387646,,0
9.450616,0.07576052281999271,,0
9.305378,0.00038165380624697004,,0
9.639717,0.08755825146635375,,0
9.807362,0.07838787664289933,,0
9.234252,0.5717783516401483,,0
7.390799,1.2782249277859903,,0
9.58953,0.0006567218278941677,,0
9.414097,0.9482124615284265,,0
8.699181359,0.00022977228658640396,,0
9.51731,0.0004486523286742623,,0
7.390799,1.9135733160435693,,0
8.430109,0.031991859413726134,,0
9.21164,0.00030769945427630877,,0
9.884407,0.1268427736486392,,0
9.212837,0.5826367490469021,,0
9.614672,0.007852931509185847,,0
8.761393,0.004919316474253433,,0
8.006368,0.029616732549109178,,0
9.1072,0.042595818523559884,,0
9.529812,0.059490995291979265,,0
9.894497,0.14168387847969788,,0
10.14002,0.0006073229160181202,,0
9.094144,0.5419352314316496,,0
9.166179,0.00404463460795852,,0
9.300821,0.0005709566364559169,,0
8.498622,0.0002418630204398687,,0
7.844241,0.019516971505150717,,0
9.510297,0.000646891930558149,,0
8.250881,2.661699605040755,,0
7.400621,1.8490346587235176,,0
7.50769,2.0316107942631927,,0
8.70118,0.004064005337542979,,0
9.072571,0.04893291808153096,,0
9.181118,0.004505028133578526,,1
8.769973,0.03725046613350075,,0
9.240482,0.005818171040964005,,0
9.246286,0.0004949145016915387,,0
9.852615,0.09797008998225588,,0
9.89953,0.0009601818745762566,,0
10.4254,0.0012864581973061776,,0
7.327123,1.1290571770679667,,0
9.276596,0.9868043875210237,,0
7.468513,1.8604743163595348,,0
9.015784,0.3974018008372734,,0
8.841304,0.0036523253772878417,,0
9.247251,0.0077099999423048335,,0
7.468513,1.4796883096541276,,1
10.09646,0.1186043686867362,,0
8.304742,0.021779499571902245,,0
9.078294,1.0530821798869716,,0
9.590761,0.00047949347456578586,,0
9.536546,0.009012812998709157,,0
9.981837,0.0007756304910440571,,0
8.342363,3.526610527639664,,0
10.07192,0.08439752156394364,,0
8.571681,0.0002244246900432912,,0
10.21116,0.10997404520955173,,0
10.44973,0.0009986043396241703,,1
8.587279,5.115890721629562,,0
8.290293,0.021503448227656572,,0
8.98507,0.007182331788104324,,0
9.426338,0.8022308203827392,,2
8.41671,0.03590752629412685,,0
8.722743,0.00029310281914908466,,0
7.707063,0.01841742944771427,,0
7.766417,1.3653427811638146,,0
9.266153437,0.0003682274342592824,,0
10.41832,0.21115186223660956,,0
9.089753,0.7793274108447097,,0
9.300821,0.0005709566364559169,,0
8.769818,0.025690323818368166,,0
9.315511,0.00038538247761077377,,0
9.300821,0.0003808148365218497,,0
9.633776,0.072887191402608,,0
7.448334,0.015046145195411727,,0
9.458606,0.6992814111630857,,0
7.583248,0.010960977904737613,,0
7.872074,0.02386811179354657,,0
9.561279,0.008346276197612098,,0
9.20392,0.004517840162175133,,0
9.04523,0.8107893041739557,,0
9.137017,0.44880666614855025,,0
8.47658,0.023117650951622423,,0
9.1072,0.06693728202010821,,0
8.065894,2.958471061947684,,1
8.571681,0.0002129676325976431,,0
9.015298251,0.033596872398673004,,0
9.899429,0.1286969715996703,,0
9.207536,0.056824282034003734,,0
9.560293,0.006343535997227608,,0
9.255983,0.005474214306371713,,0
9.523617,0.08161481068422403,,0
7.53048,0.011887494940643806,,0
9.39466,0.891787323880652,,0
7.729296,0.011528937057146268,,0
8.237479,2.7492548381573494,,0
9.842729,0.0008361012977495364,,0
9.542302,0.04999092172682612,,0
9.770756,0.17130297790201715,,0
8.93142,0.35128766048984533,,0
7.649693,1.306551436604218,,0
9.069583,0.46810963112402426,,0
9.053336,0.003205625105016436,,0
9.629971,0.006359176008986813,,0
8.571491965,0.00025681951995227577,,0
9.220885,0.006289909530739878,,2
9.281172,0.6381571834838181,,0
9.49296,0.07561835563191582,,0
9.537628,0.16354029951753862,,0
7.825645,1.838971913196238,,0
9.625096,0.00911091649778401,,0
8.620291,0.6720101274465671,,0
9.987185,0.0010660578418297862,,0
9.537628,0.16354029951753862,,0
9.266153,0.0007210441853630207,,0
8.043021,0.03672092484622867,,0
7.628518,1.385279547315736,,0
9.960529,0.16398275010185334,,0
7.766417,1.9721129252034595,,0
7.841493,0.017718996614218052,,0
10.09394,0.09916725347176013,,0
8.117909,0.028513122799964735,,1
9.899429,0.0777859313325403,,0
9.792333,0.09765236182371954,,0
9.081484,0.049468391690208,,0
9.581145,0.05980338586904897,,0
9.20140053,0.046997469958798374,,0
7.512071,1.4933228813285586,,0
8.304742,0.018926615155304752,,0
9.807362,0.12336769431753682,,1
9.304013,0.7070304408638808,,0
7.628518,2.274822343284372,,0
9.333708,0.07345149304288716,,0
9.97278,0.0006674191104815351,,0
9.510963,0.0004903935810054764,,0
10.05462,0.0007099277861153585,,0
9.122711,0.0035486917997154493,,0
8.122074,1.7564635809950315,,0
9.173054,0.000492902234025041,,0
9.29771,0.005663434719658647,,0
9.1032,0.05783869047335949,,0
9.981837,0.0005635613695976324,,0
9.855347,0.08595394976389455,,0
9.730146,0.0003896844791338486,,0
9.807362,0.09020359487300318,,0
7.729296,0.015012154015488346,,0
9.189423,2.6298226227759363e-05,,0
8.371242136,0.00018667689332543922,,0
10.09658,0.11412643356600513,,0
9.169831,0.042770574879930745,,0
8.741456,0.3730300373452496,,0
7.526179,0.025522765591901652,,0
10.23286,0.0006798805048208453,,0
8.246434,4.802866447344319,,0
7.638198,0.015163461618064018,,0
7.473069,0.9082453476033006,,0
9.473704,0.007716020326707999,,0
9.996887,0.0007845093343047983,,0
10.08988,0.0008388322754653955,,0
9.39466,0.9305052126075862,,0
7.844241,0.02104334631570779,,1
7.585281,2.157790560320256,,0
9.177094,0.004862157000043349,,0
7.750184,0.019227649228905644,,0
8.575273,0.0345894999345983,,0
9.884407,0.07666523274341971,,0
9.053336,0.003511021820002919,,0
8.602269,0.30529353290274525,,0
9.140347,0.715852661931413,,0
7.750184,0.011850254061513266,,0
7.615791,2.2421730491262286,,0
9.490091,0.10368012995291255,,0
9.737551,0.00039193058878248644,,0
7.702556,0.013452677537806232,,0
7.825645,1.400748410394173,,0
9.276877,0.627762115562292,,0
9.977992,0.0007065299053188879,,0
10.1491,0.0007029759869361884,,0
9.49296,0.06862789282766714,,0
9.289798,0.7281173030172828,,0
8.961494,0.00045328902800160874,,0
9.719204,0.005974984413454844,,0
10.05672,0.0007823021139107187,,0
7.844241,0.020319569178631147,,0
8.521185,0.03534547234819457,,0
10.32401,0.20198174712244968,,0
7.76811,0.02461124474459506,,0
8.571681,0.0002450690958171341,,0
7.766417,1.712758997000036,,0
9.221874,0.9753859056885115,,0
8.892749,0.00023543896750850344,,0
7.638198,0.018323578865204863,,0
9.240482,0.0037414975967866703,,0
9.996887,0.0007845093343047983,,0
9.614672,0.006283247110992652,,0
9.986541,0.16102907782268613,,0
9.335915,0.004049569598859015,,0
10.28459,0.16922327269219478,,0
10.20218,0.17988839432866913,,1
10.32193,0.0010975028130866872,,0
9.300821,0.0003808148365218497,,0
9.639717,0.11504280803806823,,0
9.173054,0.0005921801204425418,,1
10.22662,0.0009286284102291111,,0
9.97278,0.0008329038423353846,,0
9.350276,1.163948329275366,,0
9.827686,0.0005512533561475897,,1
9.246286,0.00045390368311037964,,0
9.301369,0.00428706822839388,,0
9.97278,0.000704380152760008,,0
9.113389,0.0675756731944492,,0
8.309677,0.03770366189245045,,0
9.234252,1.23923733771812,,0
9.345221,0.009138877304252788,,0
7.955776,0.02030259750056792,,0
9.737551,0.0004510078543130874,,0
10.01476,0.0913455920357625,,0
9.07875,0.05662533776122064,,0
9.334591,0.005106116360012738,,0
9.242227,0.9059652530883037,,0
10.34721,0.0008450309069256194,,0
9.009203,0.00509616652935078,,2
8.98507,0.004768940161800186,,0
8.394347,3.7852072459275847,,0
9.160415,0.7343109082466144,,0
9.068316,0.5262979210386731,,0
7.786967,2.2890984747985788,,0
7.53048,0.014175101389240984,,0
9.247154,0.6055238828602012,,0
9.334591,0.005809178155627574,,0
9.297802,1.160599778866795,,0
9.6839,0.0005585501541643751,,0
9.433164,0.000827207533195007,,0
9.441135,0.004205030335491987,,0
7.637716,0.011119629105633301,,0
8.600063,0.0027056952200106453,,0
9.618867,0.004242626266255875,,0
7.81843,0.015598651860588397,,0
9.246286,0.00036426623816048404,,0
9.237177,0.008799398343728206,,0
8.907071,0.507764322682183,,0
9.311813,0.622710569349979,,0
8.488794,6.334559334121893,,0
9.163249,0.5852203989284082,,0
7.628518,1.2056296462607958,,0
7.512071,2.2355868328254545,,0
9.677465,0.0005874096684932653,,0
7.949091,3.3611249110967854,,0
10.28449,0.0010509392203924758,,0
8.430109,0.01843187452646192,,0
10.23556,0.0008123328712846452,,0
9.068316,0.5799068239116323,,0
7.955776,0.018073537168295947,,0
8.228177,2.473990922175126,,0
7.949091,2.818699794688003,,0
9.348623,0.004708113524997827,,0
10.01135,0.0007224011731031717,,0
9.204423,0.05927764704150129,,0
8.489822,0.00020854287800606305,,0
7.512071,1.0439418186279563,,0
9.581145,0.07519331112828244,,1
9.024854,0.4813317563546533,,0
8.432724,0.025519563308885152,,0
9.618801,0.005570755274889416,,0
7.594381,0.012720625750275619,,0
6.437752,0.44936007358158514,3.620057849664294e+215,0
8.498622,0.0003288071914207047,,1
10.29809,0.1302238273638922,,0
9.957739,0.000605173539165387,,0
9.563389,1.2643784892595387,,0
9.160835,0.00048679379060797255,,0
10.163,0.0008784532502987484,,0
7.76811,0.01861938871707786,,0
7.395722,1.7598624120792836,,0
9.029058,0.006169514819571925,,0
9.123474,0.5862916098783822,,0
9.042158,1.0608885730846223,,0
10.50359,0.0009958514532271135,,0
9.967213,0.0012540075354514682,,0
7.585281,0.9484604474781804,,0
10.28459,0.14776438074773526,,1
7.468513,2.433502223538563,,1
9.266153,0.0002941825281819739,,0
8.997766,0.4074143046715664,,0
7.81843,0.021528647526844122,,0
9.074062,0.6691583324314743,,1
10.28148,0.0011033740635022465,,0
8.798756583,0.00021760353832993634,,0
9.697447,4.79330732255529e-05,,0
7.628518,1.4441226268259904,,0
10.26535,0.12124639193221017,,0
10.02787,0.11622775119408968,,0
6.495266,0.007714712721910017,1.621706187793717e+228,0
9.39466,1.0634011452175147,,0
10.09394,0.09916725347176013,,0
9.169831,0.042770574879930745,,0
7.903596,2.0202581508122757,,0
9.362203,0.000540832175817271,,0
9.07875,0.03754185893316629,,1
8.438799,0.03869952289070215,,0
7.402452,1.132047267254394,,0
9.309914,0.00033288455425248015,,0
7.619724,1.3091516645569434,,0
9.398147,0.0004689793618582797,,0
7.306531,1.3111287379634025,,0
7.623642,2.166887553726929,,0
8.309677,0.031382713698368446,,0
9.969697,0.10536737901823362,,0
8.177235,3.688368874371311,,0
10.11241,0.1902383997139212,,0
10.06603,0.13835847423725198,,0
7.76811,0.01434215986366127,,0
10.18524,0.09392118234682924,,0
9.523617,0.061967543062730446,,0
7.365813,1.0824325371375325,,0
7.627057,1.3212411839629015,,0
8.423761,0.019180281731624067,,0
7.589842,1.3196007439522808,,0
9.080232,0.00036466295133218856,,0
9.096612,0.00454912257900252,,0
10.10267,0.1045504003158778,,0
8.997766,0.8856577730145401,,0
8.290293,0.02679494646387328,,0
9.97278,0.0006121137921608845,,0
9.022443,0.9551834802231985,,1
9.986541,0.097327828575648,,0
10.52291,0.0008397310007703448,,0
9.07875,0.03754185893316629,,0
7.533694,1.6811386078594805,,0
7.390799,1.9135733160435693,,0
9.981837,0.0006485092293141543,,0
7.786967,1.6085900676319818,,0
9.730146,0.001043919213582071,,0
9.177094,0.003901972391179643,,1
9.074062,0.4844531371128193,,0
9.770756,0.0791570448997787,,0
9.638023,0.0004330998929875879,,0
10.16501,0.0007070891279013962,,0
8.430109,0.033300801877943646,,0
9.075665,0.00039550867931425446,,0
9.250522,0.5814784745097625,,0
8.521185,0.03372266972929137,,0
9.435562,2.1046748442834333e-07,,0
9.420763,0.004760544230452379,,0
7.568896,0.025430000677389986,,0
9.21164,0.00030769945427630877,,0
9.483873,0.062274191590198966,,1
9.634627,0.004942892324492173,,0
9.334591,0.008011989501357555,,0
9.633776,0.1089525997155464,,0
9.255983,0.00686234184098526,,0
9.477922,0.006845980331367513,,0
7.750184,0.01459894560311219,,0
9.008224,0.0058595193955874566,,0
9.975203,0.0008838200917608434,,0
7.680637,0.013717174950524668,,0
7.707063,0.014165330552135137,,0
9.826714,0.14466304671225153,,0
8.562931,0.0002431854178911054,,1
7.457609,0.022737684845919523,,0
9.266153,0.0002941825281819739,,0
9.638023,0.0005704174157390287,,0
9.246286499,0.0004949147034780816,,0
9.590761,0.0009375126821693909,,0
7.489971,0.02460960800750237,,0
9.319733,0.0065496020110846235,,0
8.065894,2.958471061947684,,0
10.24736,0.15618836704195072,,0
10.29809,0.10357072564474462,,1
8.043021,0.015528029596591011,,0
9.375177,0.08818077503514761,,0
9.301369,0.007729182519000237,,0
7.512071,0.9930281753456988,,0
8.56274,0.033725686349343725,,0
8.250881,2.315127746330348,,0
9.677465,0.0007330562793744387,,0
7.628518,1.7209938754197742,,0
8.290293,0.03219184967910253,,0
9.263217,1.2248571983861798,,0
9.204423,0.05927764704150129,,0
9.453992,0.010048896437610687,,0
8.907071,0.4635978195716023,,1
9.996887,0.0007173461291687894,,0
8.065894,3.220937936475759,,0
9.541728,0.07196404120960005,,0
8.950533,0.4686863223819685,,0
7.766417,1.9721129252034595,,0
8.465479,0.01924194554128883,,0
9.068316,0.7291412284127735,,0
8.551788,0.34807890381084733,,0
9.560293,0.0066388339707033036,,0
9.015784,0.3974018008372734,,0
7.585281,0.9484604474781804,,0
9.517457,0.10198519295819183,,0
8.430109,0.031991859413726134,,0
7.494986,2.289297100607855,,0
9.581145,0.0755777765685806,,2
8.290293,0.03374098616165112,,0
7.589842,0.01887631568633219,,0
9.614672,0.006565882362391139,,0
9.510963,0.0004678783354965375,,0
8.489822,0.00023997738026512852,,0
8.998508,1.1656319192355986,,0
8.65904,0.0004321388179310352,,0
9.372289,0.86440787390115,,0
10.28038,0.0010597833336673296,,0
8.136811,2.451808676387428,,0
9.668208,0.000634915782442926,,0
9.389741,0.5824962542827108,,0
8.432724,0.02127314218111091,,0
9.450616,0.06340085517120882,,0
7.568896,0.020285971865724294,,0
9.250522,0.5309001457341017,,0
9.616005,1.2769997184195843,,0
8.626227,0.000281593228228643,,0
10.07874,0.0009089271794750795,,0
9.166179,0.005536658802918757,,0
9.884407,0.111759396697095,,0
9.300821,0.0008534724506408978,,0
8.684401,0.0040353232029262335,,0
7.792349,0.017456995485770198,,0
7.258412,0.596154804945566,,0
8.892749,0.0002570965559818687,,0
10.28459,0.11769764236426357,,0
9.58953,0.0008188169310087645,,0
7.385851,1.5099438476084674,,0
10.05989,0.0007522148753559033,,0
9.096612,0.005728389201774542,,0
9.35496,0.06281910361078016,,0
7.342779,0.009906496194007608,,0
9.021477467,0.07636165971854397,,0
10.50941,0.23943147043412058,,0
9.211639528,0.00041805923025428713,,0
9.07875,0.03754185893316629,,0
7.766417,1.6354295946250132,,0
10.1491,0.0010539736546932978,,0
7.766417,1.2871178820229077,,0
7.76811,0.01559114994315309,,0
7.707063,0.019433482274063628,,0
8.761237,0.3464572136475494,,0
8.548886,3.4141566171728623,,0
7.3473,2.178120231017594,,0
9.173054,0.00042872292427684314,,0
8.298788,0.0002747072729558262,,0
9.584108,0.0004942728635548533,,0
8.432289,0.5201162668107637,,0
8.978282,0.5303381393328176,,0
9.334591,0.005809178155627574,,0
9.021598,0.033670039666110194,,0
9.600895,0.004988092717929903,,0
9.160415,0.7343109082466144,,0
10.22973,0.09874172474719019,,0
10.07979,0.0927123967003603,,0
7.58121,1.6293067439543716,,0
10.09394,0.09848535467907125,,0
7.473069,1.2933804176856882,,0
9.209239767,0.10698962491119413,,0
7.955776,0.016317674304920902,,0
9.662689,0.0004821611978009485,,0
8.438799,0.03230840042699546,,0
8.430109,0.021210184708908106,,0
8.325064,3.830136604622652,,0
9.058238,0.5005669042480289,,0
10.34003,0.0008845057251095959,,0
10.12033,0.0008994434547842326,,0
9.477998,0.8452440516012564,,0
10.20218,0.10404636603856367,,0
7.642524,0.024070001277241956,,0
8.205492,0.03255518494626213,,0
7.50769,2.562104453945912,,0
8.536015,3.6826477076826487,,0
9.221874,0.9753859056885115,,0
9.929837,0.0008191083738148034,,0
7.550661,1.6353702403116603,,0
9.634366,1.1345576943831395,,0
9.523617,0.1024639212676337,,1
8.438799,0.020479559098665886,,0
9.073718,0.0037520281305240383,,0
10.21116,0.261293523180785,,2
7.707063,0.014165330552135137,,0
9.896765,0.0972600760334304,,0
7.619724,2.361694436859555,,0
9.827686,0.000634345979759675,,0
9.975203,0.0008838200917608434,,0
7.81843,0.013268389690110467,,0
9.281917,0.00040546811418724026,,0
10.29458,0.0011140395634975317,,0
10.47802,0.0011189924802401077,,0
9.510297,0.0005631687117923985,,0
9.372714,0.7902726924827884,,0
9.319733,0.0065496020110846235,,0
9.382443,0.7672344636545286,,0
8.684401,0.004643583612254409,,0
9.209239767,0.07468145983204902,,0
10.03907,0.08180341137353161,,0
7.541683,0.017212192166097734,,0
8.330382,0.0001640077085877681,,0
9.094256,0.039935441413426274,,0
9.258273,0.006530070031269593,,0
9.300821,0.0003808148365218497,,0
10.09601,0.000767546667676434,,0
9.827686,0.0009510765133546377,,0
10.08406,0.11767770306224783,,0
9.476697,0.005980984282973609,,0
7.649693,2.431944577465962,,0
7.623642,2.352060684440228,,0
8.6174,0.00017765240856715506,,0
7.53048,0.011887494940643806,,0
10.28514,0.000744577548381894,,0
9.450616,0.08658073661220203,,0
9.069353,0.6343241986567055,,0
9.300821,0.0004358565884259885,,0
10.28288,0.001207921935983325,,0
10.08402,0.0013693915106390679,,0
8.498622,0.00026332039815610893,,0
9.240482,0.0003150531129675144,,0
9.122711,0.004843216317563365,,0
9.550449,0.0009776503960560036,,0
7.628518,1.2655438598093294,,0
7.611348,2.6365436190713387,,0
9.169831,0.0496923184766776,,0
9.138414632,0.00036206652444388337,,0
7.619724,1.0913105823821567,,0
10.23286,0.0007104631309704337,,0
7.516977,1.572619569537894,,0
9.493412,0.13040618198010684,,0
9.436519,1.1162298999002307,,0
10.14843,0.0008411112840666308,,0
9.600895,0.006524430148571458,,0
8.309677,0.02518521767401528,,0
9.559658,0.00784624068849624,,0
8.978282,0.662827517575018,,0
9.104091,0.6589141386861196,,0
7.3473,1.5911582743773547,,0
8.529912,0.0340541658400507,,0
10.53803,0.001020787005307924,,0
8.562931,0.00033090263861952125,,0
8.47658,0.025244200248365562,,0
10.38943,0.0007307978954206708,,0
7.642044,0.013757605429081188,,0
9.123474,0.6145051400522739,,1
7.388946,0.009768302532201768,,0
8.298788,0.00019117821746704482,,0
9.008224,0.004267668186061892,,0
8.6174,0.0003624291041142161,,0
9.25033,0.005400185310538626,,0
7.552237,0.01455279519717791,,0
9.559658,0.005280572521294334,,0
8.418698,0.0359716508600202,,0
10.59255,0.0014507192869681663,,2
7.601902,0.016638228161320944,,0
8.498622,0.00037836961474743474,,0
9.434843,0.005493935796485805,,0
8.122074,5.1991879953847056,,0
7.729296,0.011511656615132102,,0
7.58121,1.5638560744677996,,0
9.675583,0.0005549361798673758,,0
9.677465,0.0005874096684932653,,0
8.587279,5.330001520070325,,0
9.334591,0.007644138212871628,,0
8.636397,4.738668644906865,,0
7.81843,0.013081309966103712,,0
9.737551,0.0004673529504135996,,0
7.50769,2.3127307590288586,,0
9.311813,1.119997615373999,,0
10.16624,0.0007406815942524646,,0
10.2023,0.0009044444699209934,,0
9.581145,0.05280269754304145,,0
9.590761,0.00047949347456578586,,0
9.614672,0.006283247110992652,,0
9.884407,0.13366655680541306,,0
8.392763,0.024678225149316852,,0
9.082961,0.05670645246333786,,0
9.436519,0.74004583629584,,1
10.05989,0.0007522148753559033,,0
9.973666,0.1267677588516198,,0
7.550661,1.1353820763007765,,0
7.680637,0.011984914017681867,,0
8.043021,0.015504755012498235,,0
9.929837,0.0006858894064618492,,0
9.61153,4.4816344061683874e-05,,0
9.311813,1.0750063367080385,,0
8.136811,1.9340688331051024,,0
7.429521,1.5974505562826233,,0
8.117909,0.02291666626662052,,0
9.162934,0.842657013166577,,0
9.389741,0.5824962542827108,,0
7.688455,1.1873117609667623,,0
8.236156,3.576536871517756,,1
8.6174,0.00018564363225610905,,0
9.208939391,0.0006880821861015889,,0
8.845633,0.003682391047647007,,0
9.305378,0.0007462151260322594,,0
7.422971,1.5226926824805982,,0
7.750184,0.011850254061513266,,0
8.754161,0.03159308010185593,,0
9.639717,0.11504280803806823,,1
9.245804,0.004722016367472249,,0
10.29769,0.14979737176857508,,0
7.642524,0.03148358518775978,,0
9.113389,0.04480178822204118,,0
9.483416,1.336335680770279,,0
9.072571442,0.03729841404960523,,0
7.550661,1.4374478652619715,,0
9.015784,1.0316841692517422,,0
10.26945,0.18319310186059803,,0
7.724888,0.013209686276503,,0
7.680637,0.01008096199095087,,0
7.663877,0.00991595476961399,,0
10.35313,0.0008930069725788299,,0
7.872074,0.0313133127148755,,0
7.454141,0.011947351394246736,,0
9.021598,0.05812572931926049,,0
7.516977,2.340214857417505,,0
9.249465,0.0003948800530641912,,0
7.619724,1.0398529855699372,,0
8.602269,0.3323782796238681,,0
9.422221,0.0003985713046840579,,0
9.755741,0.11235203565034274,,0
9.902337,0.09436472842886491,,0
7.647309,0.012683411557975227,,1
7.649693,2.0439642356924645,,0
9.510297,0.0007444005390847377,,0
9.996887,0.0011144970105685396,,0
9.517457,0.12252653707037023,,0
9.255792,2.69032780412601e-05,,0
7.647309,0.0106365370225833,,0
7.724888,0.017200704964923454,,0
9.483721,1.0158631441214263,,0
9.162934,0.5586705875511419,,0
8.98507,0.003999318981144044,,0
9.463586,0.6599627163985677,,0
9.022564,0.5525431920909311,,0
8.347353,0.03519604261982781,,0
9.255313738,0.0006334985781070755,,0
9.236008,0.00036121829330184983,,0
9.418086,0.006185543609638131,,0
9.375685,0.06724931060219486,,0
7.841493,0.03040591978102853,,0
8.055475,2.541667762023954,,0
9.973014,0.16620666905420708,,0
9.756089,0.10261437143996967,,0
8.478868077,0.0001975102987595616,,0
9.463586,0.7576210625180834,,0
7.482682,0.01142473988670732,,0
10.0202,0.0007239745083057999,,0
9.008224,0.0058595193955874566,,1
9.61153,0.005029988091996827,,0
9.269741,0.004409538121395602,,0
7.786967,1.4044672662122626,,0
9.181118,0.004505028133578526,,0
10.60574,0.0010713945464971627,,0
9.372714,1.3704275716949372,,0
7.688455,2.233325493346715,,0
9.125762,0.7050110861571554,,0
9.28619,0.05087389663559284,,0
9.598117,0.00045834518675915304,,0
8.982812,0.6634378668254756,,0
9.684025,0.007287690232152903,,0
9.246286,0.00059281656888061,,0
7.955776,0.014987984301931849,,0
9.6839,0.0008033129917516451,,0
7.404279,0.016466101941493214,,0
7.841493,0.023003291608303902,,0
9.453835,1.1325554052011177,,0
8.136811,1.765839098723239,,0
9.737551,0.0005377989302332992,,0
9.414097,0.9482124615284265,,0
7.619724,1.0398529855699372,,0
10.00969,0.0007831528052574924,,0
8.978282,0.5271656375197594,,0
9.536546,0.05998384434611483,,0
7.751045,0.018312585681445382,,0
7.53048,0.016346061839886305,,0
7.496097,0.015663192224889846,,0
7.494986,2.0870358954323858,,0
10.01476,0.1262861076032699,,0
8.95157,0.9207060645753142,,0
9.07875,0.03754185893316629,,0
7.585281,2.6847424711434633,,0
8.423761,0.04160759647507325,,0
7.3473,1.5887733261241674,,0
9.981837,0.0006740310886504333,,0
9.300821,0.0004358565884259885,,0
9.594718,6.571627933816453e-05,,1
10.03907,0.10757829914426868,,0
7.646354,0.012617079908250143,,0
9.107199613,0.042595801226156894,,0
9.675206,0.07593832114682106,,0
9.380083,4.5912788732950897e-05,,0
10.32797,0.1166224906016739,,0
7.766417,1.9721129252034595,,0
8.825413,0.0027587370016824778,,0
9.138415,0.00047858233657954377,,0
9.6839,0.0005114983788715199,,0
10.10283,0.1573890239211109,,0
9.429476,0.05610231590617117,,1
9.183071945,0.04187292118012206,,0
10.1491,0.0008357443235564342,,0
9.1072,0.042595818523559884,,1
9.752141,0.09714552169445453,,0
9.300821,0.0008534724506408978,,0
7.955776,0.02448226146675178,,0
7.569412,0.013998422355271305,,0
9.240482,0.00035897086787223964,,1
7.844241,0.0161849924459491,,0
8.136811,2.2235966275974666,,0
9.089753,0.06562332874900367,,0
10.22807,0.13536255346567017,,0
7.724888,0.01974993833990751,,0
10.07874,0.0007250676641631941,,0
9.639717,0.08755825146635375,,0
10.34003,0.0008112116436015998,,0
9.015784,0.6860481821678415,,0
9.541728,0.09080974163814005,,0
9.073718,0.005834546421370309,,0
7.542213,1.6958282951312884,,0
7.680637,0.014978992113755574,,0
9.827686,0.000634345979759675,,0
9.566545,1.9991734406884873,,0
10.08326,0.000999797099087692,,0
7.611348,1.9347320165675432,,0
9.212039,0.049315386793909836,,0
9.074062,0.040793416268756794,,1
9.076352,0.004137076232312295,,0
7.955776,0.022487257907139933,,0
9.818202,0.1794193683930299,,0
10.1589,0.0007344443643919142,,0
7.494986,2.1874682557419436,,0
8.93142,0.4163829681875929,,0
9.339085,0.006973208343672286,,1
9.42311,0.005687347199659704,,0
9.166179,0.003391903318261529,,0
8.602086,3.1481505106866843,,0
9.236885,0.00464153218704248,,0
9.981837,0.0007756304910440571,,0
8.043021,0.02119248741968711,,0
7.729296,0.01894917018219365,,0
7.724888,0.02715199079059654,,0
9.600895,0.006524430148571458,,0
9.644458,0.009250296493132738,,0
10.22125,0.21022588446011584,,0
8.498622,0.0003031935967540988,,0
9.432844,0.000639891942549605,,0
9.326967,0.7282329658703727,,0
9.435242,0.005986843980239909,,0
7.429521,1.4716864029070684,,0
9.080232,0.004714855303073295,,0
9.089753,1.2265139701685916,,0
9.103312,0.8658186802821992,,2
9.350276,0.6712040819126529,,0
10.1589,0.0007344443643919142,,0
9.532134,1.016024885954494,,0
8.309677,0.031382713698368446,,0
9.924564,0.0008900730045905299,,0
7.90581,0.02048823659888569,,0
9.40253,0.934330004866725,,0
7.724888,0.012586821693857254,,0
9.563389,0.9608669670420082,,0
7.680637,0.013717174950524668,,0
9.12598,0.46360913182294433,,0
9.335827,0.007100708079436779,,0
9.220885,0.005503843616781496,,1
9.675583,0.0005847901798102773,,0
8.205492,0.04271015216999894,,0
7.512071,1.5014086367790649,,0
8.342363,3.099798840414233,,0
8.432724,0.025519563308885152,,0
7.841493,0.023176464883398827,,0
7.757051,0.016254020819305996,,0
9.560293,0.008260097086239744,,0
9.996887,0.0006233813626021429,,0
7.550661,1.0930470177106804,,0
10.32401,0.12208009339151878,,0
8.392763,0.02694832873579157,,0
8.665785595,0.05199123091329221,,0
8.693497,4.596660168692871,,0
9.770756,0.09908061278108092,,0
7.550661,1.2491573767253223,,0
9.966134,0.10564001573874474,,0
8.246434,3.9976748963656332,,0
9.269741,0.007143979325451888,,0
10.32401,0.10778918540655413,,0
7.78904,0.01469388772751519,,0
9.12913,0.7707312646859074,,0
9.825472,0.000547023816039055,,0
10.01476,0.18860408472109005,,0
9.981837,0.0011018834649564,,0
9.173054,0.00042872292427684314,,0
7.707063,0.017783969628254497,,0
9.601504,1.0938368669249938,,2
7.680637,0.019021096279391556,,0
9.301369,0.00428706822839388,,0
9.542302,0.04999092172682612,,0
9.212039,0.049612168569655744,,0
9.258273,0.004361943294346673,,0
7.786967,1.4044672662122626,,0
7.682022,0.013215771110898873,,0
8.53149,0.3412857410121299,,0
9.569273,0.0005395765257609266,,0
9.181118,0.005613610727893694,,0
7.550661,1.8813116606211682,,0
10.40665,0.18072331798017552,,0
8.626227,0.000281593228228643,,0
7.649693,2.0439642356924645,,0
7.637716,0.01377577940352152,,0
9.444384,0.0947435347763468,,0
9.263217,0.6199132466171607,,0
8.892749,0.0004028046554689731,,0
9.975483,0.0879789463928473,,0
9.975203,0.0007675883031579487,,0
9.39466,0.5915981939500453,,1
9.981282,0.1392333386313844,,1
7.680637,0.013107029557135292,,0
8.930362,0.6590987351398416,,1
9.304286,0.004528415148916163,,0
7.494986,1.6698684109462159,,0
8.065894,2.3635686146059665,,0
7.707063,0.014165330552135137,,0
7.766417,1.712758997000036,,0
10.28449,0.0008421343305102264,,0
10.16796,0.1327050886564344,,0
9.969697,0.1903668673550767,,0
9.402612,1.0768690051924443,,0
7.448334,0.011417209532389545,,0
7.649693,1.8605854103874724,,0
10.1589,0.0007038844762888023,,0
7.680637,0.01008096199095087,,0
8.498622,0.00026332039815610893,,0
9.403272,1.4737770435907347,,0
10.09299,0.08682619966928808,,0
9.344434,0.007373564861866946,,0
9.490091,0.09072296169596732,,0
7.844241,0.013532367665754564,,0
8.754161,0.04793941913791568,,0
7.680637,0.01203896766024175,,0
9.137017,0.44880666614855025,,0
9.889236,0.09323431689856444,,1
10.4254,0.0008179065907495662,,0
9.480673,0.00546531692365416,,0
9.755741,0.10211882817176425,,0
9.289798,0.6323620953326411,,0
9.07875,0.05662533776122064,,0
9.501741,0.061499836679566926,,0
7.526179,0.023478164575189635,,0
9.89953,0.0009973709023661822,,0
8.174139,0.021891846332644203,,0
7.663877,0.01537349699987669,,0
9.827686,0.0005512533561475897,,1
9.204423,0.056302125521189066,,0
8.767952,0.002891638411153509,,0
10.15844,0.12612554707310591,,0
9.339085,0.0046579499498644586,,0
9.460943,0.00675386870654799,,0
10.18829,0.0007867725848479084,,0
9.463431,0.0003766653987312289,,0
9.053336,0.004167878327312515,,0
8.228177,1.8688674481175815,,0
8.304742,0.02499733303916286,,0
7.673223,0.02717378015997263,,0
7.414573,0.020972246119421403,,2
9.842729,0.0005576601771276189,,0
10.19377,0.15547047350947826,,0
8.65904,0.00017631054041510264,,0
9.453992,0.006423497949512435,,0
7.844241,0.020319569178631147,,0
9.029657,0.5343447414662644,,0
9.559658,0.0055098341555641465,,0
10.34003,0.0006735949637528151,,0
9.220687,0.5873982700084538,,0
8.61559,0.0495452603500139,,0
9.894497,0.09815995755803213,,0
9.770756,0.09908061278108092,,0
7.512071,1.4933228813285586,,0
8.927447,0.4362666058669296,,0
9.975203,0.0007050392858134451,,1
9.770756,0.09005618824062175,,0
9.557187,0.10612700963258795,,0
9.414097,0.6916489938992366,,0
9.402612,0.7160951437114687,,1
7.766417,1.712758997000036,,0
9.529812,0.08973177668576851,,0
10.20541,0.11926663899449211,,0
9.1072,0.042595818523559884,,0
9.350276,0.589086620584336,,0
8.250881,2.4265363447598123,,0
7.654917,2.253343127530553,,0
8.430109,0.03488236766759112,,0
9.024854,0.4770192061331346,,0
7.550661,1.5588825108790283,,0
7.786967,2.882500252985068,,0
9.430038,0.007077327349229587,,0
9.562475,0.005324189227529449,,0
7.90581,0.022473815972714525,,0
9.42311,0.004991537197435158,,0
9.281172,1.0852705851283388,,1
8.612503,0.38859431536512057,,0
10.16624,0.0005926303421605572,,0
9.074062,0.05634653243710401,,0
7.663877,0.00991595476961399,,0
7.395722,1.341429224536005,,0
7.825645,1.4681552381174805,,0
7.647309,0.012740615522374267,,0
9.827686,0.0009938581746044238,,0
9.790095,0.10608382121306853,,0
9.270683,3.786635972634198e-07,,0
7.585281,1.3793119797530784,,0
8.055475,2.4359101496457196,,0
9.217415,0.4879980415061159,,1
9.450616,0.13699951009284334,,0
9.42311,0.004991537197435158,,0
9.188912,0.004520419921230188,,0
7.903596,1.8347813162141717,,0
9.058238,0.5703448994791022,,0
7.786967,1.4044672662122626,,0
9.842729,0.0009621301911081063,,0
9.1072,0.044511878749150274,,0
9.39466,0.9305052126075862,,1
9.854822,0.11848692346669171,,0
9.677465,0.0005874096684932653,,0
9.399886,0.005076902272330336,,0
9.430038,0.006471425076578805,,0
9.138415,0.00047858233657954377,,0
9.007122,0.4792211498643207,,0
9.074062,0.05617774614581932,,0
8.362409,0.021744221418632508,,0
8.665786,0.036291208240126875,,0
9.857862,0.21457300910424373,,0
9.276596,0.8238362882454333,,0
7.512071,1.7066011459884354,,0
8.964696,0.006135389759585463,,0
9.854822,0.12919237905857883,,0
8.305484018,0.03794939672886485,,0
9.211639528,0.0005007580857323107,,0
8.288534,0.02357604257448753,,0
9.212039,0.049612168569655744,,0
8.523573,0.31908196083425744,,0
10.28038,0.0009690534438797172,,0
10.29769,0.17129436786217203,,0
9.104091,0.6575318708840552,,0
8.529912,0.0340541658400507,,0
8.290293,0.021503448227656572,,0
8.656781,0.06488003969346783,,0
9.139381,0.8221841174908611,,0
7.365813,0.7533019448362366,,0
8.304742,0.023548665230462434,,0
7.76811,0.028320996120040708,,0
8.98507,0.004185491297487935,,0
9.123474,0.6740587636796974,,0
7.903596,1.5215435312316705,,0
8.562931,0.00028755788783624265,,0
9.393578,0.09366522629796957,,0
10.33456,0.0008736075924854665,,0
9.357898,0.008164365303962366,,0
7.454141,0.01045426065149398,,0
9.445017,0.0004650148603995973,,0
9.242227,1.044716622839106,,0
9.53806,0.7410679150111573,,0
8.604654,0.0002497963915628423,,0
9.936632,0.0010711460823340413,,0
7.512071,2.2355868328254545,,0
9.560293,0.0066388339707033036,,0
10.05672,0.0007131851048825362,,0
6.57647,0.004075915077225157,3.965817569675551e+247,0
10.1577,0.14403864868508343,,1
9.113389,0.0675756731944492,,0
7.611348,2.4108245457672117,,0
9.242227,0.5037101247519428,,0
7.688455,2.233325493346715,,0
7.568896,0.023148491260399015,,0
9.893942,0.08922509421949378,,0
8.240385,0.026896467516463397,,0
9.274723,0.0045879312834410935,,0
8.228177,1.8688674481175815,,0
10.29157,0.001388027089937013,,0
7.903596,1.6140157056389084,,0
9.261129,0.07507031792804926,,0
10.00969,0.0007831528052574924,,0
9.559658,0.00784624068849624,,0
9.559658,0.007174510410901773,,0
9.104091,1.1402390765859471,,0
9.458606,0.8288616490897522,,0
9.389741,0.8045818930730269,,0
9.418086,0.007068970779700595,,0
8.927447,0.4572606314356072,,0
9.63587,0.005127023489235647,,0
10.29008,0.0006493973574399413,,0
8.177235,4.4312615636283805,,0
10.1708,0.20099862387209552,,0
9.480138,0.005451156813663542,,0
8.521185,0.026860862552135257,,0
9.269175158,0.054555809873647686,,0
9.348362,0.004084406285162514,,0
9.39466,1.017625934297274,,0
9.534595,5.5282519760494664e-05,,0
9.300821,0.0005709566364559169,,0
10.05672,0.0007475050049751693,,0
9.164925,0.006003589729894328,,0
9.29771,0.006165878035424635,,0
6.320768,0.4492929951949648,2.9847987708792047e+190,0
9.042632,0.6750339926423431,,1
10.55122,0.000986121343817968,,0
9.15440474,0.0003344661693731895,,0
7.688455,1.708629739373845,,0
8.562931,0.00033090263861952125,,0
7.663877,0.013492649461269806,,0
9.276596,0.9868043875210237,,0
9.675583,0.0005604573326604496,,0
8.600063,0.003523162036572423,,0
9.089753,0.5667573476882162,,0
7.688455,1.1873117609667623,,0
10.18524,0.09392118234682924,,0
9.893942,0.10212140242142227,,0
7.766417,1.712758997000036,,0
10.29809,0.17135796291845523,,0
8.47658,0.023187108038014072,,0
10.10704,0.1378549445938008,,0
7.680637,0.015605894472665438,,0
10.09658,0.17880698003476697,,0
9.501741,0.05344400761392677,,0
9.112617283,0.0444577278174461,,0
9.256651,1.0581775615922482,,0
9.996887,0.0008546213202328998,,0
10.47802,0.0011728406465342893,,0
9.541728,0.08266254245673671,,1
7.688455,1.182926824585968,,0
9.633776,0.08678318855387372,,0
7.569412,0.012285806271142705,,0
10.50941,0.18168369579658733,,2
9.463431,0.004674405448446931,,0
7.751045,0.02420571023897459,,0
9.634366,0.857051626195859,,0
9.770756,0.09908061278108092,,0
10.09658,0.11412643356600513,,0
9.986541,0.097327828575648,,0
8.043021,0.025555351630505124,,0
9.981837,0.0007092274190832895,,0
10.2914,0.0010138536683336585,,0
9.113389,0.07722691640001292,,0
8.520986,4.949526172194423,,0
7.903596,2.3312982486776503,,0
9.21164,0.0003834171299881437,,0
10.3728,0.13953739889419747,,0
10.10908,0.09531914117334922,,0
7.463937,1.3972059544358222,,0
8.347353,0.02951603428328565,,0
10.09299,0.16270006530858436,,0
9.258273,0.004763190266387118,,0
10.35313,0.0008930069725788299,,0
9.996887,0.0006233813626021429,,0
8.17611,0.03183402605617698,,0
7.438972,2.039200109103478,,0
9.681344,5.213493080344814e-06,,0
9.344434,0.007659152119676625,,0
9.97138,0.09171318582566945,,0
9.284427,0.9947938307318014,,0
9.220885,0.005751419463602039,,0
7.701652,2.282064909398843,,0
9.187072,0.0044557345866706195,,0
7.559559,0.01388215383406522,,0
9.069353,0.6628575948750071,,1
9.217415,0.4879980415061159,,1
8.964696,0.003916011285816307,,0
8.587279,0.4488132165210878,,0
10.20278,0.0006948363470899371,,0
9.463431,0.005850937927328311,,0
9.9508,0.15560528104888505,,0
9.422221,0.005683294805510539,,0
9.162934,0.842657013166577,,0
9.113389,0.04480178822204118,,0
9.266153,0.000321726053802739,,0
7.50769,2.0499778190458415,,0
7.949091,2.062204823102426,,0
9.463431,0.005147452735513664,,0
8.626227,0.00020601800677761314,,0
10.34161,0.0008053551164048428,,0
9.594718,4.016302023949137e-05,,0
10.29819,0.0007801582211773356,,0
7.390799,1.8257161852023913,,0
9.973666,0.12094752114110645,,0
7.477604,0.9533784745310883,,0
9.957739,0.0007946607217702499,,0
10.01619,0.0013013170806004833,,0
9.575886,0.0004118271622866334,,0
10.29157,0.0007099103242051745,,0
9.269741,0.004409538121395602,,0
8.521185,0.026860862552135257,,0
7.90581,0.016990441088478803,,0
9.20392,0.004948250300342308,,0
9.574428,1.4022878722704297,,0
9.559658,0.005280572521294334,,0
7.766417,1.188397212297984,,0
9.899429,0.11785565154375094,,0
8.98507,0.003832909180105425,,0
9.981282,0.08415423287247688,,0
8.065894,2.8311205908003116,,0
9.302099,0.735615546975699,,0
8.947936,0.48432713079111994,,0
7.473637,1.86990116704666,,0
9.987185,0.0010263076800680786,,0
9.450616,0.11905402121073919,,0
7.443664,0.7921402409116068,,0
9.596894,0.0003511311745018151,,0
7.766417,1.8606120985732393,,0
9.680594,4.943530267029941e-05,,0
9.510963,0.0005132218948575134,,0
9.21164,0.00041805939208899704,,0
9.541728,0.1091984169724113,,1
7.76811,0.01870336477071572,,0
9.256651,0.5883390668045692,,0
7.563201,1.918851676441987,,0
9.929837,0.0010283557018707,,0
10.28175,0.16287446341027095,,0
8.627302,4.253691562393673,,0
9.69935,0.005387776939908719,,0
10.28459,0.14776438074773526,,0
10.18829,0.000948933993114543,,0
9.53806,1.0728696723780282,,0
10.50359,0.0013611675500438763,,0
8.627302,4.076697436664995,,0
9.402612,0.750555080719047,,0
9.602788,1.0014705209032786,,0
7.754053,0.01246493967684694,,0
7.468513,2.321773803486296,,0
7.615791,2.9327645389287307,,1
9.899429,0.09853980553301163,,1
10.28288,0.0008802947141747753,,0
9.472935,0.047371426677561,,0
9.677465,0.00044667107714822443,,0
9.015784,0.714760743097212,,0
9.255313738,0.0004586364073287731,,0
9.167224,0.006878168911795278,,0
9.160415,0.7310139329176438,,0
9.566545,0.0075607870356174415,,0
9.104091,0.6885536483135147,,0
9.957739,0.0007593138970454512,,0
9.022443,0.9551834802231985,,0
9.042632,0.4916480175967167,,4
8.325064,3.4812814875833964,,0
9.309914,0.0004556822497713697,,0
9.344434,0.007373564861866946,,0
8.003363,0.023629676620043973,,0
9.009203,0.0042290974275116106,,0
8.489822,0.0003008298041175736,,0
8.529912,0.0340541658400507,,0
8.205492,0.021746148202480473,,0
9.549808,0.0005552405456445737,,0
9.981837,0.0007092274190832895,,0
9.477998,0.7131026677733621,,0
8.587279,5.330001520070325,,1
10.39946,0.0008791248807557642,,0
7.649693,1.306551436604218,,0
9.675206,0.07593832114682106,,0
8.663024,0.05964612674357895,,0
10.05264,0.0009732834589909131,,0
7.729296,0.013747543322729285,,0
8.117909,0.028513122799964735,,0
9.096275,0.7781237075557732,,1
9.003685,0.006003603768676952,,1
10.29157,0.001388027089937013,,0
9.559658,0.005766322470761909,,0
9.339085,0.007969130788339482,,0
9.477998,1.398457893866087,,2
7.825645,1.4681552381174805,,0
8.905851,0.5570797455044322,,0
9.39466,0.891787323880652,,0
9.600895,0.00521246887478431,,0
9.188912,0.004702549895026055,,0
9.566545,0.966797530441544,,0
9.677465,0.0007330562793744387,,0
7.383989,0.016215582687152837,,0
7.585281,2.822392161126247,,0
9.212837,0.5113549258315577,,0
7.383989,0.011742006065228287,,0
10.60574,0.0010713945464971627,,0
9.581145,0.07178404804086566,,0
8.98507,0.004185491297487935,,0
9.237177,0.004480270164192663,,0
6.359574,0.4558509878499679,9.977541129657147e+197,0
9.018695,0.6581500016068333,,0
7.649693,1.9312957968718159,,0
9.842729,0.0005576601771276189,,0
9.151969,0.004762487115958622,,0
10.08402,0.0013693915106390679,,0
10.25446,0.0011889757292395345,,0
9.024131,0.5056229087579825,,0
7.680637,0.013676085091279253,,0
8.6174,0.00020443066679312185,,0
9.300820725,0.0004358564910652857,,0
7.58121,1.7898908026596543,,0
9.173054,0.0005406709380065004,,0
7.642524,0.024070001277241956,,0
9.975064,0.13304616064628877,,0
9.195734,0.07665439121729659,,0
9.618801,0.011364911175715942,,0
8.362409,0.021744221418632508,,0
9.009203,0.00509616652935078,,0
7.76811,0.017076503289072884,,0
9.807362,0.11314489803021822,,0
8.626227,0.00036524325239014986,,0
9.243097936,0.05361889043798188,,0
10.09601,0.0008056901847160636,,0
9.429476,0.0738234988426914,,0
9.334591,0.005106116360012738,,0
7.707063,0.016115756674707334,,0
10.10283,0.18852311019678364,,0
10.20541,0.157175285448608,,0
8.6174,0.00019399432000503388,,0
9.532134,1.064918044741553,,0
7.844241,0.0161849924459491,,0
9.451245,0.05010963775444889,,0
7.512071,1.9667919402044405,,0
10.05462,0.0008859524271181236,,0
10.23599,0.12291016058513736,,0
9.136479,0.6173459139191119,,1
8.47658,0.023117650951622423,,0
9.480138,0.01018410168045599,,0
9.969697,0.15892828952726548,,0
7.642524,0.028658964889956333,,0
9.633776,0.08678318855387372,,0
9.276596,0.5461926928851715,,0
9.250522,0.5309001457341017,,0
7.645398,0.0201823168885596,,0
9.639717,0.09997341522626838,,0
8.699181359,0.00022977228658640396,,0
8.306719,2.594306375879939,,0
7.611348,2.4108245457672117,,0
7.837554,0.012202505862730546,,0
7.707063,0.013514963362494027,,0
9.332292483,0.00044712306290091636,,0
9.348362,0.005081855127567845,,0
9.169831,0.04719794546423256,,1
7.81843,0.02146415836637116,,0
9.618801,0.011364911175715942,,0
7.550661,1.2000572036760533,,0
7.754053,0.019296425616883554,,0
8.228177,2.9500809323578716,,0
10.39946,0.0007361448886905682,,0
6.476972,0.4563985424853393,7.267368523952455e+223,0
9.677465,0.0005874096684932653,,0
9.792333,0.13989803609500912,,0
7.825645,1.6891182929399937,,0
9.243097936,0.046150206687032326,,0
9.521934,0.07129468862121846,,0
8.430109,0.027801263717159103,,0
10.35313,0.0008190084398646502,,0
9.28619,0.08417095891653173,,0
9.25081,0.5104902140594996,,0
9.300821,0.0008534724506408978,,1
9.309914,0.00033288455425248015,,0
7.402452,0.9044101953701157,,0
9.138415,0.0003620666345963206,,0
9.151969,0.00040102561943085866,,0
7.649693,1.8605854103874724,,0
8.789355,0.4110766673348596,,0
8.950533,0.6724540099671962,,0
9.305378,0.000320061745327754,,0
9.383032,0.918730050644528,,0
7.784889,0.019943520688757543,,0
9.188912,0.0066865957789494284,,0
7.987864,2.153888104423111,,0
9.256651,1.0581775615922482,,0
10.1589,0.0007686334873874115,,0
7.53048,0.011887494940643806,,0
9.073718,0.004878298683213567,,0
8.043021,0.015504755012498235,,0
9.07875,0.03754185893316629,,0
8.122074,2.5332484681795444,,1
7.637716,0.01443581013429477,,0
9.169831,0.042770574879930745,,0
9.468388,0.6651623441689059,,0
10.29458,0.0008483963620476806,,0
9.618336,0.04761676342042984,,0
9.069353,0.457858497103876,,0
7.615298,0.014674398930568445,,0
8.6174,0.00018564363225610905,,0
7.903596,2.1994895279258584,,0
7.707063,0.01700483080769525,,0
8.521185,0.029305356161587727,,0
7.512071,2.2355868328254545,,0
9.986541,0.097327828575648,,0
7.680637,0.013676085091279253,,0
7.955776,0.016317674304920902,,0
9.247251,0.0039314887859730465,,0
7.443664,0.7559221902985902,,0
9.97278,0.0007680218629551311,,1
9.334591,0.006362612779883404,,0
8.551981,0.046847692998668845,,0
10.21116,0.12655087298536152,,1
7.512071,1.0439418186279563,,0
8.306719,2.841463363645708,,0
7.489971,0.022638159052574495,,0
9.372714,0.7902726924827884,,0
7.443664,1.089461098585312,,1
9.07875,0.03754185893316629,,0
9.137017,0.6199210972064656,,2
7.471363,1.621704013616329,,0
9.169831,0.06490017780248522,,0
9.162934,0.9187922268231535,,0
7.3473,1.3827333456812159,,0
9.435242,0.008602599214563812,,0
9.981837,0.0012679747676159511,,0
8.6174,0.00017765240856715506,,0
7.512071,1.4268992860786696,,0
9.334591,0.008011989501357555,,0
7.512071,1.0439418186279563,,0
9.212837,0.08507761182666583,,0
8.043021,0.027989984559373585,,0
7.81843,0.021528647526844122,,0
10.29809,0.17135796291845523,,1
8.290293,0.02446426068411402,,2
9.826714,0.16606964065383703,,0
8.043021,0.015528029596591011,,0
10.29819,0.0008208962627971097,,0
9.59281,0.008882551851213855,,0
10.40511,0.24987304525729404,,1
7.468513,2.433502223538563,,0
7.568896,0.012353378718110097,,0
9.852615,0.09753021503824845,,0
9.924564,0.0008900730045905299,,0
7.468513,2.430340726066571,,0
9.07875,0.03614203342007119,,0
7.697575,1.7284422820524725,,0
9.097843,0.004139010183228038,,0
9.329811,0.04857623780164808,,0
7.512071,1.5642457495124429,,0
9.549808,0.0005802165729172134,,0
9.919115,0.0872210138325377,,1
8.347353,0.03373155167091185,,0
8.587279,2.9634422749113813,,2
9.807362,0.07838787664289933,,0
9.333708,0.07345149304288716,,0
7.429521,0.7448361304733999,,0
9.204423,0.05927764704150129,,0
9.326967,0.7282329658703727,,0
9.807362,0.14162309677023174,,0
10.28514,0.0007383492922732492,,0
9.334591,0.005106116360012738,,0
9.39466,0.6736614452809481,,0
8.76155,0.029677968579244606,,0
9.889236,0.12250059179909109,,0
10.12033,0.0012386485540336113,,0
7.680637,0.03268932897806774,,0
7.425358,1.075142031713199,,0
8.432724,0.025519563308885152,,0
7.751045,0.02420571023897459,,0
9.807362,0.14162309677023174,,0
7.680637,0.013791448052148261,,0
9.62298,0.0004917977339189732,,0
9.424726,0.7257909420958238,,0
9.827686,0.0007575537674466284,,0
9.873338,0.09531057736766653,,0
7.707063,0.014165330552135137,,0
9.39466,0.8843276847072081,,0
9.460943,0.006120326730356097,,0
10.02959,0.0007676490150847268,,0
7.473069,0.9911982340783567,,0
10.35313,0.0007825786189625465,,0
8.478868077,0.0001890082620396455,,0
9.021477467,0.07636165971854397,,0
9.339085,0.0046579499498644586,,0
7.76811,0.011955643686804813,,0
9.113389,0.0675756731944492,,0
8.151622,2.728371526290244,,0
8.938794,0.6585181350773637,,0
9.147401,0.005459723977548268,,0
9.345221,0.004479616968588075,,0
9.1072,0.058396507895343286,,1
9.269175158,0.06020312203897207,,1
9.483873,0.12896577766847236,,0
9.317399,0.003983305600750322,,0
10.39946,0.001097101475781559,,1
9.444384,0.054749794052097976,,0
9.489713,0.0045747611605272045,,0
9.112617283,0.04028740145158724,,0
9.078294,0.5860332641142829,,0
9.418979,0.7631335366323274,,0
8.432289,0.2515275123512785,,0
7.516433,1.0374348102600885,,0
9.242227,0.9059652530883037,,0
9.884407,0.12714756190500498,,1
8.76155,0.029677968579244606,,0
10.2023,0.0006646900952335306,,0
10.28038,0.0013945398232283483,,0
9.250522,0.6094603869397438,,0
9.600895,0.004773375066665522,,0
9.212338,0.00421369810049334,,0
9.436519,1.2170827980436933,,0
8.756997184,0.03199672839334169,,0
7.628518,2.463300108604275,,0
9.510963,0.0004678783354965375,,0
7.647309,0.012740615522374267,,0
8.362409,0.029810123194344496,,0
7.477604,1.149649008684241,,0
7.649693,1.619619386400018,,0
7.903596,2.1994895279258584,,0
7.468513,2.5467841967745626,,0
9.229162126,0.0003901302194532325,,0
10.28449,0.0007723513313629393,,0
9.23815,0.0007064372522047057,,0
9.463431,0.004674405448446931,,0
7.53048,0.016311771127872014,,0
9.276596,0.6915060020742204,,0
8.423761,0.020850600695600612,,0
9.315331,0.007201829051521009,,0
7.390799,2.002652076307844,,0
10.52291,0.000877504078657828,,0
9.029657,0.07028379175130936,,0
9.167224,0.007914942827372371,,0
9.517457,0.06435583691445514,,0
9.536546,0.0902041346822006,,0
9.07875,0.08112219098511499,,0
8.815815,0.0002759742350476496,,0
10.46442,0.001207094724777007,,0
10.14061,0.0012594119790369702,,0
9.536546,0.06892198860550353,,0
9.068316,0.5799068239116323,,0
9.563389,0.834502690839338,,0
9.436519,1.337038169379044,,0
9.446519,0.7847252476266632,,1
9.61153,6.144072541747256e-05,,0
9.315331,0.005745029399500067,,0
9.29771,0.006169578672325911,,0
9.730146,0.00046467460378466136,,0
9.581145,0.07508060571178439,,0
9.122055,0.9671280104566903,,0
7.649693,1.306551436604218,,0
10.1577,0.11483331673138313,,0
10.11241,0.10504386459561334,,0
9.207536,0.8434188870251267,,0
9.381264,0.05607508109853145,,0
9.564302,0.875458932705953,,0
9.566545,1.0604929163693826,,0
7.568896,0.012353378718110097,,0
9.39466,0.5915981939500453,,0
9.133027,0.5406749243603419,,0
9.418086,0.004971466632195039,,0
9.899429,0.1286969715996703,,0
8.907071,0.42582029229824675,,0
9.807362,0.11314489803021822,,0
9.755741,0.11235203565034274,,1
9.245804,0.004722016367472249,,0
7.837554,0.014714616643145492,,0
9.421573,0.007396534209688911,,0
9.566545,0.004862123565018356,,0
10.28449,0.0007723513313629393,,0
9.168789,0.004059428129777716,,0
10.28459,0.128601565247995,,0
10.50941,0.18195642583667604,,0
9.453835,0.8606877501055374,,0
9.905935,0.19580886136248996,,0
10.34003,0.000775128627295942,,0
9.21164,0.0003834171299881437,,0
7.78904,0.021964589896159077,,0
7.955776,0.018648185209529943,,0
9.177094,0.006122571369023862,,0
8.228177,2.9500809323578716,,0
7.90581,0.018762325510310603,,0
9.204423,0.07741900459951358,,0
9.889236,0.08486959152205616,,0
9.755741,0.10257939840434852,,0
8.627302,3.079561475718415,,0
9.167224,0.00351785866249348,,0
8.394347,3.7852072459275847,,0
8.043021,0.015528029596591011,,0
8.240385,0.026896467516463397,,0
7.429521,1.0702678626899005,,0
8.950533,0.4471677136076154,,0
9.024854,0.6061071311421447,,1
9.246286,0.0004949145016915387,,0
9.434843,0.008607594556140961,,0
9.16178,0.004440489524511518,,1
9.492507,0.005268146058456862,,0
9.483873,0.05465534859227177,,0
7.76811,0.012512190911231996,,0
9.234057,0.6015138838434312,,0
9.042632,0.5384868351704512,,0
9.560293,0.0066388339707033036,,0
8.789355,0.8896069496992512,,0
8.432724,0.04203259322980414,,0
9.451245,0.05010963775444889,,0
8.430109,0.027801263717159103,,0
9.889236,0.09323431689856444,,0
9.889236,0.1533335878931091,,0
9.719204,0.005471656964873609,,0
9.564302,0.9704387059033973,,0
9.266153437,0.0004823648486643736,,1
9.807362,0.12336769431753682,,0
8.306719,6.158413454946606,,0
9.458606,1.14487787658218,,0
8.306719,2.594306375879939,,0
10.27794,0.18420291007717596,,0
7.688455,2.233325493346715,,0
7.733684,0.015757995974023387,,0
10.09055,0.14161298684127915,,0
7.754053,0.01696105574532755,,0
7.52564,0.015417908847179569,,0
7.90581,0.03224460998415968,,0
9.6839,0.0005885985757225371,,0
9.270683,2.635249906766026e-07,,0
9.97138,0.11002043948241487,,0
9.566545,0.9224093398157731,,0
7.825645,1.400748410394173,,0
9.276596,0.6009260192427383,,0
9.246286,0.00036426623816048404,,0
9.21164,0.0003505921243087996,,0
9.649691,0.11068483509342289,,0
9.471319,0.004307667385937562,,0
10.10704,0.11440010607849373,,0
9.266153,0.00036822730306142426,,0
8.50147,0.04479728692641179,,0
10.21116,0.1586410947941603,,0
9.389741,0.7711036150519827,,0
7.649693,1.184938856035219,,0
9.21164,0.0005007582795805353,,0
7.473069,1.24142420099877,,0
7.454141,0.012552371516230803,,0
9.42311,0.00621051558787869,,0
9.909917,0.08260577978911475,,0
8.246434,4.802866447344319,,0
7.475339,0.008215015674287533,,0
10.11241,0.1744743991215518,,0
8.304742,0.02499733303916286,,0
10.21116,0.10997404520955173,,1
9.304013,0.7070304408638808,,0
9.344434,0.007659152119676625,,0
9.151969,0.00417982773990579,,0
7.568896,0.014863813071511082,,0
9.826714,0.16606964065383703,,0
9.644458,0.0059485982544930155,,0
9.558388,0.09648980826054868,,0
7.383989,0.013540330470738096,,0
9.241257,0.9085936295560145,,0
10.14061,0.000959968246844286,,0
10.28038,0.0008914236255330164,,1
9.250522,0.6685251076946359,,0
7.987864,2.0549974962498947,,0
6.60665,0.003717628898624164,1.1836835082698888e+256,0
7.732808,3.5295178535119835,,0
10.08988,0.0008039288549772753,,0
7.949091,3.3611249110967854,,0
8.907206,0.6419832715170783,,0
9.827686,0.0005512533561475897,,0
9.319733,0.009411235920332854,,0
10.08147,0.0006643513013245121,,0
10.04429,0.0005907526775852916,,0
9.319733,0.004798984274943389,,0
9.618801,0.007614319670712942,,0
10.09394,0.11832177898531489,,0
7.680637,0.016356881468175145,,0
8.950533,1.0583154474531906,,0
8.342363,3.099798840414233,,1
7.701652,2.4919877747608936,,0
9.089528,0.041375739368852214,,0
9.62298,0.00058643833508314,,1
10.20541,0.0838778564197549,,0
7.638198,0.018323578865204863,,0
10.12583,0.00078484077533327,,0
9.220885,0.006289909530739878,,0
7.468513,1.8604743163595348,,0
9.586171,0.8619298703993786,,1
9.276877,0.7904965543616284,,0
7.955776,0.017026123372430552,,0
9.068316,0.7619397179130303,,0
9.857862,0.21457300910424373,,0
8.347353,0.02372272977357021,,0
10.09055,0.1347872880908516,,1
10.22973,0.12201056022900454,,0
9.303557,0.006390931704810193,,0
7.50769,0.9458502440147732,,0
7.688455,1.2878726225820873,,0
9.600895,0.006524430148571458,,0
9.363748,0.000623130312434055,,0
9.246286,0.00045390368311037964,,0
9.445017,0.062703300383139,,0
9.600895,0.004988092717929903,,0
7.707063,0.022193455960021913,,0
7.568896,0.01473063893639973,,0
7.53048,0.016346061839886305,,0
10.05989,0.000820178518161966,,0
8.575273,0.027758723909637087,,0
9.021598,0.602753552736903,,0
8.571681,0.0003049171787123438,,0
9.918721,0.13816735831018584,,0
7.494986,2.1874682557419436,,0
8.174139,0.017594990905940616,,0
9.365205,0.007072937197423831,,0
8.907071,0.44631162027052645,,0
8.853237,0.00020847293290120937,,0
8.722743,0.00040485276834339003,,0
9.60245,0.0006624416099641838,,0
9.559658,0.005280572521294334,,0
8.840291,0.7187404035539939,,0
7.707063,0.021385165246139357,,0
9.236885,0.005304441690802759,,2
7.701652,0.015397288724793083,,0
8.065894,2.958471061947684,,1
8.571681,0.0002341683250378561,,0
9.153876,0.006843806544189372,,0
9.755741,0.08975979135500352,,0
9.918475,0.0008108368968220665,,0
9.62298,0.00042801897214573664,,0
8.430109,0.027801263717159103,,0
8.117909,0.028513122799964735,,0
9.680594,0.007613397459338023,,0
8.342363,2.234097222555458,,0
9.432844,0.00048628716424330723,,0
8.043021,0.023211474615113185,,0
10.28148,0.0009669319247543323,,0
9.924564,0.0008900730045905299,,0
9.884407,0.0882212899672715,,1
9.240482,0.00035897086787223964,,0
9.021719,0.09612376514641817,,0
9.807362,0.14162309677023174,,0
10.15203,0.0009638189680308169,,0
9.532134,0.6797010858457861,,0
7.642524,0.03148358518775978,,0
9.529812,0.07498026619148561,,0
10.1577,0.19853822626143083,,0
8.698347,0.44577534165305044,,0
8.552367,0.27618644834528683,,0
9.333708,0.0507354678812931,,0
9.021719,0.04435105876495581,,0
7.649693,1.306551436604218,,0
8.043021,0.018724760742391076,,0
8.462103,0.03931407220665247,,0
9.9508,0.09404962336099146,,0
9.212837,0.08507761182666583,,0
9.217415,0.8864381838718374,,0
7.512071,1.0984540241030394,,0
10.07874,0.0006062333514688739,,0
7.429521,1.3356378341029749,,0
9.269741,0.005024218651400277,,0
9.189423,0.4990699239624363,,0
7.638198,0.015228804890374054,,0
9.389741,0.8045818930730269,,0
10.34538,0.0009348975309053248,,0
9.889236,0.08486959152205616,,0
9.541728,0.09489457766383447,,0
9.600895,0.006524430148571458,,0
5.805135,0.22926031795314966,5.738337789406395e+112,0
9.255313738,0.0005272937297647123,,0
9.536546,0.08267979580158848,,0
9.634366,0.008044576658629001,,0
9.207536,0.6748319756842881,,0
8.769973,0.004084357602918882,,0
8.827761,0.002645295236688248,,0
9.094144,0.5419352314316496,,0
7.750184,0.012418028241032273,,0
6.489205,0.003838862771391367,4.765817011365969e+226,0
8.117909,0.021049239483419413,,0
8.342363,3.0858810840703703,,0
10.05989,0.0008583586521451858,,0
9.127828,0.00035729819811694676,,0
8.896451,0.004021845376999908,,0
9.123474,0.6740587636796974,,0
9.42311,0.00621051558787869,,0
9.069583,0.06453466511169721,,0
9.633776,0.11419561770831008,,0
9.388738,0.054071211712589176,,0
9.07875,0.06471264019560649,,0
9.899429,0.1286969715996703,,1
8.626227,0.000281593228228643,,0
7.642044,0.013757605429081188,,0
7.825645,1.400748410394173,,0
7.619724,1.4964256180489515,,0
9.755741,0.19424827663088803,,0
10.08326,0.0007314671834680723,,0
9.773891,0.07940008788173782,,0
7.837554,0.021048753226560957,,0
8.562931,0.0002629395581813901,,0
10.29819,0.0013947866545819976,,0
9.135832,0.0005389336967261658,,0
8.291295852,0.032698028845359196,,0
9.236885,0.006043869934786187,,0
7.438972,2.039200109103478,,0
8.769196,0.40215460870213243,,0
10.18599,0.0008935779175148231,,0
8.93564,0.004344658720763643,,0
7.766417,1.6439559779008028,,0
9.894497,0.14168387847969788,,0
10.09601,0.00073450682117821,,0
8.392763,0.02694832873579157,,0
10.27602,0.0012018471987717712,,0
9.753246,0.0003967284142293159,,0
9.094144,0.45175793533993536,,0
9.837187,0.08833059676910068,,0
10.20218,0.17988839432866913,,0
9.162934,0.614654309034649,,0
7.680637,0.016307884356186426,,0
9.537628,0.07557000462208857,,0
9.746483,0.09336944176041147,,0
6.694562,0.009206898755744668,2.663308254309634e+279,0
9.566545,0.8421760639507022,,0
8.136811,2.332232556225877,,0
7.550661,1.1353820763007765,,0
9.236885,0.004250533584945582,,0
8.043021,0.025555351630505124,,0
7.987864,2.237310846189741,,0
8.609408,0.005201586838508522,,0
9.250522,1.260260789211164,,0
9.344434,0.009201819978944202,,0
9.713839,0.008583227715986953,,2
9.422221,0.004733340244053693,,0
9.981837,0.0007756304910440571,,0
9.97278,0.0007680218629551311,,0
7.757051,0.016254020819305996,,0
9.522813,0.07479147883796826,,0
9.094256,0.041669280789139326,,0
10.03907,0.09320663839526752,,0
9.022443,0.5825432594980766,,0
8.767952,0.034340426171959294,,1
9.300821,0.0008534724506408978,,0
8.575273,0.03158082605143732,,0
8.636397,5.650568839521513,,0
9.473704,0.004924874191369726,,0
9.288227,0.005325044980527473,,0
9.510963,0.0004889246048284591,,0
8.95157,0.4077445344287725,,0
10.1577,0.17372640162084493,,0
9.143346,0.06941543959188638,,0
7.688455,1.2878726225820873,,0
8.136811,2.027140111052459,,0
9.452659,0.0003739988769252173,,0
10.00143,0.0006840910005323693,,0
8.548886,4.299206618272418,,0
7.825645,1.838971913196238,,0
9.381264,0.0771068040735244,,0
9.638675,0.0006179944415908169,,0
7.649693,2.431944577465962,,0
10.28449,0.0008421343305102264,,0
7.673223,0.018882820561044636,,0
7.844633,0.015504990688205503,,0
8.93564,0.005196301956363228,,0
9.62298,0.00048768393509821234,,0
6.495266,0.005360885940426398,4.641853730588607e+228,0
9.089753,0.04363812757610646,,0
9.075665,0.00034764183226454617,,0
8.430109,0.023335632333710003,,0
9.981282,0.1212859791291985,,0
7.949091,4.2324275312810204,,0
9.276877,0.7904965543616284,,0
8.006368,0.03568889194740352,,1
9.073718,0.004474061139964793,,0
9.249465,0.0004935292144775861,,0
9.096836,0.004972985720528405,,0
7.663877,0.015350454040916704,,0
9.173054,0.0005666891097943535,,0
7.448334,0.013165790348210828,,0
9.112838,1.0506562633990209,,0
9.248888,0.6062459731281329,,0
9.151969,0.0004425375475731365,,0
9.348362,0.004084406285162514,,0
9.604407,0.000527987160457377,,0
9.755741,0.11235203565034274,,0
9.480138,0.005216506085641469,,0
10.31616,0.23019075580839213,,0
7.649693,2.431944577465962,,0
9.247154,0.5085654938972836,,0
8.704336,0.048657636295590403,,0
10.09055,0.2681637743091403,,0
10.08427,0.0009892123929585261,,0
9.273597,0.00044308748806319424,,0
7.448334,0.011417209532389545,,0
8.602086,0.6292762943306094,,0
8.602269,0.3323782796238681,,0
7.701652,0.019157445462999266,,0
8.41671,0.03590752629412685,,0
8.462103,0.026260936378032687,,0
10.1577,0.19853822626143083,,0
9.520395,0.05656424990555518,,0
9.987185,0.0008187042142688135,,0
7.46451,1.170824373280393,,0
10.35727,0.0007448738173935221,,0
9.483873,0.12896577766847236,,0
9.857862,0.12410773874864775,,0
9.633776,0.11419561770831008,,0
8.612503,4.013969409344789,,2
9.1072,0.06693728202010821,,0
10.08988,0.0009571984880034258,,0
7.619724,2.361694436859555,,0
8.498622,0.0003288071914207047,,0
9.151969,0.0004832457455013539,,0
9.024854,0.6324219125163005,,0
7.707063,0.022193455960021913,,0
9.852615,0.0857265198726826,,0
7.688455,1.7009581795021267,,0
9.072571,0.08827441735069387,,0
9.981837,0.0007756304910440571,,0
8.41671,0.03142007185039699,,0
7.568896,0.019547152156406178,,1
7.50769,1.5541503119651996,,0
10.39946,0.001097101475781559,,0
9.424726,1.0996662622649944,,0
10.03924,0.08920889633965368,,0
10.38319,0.0010900709117415903,,0
9.981282,0.10660721804027067,,0
9.489713,0.007411660416566011,,0
9.284427,0.6057912836916322,,0
7.585281,2.953777351641209,,0
7.494986,2.0870358954323858,,0
10.22807,0.24346099866386142,,0
8.98507,0.00458423888991758,,0
9.792333,0.16059952496844584,,0
9.483873,0.08568236939621102,,0
8.907206,0.4668753224409869,,1
8.6174,0.0002136264395968906,,0
9.339085,0.007969130788339482,,0
10.09658,0.11801442941919547,,1
9.221874,0.857338817460303,,0
9.638675,0.0004146685237955531,,0
9.792333,0.08889126166023015,,0
9.279307,0.005063521969801241,,1
9.263217,0.004174735381638341,,0
7.649693,1.1254592504442875,,0
9.375685,0.05580741618855669,,0
9.096275,0.45754970273801066,,0
10.29458,0.0011140395634975317,,0
8.6174,0.00018564363225610905,,0
7.707063,0.022409779958066863,,0
10.41832,0.22131291406834444,,0
9.31551087,0.00048021608709757394,,0
9.063695,0.004254795207482886,,0
10.28309,0.0008118463033774932,,0
9.269741,0.004409538121395602,,0
9.583489,0.0004727656271849699,,0
7.568896,0.025430000677389986,,0
9.009203,0.00509616652935078,,0
9.358933,0.0005455911074189595,,0
9.629971,0.007947829008040051,,0
6.378426,0.006980292699880675,1.51217833193334e+202,0
9.755741,0.10211882817176425,,0
9.662689,0.0005789282176203909,,0
9.236008,0.00036121829330184983,,0
9.181118,0.007068824046434681,,0
7.513709,0.013854953931857783,,0
8.907206,0.7724461105428528,,0
9.618867,0.006925307669618184,,0
7.446585,1.9617411994827039,,0
7.844241,0.013532367665754564,,0
8.498622,0.00022882820709397067,,0
9.300821,0.0008534724506408978,,0
9.089189,0.00029263385962808653,,0
10.17519,0.000896608200377353,,0
9.97278,0.000704380152760008,,0
9.634366,1.1345576943831395,,0
9.946834,0.12336075626895791,,0
9.986541,0.1232956286117329,,0
9.975483,0.0879789463928473,,0
9.483873,0.06246129467927589,,0
7.422971,1.7522142419073707,,0
9.217415,0.6460076801816138,,0
9.107199613,0.044511860673669364,,0
8.842171,0.37827910043838375,,1
8.430109,0.033300801877943646,,0
9.096612,0.003650756383885076,,1
8.498622,0.00026332039815610893,,0
9.450616,0.09562911748219981,,0
9.166179,0.003391903318261529,,0
9.594718,4.016302023949137e-05,,0
10.16204,0.1576951615872001,,0
9.276877,0.7206555600539009,,0
9.35496,0.06281910361078016,,0
9.529812,0.08973177668576851,,0
9.987185,0.0008187042142688135,,0
7.468513,2.5467841967745626,,0
8.177235,3.688368874371311,,0
10.09658,0.1358847228511178,,0
8.424200325,0.0002053924581126149,,0
8.562931,0.0002323684338546036,,0
7.58121,1.3590074456036956,,0
10.00143,0.0007503884085070938,,0
10.25446,0.0008262087650115858,,0
9.169831,0.06490017780248522,,0
7.949091,2.818699794688003,,0
9.254262,0.5337549205377444,,0
8.562931,0.00030257348965235733,,0
7.58121,1.5638560744677996,,0
10.04603,0.14810802742187873,,0
7.903596,2.0202581508122757,,0
10.12455,0.13919049720502924,,0
7.844241,0.0161849924459491,,0
9.113388846,0.043131254331430224,,0
8.636397,4.944402949930326,,0
8.907071,0.5578094453115434,,0
8.423761,0.023993495149419713,,0
9.072571,0.035692848314913136,,0
8.511778559,0.02332709192734873,,0
7.642524,0.01831950437032809,,0
7.81843,0.013140308508110737,,0
9.256651,1.015669648273374,,0
9.827686,0.0007575537674466284,,0
8.351138607,0.00023069912555079655,,0
7.559559,0.01388215383406522,,0
7.473069,0.9082453476033006,,0
9.570529,0.0931832498129812,,0
9.483721,1.5987764843197447,,1
10.00969,0.0005755509929255044,,0
8.392763,0.02475237098791333,,0
7.903596,2.3312982486776503,,0
7.955776,0.017026123372430552,,0
7.707063,0.019433482274063628,,0
10.29769,0.10353228806055251,,0
9.04523,0.5949683571055032,,1
9.981282,0.08415423287247688,,0
9.807362,0.11314489803021822,,0
9.436519,0.8142049578021657,,0
9.113389,0.0431312612964261,,0
8.325064,3.496982555184056,,0
8.930362,0.40378128152023124,,0
7.766417,2.060823208685057,,0
9.852615,0.09753021503824845,,0
7.751045,0.02420571023897459,,0
9.154193,0.006498073262822038,,0
8.6174,0.0003624291041142161,,0
7.443664,1.141659800668511,,0
7.987864,3.8797651737628893,,0
8.498622,0.000273683282535132,,0
9.684025,0.005323796385919253,,0
9.618801,0.006083198590905174,,0
7.724888,0.012605716093655234,,0
9.217415,0.6460076801816138,,0
9.08387,1.2756923412638614,,0
9.532134,0.6797010858457861,,0
10.22125,0.16795273372070416,,0
10.08326,0.0006410146794283137,,0
10.25446,0.0011889757292395345,,0
9.246286,0.00045390368311037964,,0
9.542302,0.0627614746021101,,1
8.250881,5.017665913041399,,0
8.304742,0.021564946317112508,,0
9.420763,0.004974684720488705,,0
8.438799,0.021420047264021327,,0
7.74023,3.2570733207620326,,0
9.246286499,0.0005928168105837841,,0
8.423761,0.020850600695600612,,0
7.688455,2.5733067043921016,,0
9.600624,0.1666625254844982,,0
10.11083,0.14379444282143503,,0
9.436519,1.1162298999002307,,0
10.1708,0.12829060750165844,,0
7.534763,0.01870858800040582,,0
10.14061,0.0009556580948488621,,0
9.058238,0.9890464178461564,,0
9.022443,0.4870678559203207,,0
9.574428,1.4022878722704297,,0
9.826714,0.0005761380293367121,,0
9.04523,0.7436036934323523,,0
10.24399,0.14215521470780856,,0
9.236885,0.006043869934786187,,0
7.750184,0.012418028241032273,,0
7.784889,0.019913627832971084,,0
9.517457,0.08889248765847071,,0
9.139381,0.7867923450043607,,0
10.16157,0.0008435334797227748,,0
9.590761,0.0006563736960745468,,0
7.568896,0.020285971865724294,,0
9.289798,0.6115288699680134,,0
9.675583,0.0008327663543968553,,0
9.431562,0.0003079299987549087,,0
7.494986,2.0870358954323858,,0
7.443664,1.2544323619316586,,0
8.394347,3.7852072459275847,,0
9.889236,0.1533335878931091,,0
7.701652,2.282064909398843,,0
9.957739,0.0007593138970454512,,0
10.04603,0.11255499228461079,,0
10.09055,0.10768366399692095,,0
7.429521,1.4716864029070684,,0
8.663024,0.04163450261869115,,0
9.39466,0.05931295087393048,,0
10.38381,0.1129528615906411,,0
9.403272,0.6227117940457054,,0
9.929837,0.0006858894064618492,,0
10.17519,0.0007791619957845693,,0
8.311643949,0.016148684222939347,,0
8.065894,2.3635686146059665,,0
7.457609,0.01903965050516049,,0
8.304742,0.027098249744988152,,0
9.358933,0.00039856468556412117,,0
9.240482,0.004864607131050986,,0
8.521185,0.02334237325267424,,0
9.297802,1.1605997788667908,,0
9.488578,0.007927889154239882,,0
9.39466,0.891787323880652,,0
9.581145,0.0755777765685806,,0
8.767952,0.0029003263517819585,,0
8.237479,3.0156937614730572,,0
8.98507,0.004185491297487935,,0
9.527557,0.0006173141310582155,,0
9.857862,0.11331256353717435,,0
9.341105,1.0068637725796439,,0
9.113389,0.0675756731944492,,0
8.562931,0.0002629395581813901,,0
8.41671,0.025253049472002284,,0
7.443664,1.0957983331720302,,0
7.52564,0.013531627807419027,,0
7.680637,0.01565278245288779,,0
7.688455,1.2398516399792672,,0
7.955776,0.020531264738778292,,0
8.205492,0.021778791901437642,,0
7.697575,1.5147048293911296,,0
10.10769,0.0006473806414263158,,0
9.241257,0.575591347077746,,0
7.688455,1.1890940650020487,,0
8.237479,5.684993063251128,,0
8.418698,0.021984356936955968,,0
9.23815,0.006423602543720915,,0
7.81843,0.017799751407470716,,0
9.113389,0.07722691640001292,,0
9.549808,0.0006368291666776502,,0
9.430038,0.005201236279513342,,0
10.60574,0.000982614025366612,,0
9.332292483,0.00044712306290091636,,0
7.53048,0.014303253119507293,,0
8.136811,2.451808676387428,,0
9.250522,1.260260789211164,,0
9.929837,0.0006858894064618492,,0
9.39466,1.0634011452175147,,0
9.372289,0.86440787390115,,0
9.987185,0.0008913372506523607,,1
9.450774,0.0075714970328440295,,0
8.571491965,0.00033946592752196657,,0
9.167224,0.003394825871418579,,0
7.688455,1.4264541182347714,,0
7.786967,2.2890984747985788,,0
9.827686,0.000634345979759675,,0
9.151969,0.0003363072962336069,,0
9.854822,0.12919237905857883,,1
9.204423,0.07741900459951358,,0
8.306719,6.158413454946606,,0
5.97381,0.0023640342127085167,3.9727062550482965e+134,0
10.39946,0.0007034008714769869,,0
8.228177,2.473990922175126,,0
7.662468,2.1456377614013817,,0
9.981837,0.0006485092293141543,,0
9.168789,0.006576759250946511,,0
8.122074,1.7564635809950315,,0
9.344784,0.0040665064110852476,,0
9.889236,0.1533335878931091,,1
8.612503,0.3085969042661901,,0
10.28038,0.0013365136703713154,,0
9.365376,0.6832722822287746,,0
8.423761,0.019180281731624067,,0
9.123474,1.2706924836661493,,0
8.722743,0.00040485276834339003,,0
8.562931,0.00028755788783624265,,0
9.541728,0.07265822274527739,,0
9.483873,0.07474984059607426,,0
10.38319,0.0010415841243625718,,0
7.955776,0.018648185209529943,,0
9.069583,0.06434135123216678,,0
8.604654,0.0002497963915628423,,0
7.568896,0.012947848120947378,,0
9.60245,0.0007627515975634535,,0
9.317399,0.0045385701954614045,,0
9.338382,0.07723938365912923,,0
7.619724,1.0398529855699372,,0
7.662468,1.9767159030991055,,0
8.228177,2.5814018515202504,,0
8.462103,0.04492895777613375,,1
9.471319,0.0058878832210564275,,0
10.11241,0.18978237500315365,,0
9.97278,0.0006674191104815351,,0
9.236008,0.005577424926581923,,0
9.073718,0.004878298683213567,,0
9.286746,0.007254459912620485,,0
7.448334,0.013047829853535278,,0
10.06437,0.000721177806795661,,0
7.512071,0.991539749681012,,0
9.300821,0.0003808148365218497,,0
8.17611,0.026691247949280468,,0
7.766417,1.8606120985732393,,0
9.122929,0.00446942408931355,,0
7.784889,0.01988377978285579,,0
8.006368,0.019045664501263306,,0
9.483873,0.05697696593593901,,0
9.69935,0.004518286632016265,,0
10.16612,0.08084225808491508,,0
10.20218,0.15740728638786258,,1
9.080232,0.006204148784018392,,0
9.1072,0.042595818523559884,,0
8.656781,0.02623357349666254,,0
7.468513,1.8604743163595348,,0
9.498222,0.15719619465064186,,0
10.01619,0.0013013170806004833,,0
10.32401,0.15349643354740422,,3
7.383989,0.013419014238430345,,0
10.22973,0.1607913561865694,,0
10.08406,0.12927598757617972,,0
10.08147,0.0007254637299003439,,0
9.489713,0.007411660416566011,,0
9.936632,0.0008915704508200349,,0
9.649885,0.008494387069798676,,0
9.662689,0.0007164285299262566,,0
7.707063,0.01841742944771427,,0
9.677465,0.00046999519838065003,,0
9.220687,1.0186190063792753,,0
7.461066,1.0236738578475235,,0
8.822027,0.6123699727924287,,0
8.423761,0.021952537976065233,,0
8.756997,0.04178901304098061,,0
7.732808,2.590008807304173,,0
9.884407,0.07666523274341971,,1
10.05857,0.0009014734999930541,,0
7.512071,2.2355868328254545,,0
7.611348,2.6365436190713387,,0
10.1577,0.19853822626143083,,0
9.541369,0.007862204757252848,,0
9.240482,0.00035897086787223964,,0
9.969697,0.15892828952726548,,0
10.15203,0.0007051450204865669,,0
9.561279,0.006963731564752307,,0
9.276596,0.6009260192427383,,0
9.143025,0.008144014191086417,,0
8.489822,0.0003008298041175736,,0
10.39946,0.000802656586222217,,0
7.750184,0.014763372867739478,,0
8.47658,0.023117650951622423,,0
9.097843,0.004361677247039394,,0
7.76811,0.021587262505656547,,0
9.266153,0.0004823646767998434,,0
7.628518,1.2056296462607958,,0
7.81843,0.01634929032705397,,0
9.549808,0.0006674746656186997,,0
9.212039,0.06479549878214481,,0
9.542302,0.04413889751358716,,0
7.285507,0.7399677575739109,,0
10.05462,0.0007099277861153585,,0
9.546241,0.004784702062570018,,0
7.76811,0.013778417820963654,,0
9.62298,0.000513919954119451,,0
9.089528,0.06531323550913506,,0
9.702778,0.0006251288332426508,,0
9.97278,0.000698488140572999,,0
7.585281,1.2520532571685212,,0
9.473704,0.006751729737059133,,0
9.424726,1.0491777223823386,,0
9.12913,0.7068650414032418,,0
10.10769,0.0008429725869405609,,0
7.680637,0.011984914017681867,,0
8.659733878,0.05656549447254444,,0
8.93142,0.7927480339494833,,0
7.903596,2.1994895279258584,,0
9.1032,0.042062555930004145,,0
8.236156,3.4328642736151216,,1
9.173054,0.00042872292427684314,,0
9.520395,1.1606983844968333,,0
9.286746,0.007254459912620485,,0
10.16157,0.0007095277391755963,,0
9.072571,0.0560895960347568,,0
8.362409,0.029810123194344496,,0
10.08402,0.0013693915106390679,,0
9.15440474,0.00036578134489479743,,0
9.300821,0.00034821261770080823,,0
9.542733,0.09117429863436141,,0
7.81843,0.017251248045571037,,0
9.024131,0.5752421898459062,,0
8.41671,0.03142007185039699,,0
8.136811,1.9340688331051024,,0
9.896513,0.0005810982934252722,,0
9.300820725,0.0003482125399178262,,0
8.997766,0.4074143046715664,,0
9.463431,0.010049289925704396,,0
9.596894,0.0005731571114712946,,0
9.53806,0.8214674173317348,,0
8.47658,0.023187108038014072,,0
9.334591,0.005106116360012738,,0
9.510297,0.000646891930558149,,0
10.1708,0.17587931711478344,,0
7.642524,0.028658964889956333,,0
7.468513,1.355311698961483,,0
9.438909,0.0006101808000876075,,0
7.550661,1.864455820731838,,0
10.20278,0.0009497286821091276,,0
9.451245,0.07232814686238695,,0
7.649693,1.8605854103874724,,0
10.163,0.0007377925524483392,,0
9.957739,0.0006963937676666352,,1
9.400051,0.6787886664698038,,0
8.228177,2.5814018515202504,,0
8.95157,0.5850169593713416,,0
10.22973,0.18502808053607203,,0
8.850518,0.00023934082989710286,,0
7.628518,1.5090826633283148,,0
9.436519,1.1162298999002307,,0
8.704336,0.048657636295590403,,0
7.628518,1.1365552286265308,,0
9.957692,0.1365292664821578,,0
9.39466,1.0634011452175147,,0
9.1072,0.044511878749150274,,0
9.168789,0.00038947410792480484,,0
8.325064,3.4812814875833964,,0
7.903596,1.6140157056389084,,0
8.219595,0.02108180427547239,,0
7.81843,0.017799751407470716,,0
7.786967,2.2890984747985788,,2
9.498222,1.8668254979916072,,0
10.28288,0.0008411388554344731,,0
7.786967,1.333968135700843,,0
9.068316,0.7619397179130303,,0
9.633776,0.08678318855387372,,0
9.096836,0.004972985720528405,,0
10.10283,0.10904063379666804,,0
7.697575,1.7284422820524725,,0
8.627302,4.253691562393673,,0
8.177235,2.1365327843237507,,0
9.62139,1.3355769901225085,,0
9.372714,1.3704275716949372,,0
7.568896,0.01944188201993633,,0
9.702778,0.000597322854296287,,0
7.448334,0.02050403764804752,,0
8.521185,0.020272601679605068,,0
7.53048,0.014273247804563991,,0
10.29809,0.17135796291845523,,0
8.309677,0.031382713698368446,,0
9.960529,0.09076386464986122,,0
9.595331,0.0007949898439927974,,0
9.483873,0.05465534859227177,,0
10.04151,0.0007050763945450139,,0
9.263217,0.7063278761083227,,0
9.151969,0.00417982773990579,,1
9.532134,0.8092866024621844,,0
9.63587,0.004299614099064629,,0
8.311643949,0.03489482627974681,,0
9.234057,1.188502769662318,,0
7.494986,2.0870358954323858,,0
8.304742,0.03066338098183572,,0
9.438909,0.00044441344289101027,,0
10.28038,0.0009690534438797172,,0
10.05857,0.0011826709148014005,,0
9.973014,0.09199479582194041,,0
9.792333,0.08889126166023015,,0
9.480138,0.01018410168045599,,0
9.212338,0.007187480339799098,,0
9.542302,0.0627614746021101,,0
9.143025,0.006207654965510469,,0
8.309677,0.03770366189245045,,0
9.770756,0.09108870293823111,,0
10.17519,0.0009369397486426197,,0
8.489822,0.0003262437071445274,,0
7.724888,0.02069620539699202,,0
10.05672,0.0007131851048825362,,0
7.638198,0.017365555808283563,,0
9.549808,0.0007990323518921473,,0
8.423761,0.0361574407814617,,0
7.688455,1.4264541182347714,,0
10.09601,0.0009271350893501486,,0
9.600895,0.004773375066665522,,0
9.490091,0.12389203316053125,,0
7.707063,0.019433482274063628,,0
7.766417,1.5520948255677693,,0
8.394347,3.6114185306072892,,0
9.113389,0.0675756731944492,,0
7.76811,0.024537521650295033,,0
9.480138,0.005216506085641469,,0
10.55649,0.0007877272534356993,,0
10.38381,0.15508456947029114,,0
7.638198,0.01732912640534708,,0
10.16204,0.10908897267894736,,0
7.550661,0.9988698644725406,,0
9.737551,0.0006397546571663133,,0
8.177235,4.4312615636283805,,0
9.169831,0.0496923184766776,,0
9.852615,0.09753021503824845,,0
10.22807,0.24346099866386142,,0
10.29157,0.0007763773347514149,,0
7.701652,3.3959403214952935,,0
9.436519,1.1162298999002307,,0
8.219595,0.03134360665482012,,0
9.884407,0.07666523274341971,,0
7.704812,1.8275948983309993,,0
9.414097,0.6916489938992366,,0
9.677465,0.0006696950626713803,,0
7.619724,1.249294938691745,,0
9.453992,0.008364217798941085,,0
9.269175158,0.06020312203897207,,0
10.20218,0.10404636603856367,,0
8.61559,0.03765201990402776,,0
9.319733,0.0065496020110846235,,0
8.950533,0.6724540099671962,,0
9.302099,0.5325664228769569,,0
8.47658,0.03955121586439988,,0
10.55122,0.0011758886208162894,,0
7.58121,1.4158847686541995,,0
10.16157,0.0008164776937040672,,0
10.29819,0.0007801582211773356,,0
10.09299,0.09833779265032673,,0
9.072571442,0.04893294086296311,,2
7.446585,2.056144127296139,,0
8.304742,0.03066338098183572,,0
9.618801,0.011364911175715942,,0
7.628518,1.254205066179139,,0
10.16238,0.0011106511961792396,,0
9.755741,0.10257939840434852,,0
7.90581,0.013635148359178327,,0
9.241257,0.575591347077746,,0
9.639717,0.11504280803806823,,0
9.857862,0.11280380257196261,,0
7.955776,0.02030259750056792,,0
9.510297,0.0006171914385484373,,0
8.627302,4.272876307727169,,0
9.899429,0.09853980553301163,,0
7.468513,1.4120343472334476,,0
9.345221,0.004681120688833384,,0
10.28449,0.0007723513313629393,,0
9.072571,0.08827441735069387,,0
8.309677,0.0395180378523751,,1
10.55122,0.0013418162877451402,,0
7.786967,1.333968135700843,,0
8.432724,0.02423857437622061,,0
9.305378,0.0038009789514145066,,0
9.180396,0.005601867352034485,,0
8.117909,0.028513122799964735,,0
10.29769,0.17129436786217203,,0
8.551981,0.03560199818877662,,0
7.90581,0.02048823659888569,,0
8.438799,0.0352275085943481,,0
9.096275,0.7468658012150157,,0
9.559658,0.005280572521294334,,0
10.09601,0.0008452219726635278,,0
6.437752,0.5886457219707484,1.377974967050452e+215,0
7.844241,0.02104334631570779,,0
9.542302,0.0627614746021101,,0
7.955776,0.018648185209529943,,0
10.41214,0.13340735689895247,,0
9.884407,0.0882212899672715,,0
8.430109,0.03488236766759112,,0
9.581145,0.0755777765685806,,0
10.22662,0.0008899886143754544,,0
7.568896,0.012353378718110097,,0
7.58121,1.875648776845984,,0
9.713839,0.006270211169553805,,0
9.929837,0.0008154306671787015,,0
7.74023,2.83043111579121,,0
5.805135,0.16722799444938793,9.103141599574465e+112,0
8.237479,2.7492548381573494,,0
8.899867,0.0033846184079008696,,0
8.290293,0.03374098616165112,,1
10.09601,0.000885895752106367,,0
7.964156,1.9000295798617686,,0
10.28038,0.0009690534438797172,,0
9.351232,0.00028866033849010453,,0
9.522813,0.1228180459875881,,0
7.903596,2.436165533850486,,0
8.700015,0.32332158428644747,,0
9.549808,0.0006090506512446473,,0
7.707063,0.019609173037052535,,0
9.854822,0.11848692346669171,,0
9.183072,0.5422024212665995,,0
9.404179,0.0073489017461205695,,0
8.122074,5.1991879953847056,,0
9.113389,0.07722691640001292,,0
7.65681,0.022069031330550288,,0
9.508072,3.3278003190130817e-06,,0
9.991178,0.0006788110436586836,,0
10.10704,0.23691513721858876,,0
8.48405,2.624205543949365,,0
6.60665,0.005058581318859228,6.025806241967464e+255,0
9.517457,0.10198519295819183,,0
9.629971,0.0005595618627767348,,0
8.498622,0.0003031935967540988,,0
7.638198,0.015889979541998285,,0
7.568896,0.02450383426876071,,0
10.34538,0.0014016942053832486,,0
9.489713,0.007411660416566011,,0
9.694432,0.00617618778523395,,0
7.638198,0.018159406539047494,,0
9.400051,0.6787886664698038,,0
8.827761,0.002888630977721339,,0
9.981837,0.0007756304910440571,,0
9.301369,0.00392592935940669,,0
8.17611,0.018479014179192448,,0
7.751045,0.01410583533923359,,0
9.717218,0.0005293727734356297,,0
9.21164,0.0003505921243087996,,0
7.76811,0.017941266345091425,,0
9.122711,0.004641692341208215,,0
7.438972,1.2325160234029882,,0
8.626227,0.00017903182377859784,,0
7.50769,2.114733866448027,,0
7.825645,3.1889977186217924,,0
9.015784,0.3974018008372734,,0
9.421573,0.005443986148678197,,0
9.16178,0.006905130069148038,,0
8.418698,0.03561728850441612,,0
8.438799,0.033630294122605195,,0
9.189423,3.0099287280863043e-05,,0
9.982206,0.0006486903689091833,,0
9.713839,0.006270211169553805,,0
7.568896,0.025430000677389986,,0
9.987185,0.0010660578418297862,,0
9.234252,0.5717783516401483,,0
8.6174,0.00018564363225610905,,0
9.23815,0.004290825352095662,,0
9.896765,0.08946867703211929,,0
8.371242136,0.0002467508885283152,,0
9.289336378,0.0004454472058897143,,0
9.15440474,0.0002935464052220719,,0
8.347353,0.03373155167091185,,0
9.166179,0.005536658802918757,,0
7.429521,1.3356378341029749,,0
10.2294,0.0008931567626018189,,0
9.981282,0.08415423287247688,,0
9.021598,0.5536365426554667,,0
7.704812,1.5257725000997002,,0
7.50769,1.298914574626972,,0
7.784889,0.01988377978285579,,0
8.571681,0.0002129676325976431,,0
8.982812,0.485381512204537,,1
8.950533,0.4686863223819685,,0
8.498622,0.0003288071914207047,,0
8.965845,0.8967418180964362,,0
10.17519,0.0012902857413656956,,0
7.585281,2.157790560320256,,0
8.892749,0.0002570965559818687,,0
9.981837,0.0007092274190832895,,0
9.492507,0.007886705620695782,,0
9.929837,0.0006858894064618492,,0
7.53048,0.012403603091128618,,0
9.332292483,0.0003906585345392213,,0
8.498622,0.0003149366585572512,,0
9.435562,4.2937521895574096e-07,,0
10.17519,0.0009835013178246537,,0
10.38381,0.26652567424985957,,0
8.236156,3.576536871517756,,0
7.533694,2.3012933860123863,,0
9.97278,0.0006674191104815351,,0
9.275941,0.8208144348891366,,0
8.965845,0.517116399061135,,0
9.713839,0.008583227715986953,,0
8.471777,0.04187543659293241,,0
9.189423,4.957573464209891e-05,,0
9.204423,0.056302125521189066,,0
9.852615,0.0857265198726826,,0
9.581145,0.09445866007263398,,0
7.448334,0.01310667739554046,,0
9.376956,3.117682029993788e-07,,0
9.542733,0.11405411675619091,,0
9.204423,0.05927764704150129,,0
9.339085,0.005086426018253832,,0
8.304742,0.021564946317112508,,0
10.28148,0.0007046689334565002,,0
7.680637,0.02171815819242548,,0
9.902337,0.09436472842886491,,0
9.520395,0.058491249306131636,,0
9.181118,0.005613610727893694,,0
9.289336378,0.00032785739240608503,,0
9.445017,0.062703300383139,,0
8.438799,0.0352275085943481,,0
9.884407,0.12714756190500498,,0
9.376956,2.394297304098436e-07,,0
9.122055,0.5889438603752727,,0
7.844241,0.0161849924459491,,0
8.845633,0.004437371880562597,,1
9.537628,0.06004891260460771,,0
9.237177,0.008799398343728206,,0
9.151969,0.0004425375475731365,,0
8.825413,0.0027587370016824778,,0
10.09658,0.1358847228511178,,1
9.209239767,0.04766664401175725,,0
9.326967,1.1958601605633763,,0
8.117909,0.02291666626662052,,0
10.04533,0.09376353485200108,,0
7.623642,1.7928236425383342,,0
9.639717,0.07946401700481695,,0
9.639717,0.09997341522626838,,1
7.550661,0.8693314816479465,,0
10.08427,0.0006657465641653327,,0
8.462103,0.04492895777613375,,0
10.20278,0.0006372591145038869,,0
9.138415,0.00047858233657954377,,0
8.285261134,0.018837637394488554,,0
8.423761,0.021058046806422245,,0
7.471363,1.478425184431236,,0
9.073718,0.004668307230636756,,0
9.807362,0.07838787664289933,,0
7.766417,1.2871178820229077,,0
7.448334,0.015046145195411727,,0
9.566545,0.005539893573489857,,0
9.078294,0.4436236432634908,,0
9.1072,0.044511878749150274,,0
8.489822,0.00026126746951621717,,0
7.78904,0.01467186341828545,,0
9.143346,0.10924677512954509,,0
10.12803,0.1276162331264189,,0
7.729296,0.013747543322729285,,0
6.57647,0.005331300903304196,3.630651215770462e+247,0
7.623642,2.260965265914968,,0
8.997023,0.005970124800959614,,1
9.884407,0.14596229234391853,,0
9.166179,0.00404463460795852,,0
9.905935,0.19580886136248996,,1
9.094144,0.8926070898609515,,0
9.269175158,0.054555809873647686,,0
9.042632,0.566095645593694,,0
10.38319,0.0007590730590535376,,0
9.61153,0.005029988091996827,,0
7.512071,0.9930281753456988,,0
7.583248,0.01565580073687606,,0
9.594718,0.007068804697194613,,0
9.634366,1.1345576943831395,,0
9.759617,0.19498704262221905,,0
8.418698,0.03125974451712923,,0
9.596623,0.9041430789179267,,0
9.073718,0.005834546421370309,,0
7.46451,1.1271677756678664,,0
10.52291,0.0008397310007703448,,1
9.269741,0.004409538121395602,,0
8.304742,0.023548665230462434,,0
9.188912,0.004127223448785021,,0
10.10908,0.12104115869466199,,0
9.04523,0.5136325994424619,,0
9.042632,0.5384868351704512,,5
9.248888,0.9185403187285852,,0
9.614672,0.007852931509185847,,0
9.097843,0.0038280543560108974,,0
8.304742,0.03066338098183572,,0
10.25446,0.0008633735808912834,,0
9.389741,0.8082106702168642,,0
9.300821,0.0004358565884259885,,0
8.394347,4.306392901612387,,0
10.20541,0.10931806388640157,,0
7.784889,0.01988377978285579,,0
9.975483,0.08771540506331901,,0
7.87967,0.018381225085642806,,1
8.612503,3.6648251617396665,,1
7.344719,1.052012146484977,,0
9.04523,0.711594497221666,,0
8.41671,0.025253049472002284,,0
9.212039,0.04475647547959844,,0
8.934323,0.0045106155593028375,,0
8.432724,0.02423857437622061,,0
8.33014,0.023596081580088326,,0
9.827254,0.08364087582485012,,0
9.160415,0.7343109082466144,,0
7.729296,0.013747543322729285,,0
10.21116,0.261293523180785,,0
7.623642,2.352060684440228,,0
7.494986,1.6723750931042392,,0
9.113388846,0.06757566228207912,,1
7.468513,1.7754101453024225,,0
10.27794,0.11133435959229682,,0
7.663877,0.015350454040916704,,0
9.517457,0.054294755347340865,,0
9.351927,0.005096514583856577,,0
9.594718,5.012133058810827e-05,,0
7.837554,0.019189079270779945,,0
9.421573,0.008089051983495698,,0
8.151622,2.485080170247693,,0
7.662468,1.6354808072815172,,0
9.305378,0.00038165380624697004,,0
8.6174,0.0002136264395968906,,0
7.844241,0.016318255013820438,,0
9.755741,0.19424827663088803,,1
7.568896,0.012353378718110097,,0
9.35496,0.08676985119252174,,0
9.414097,1.0338847543145593,,0
9.422221,0.0004158756989171516,,0
9.542733,0.11405411675619091,,0
7.642524,0.024070001277241956,,0
9.583489,0.0005170294121400384,,0
7.903596,2.1994895279258584,,0
9.957739,0.0006905685601420176,,0
9.755741,0.11235203565034274,,0
10.46559,0.23075076577914785,,0
9.169830829,0.04719793705326881,,0
7.750184,0.011850254061513266,,0
9.169831,0.042770574879930745,,0
7.955776,0.014987984301931849,,0
10.25446,0.0009062792520135186,,0
9.675583,0.0006120127501688178,,0
9.730146,0.0006994101827735939,,0
9.180396,0.006699949559110022,,0
10.04533,0.08229217516468397,,0
9.350276,0.6712040819126529,,0
10.00893,0.10500262188460305,,0
8.498622,0.0003149366585572512,,0
9.560293,0.0060795844174318485,,0
8.237479,3.0156937614730572,,0
7.568896,0.016255472252249884,,0
10.40511,0.15948549376510435,,1
9.180396,0.008049419667818268,,0
9.677465,0.0006696950626713803,,0
9.376956,2.394297304098436e-07,,0
8.626227,0.00042029782894602145,,0
9.422221,0.004938843210925329,,0
10.38381,0.26652567424985957,,0
8.362409,0.04108109501319605,,0
9.112617283,0.04028740145158724,,0
9.987185,0.0008187042142688135,,0
9.096612,0.00454912257900252,,0
8.964696,0.003575387660031691,,0
9.852615,0.10730360299994786,,0
8.003363,0.02838904711915967,,0
8.392763,0.04222115006725595,,0
7.663877,0.013492649461269806,,0
8.117909,0.02291666626662052,,0
8.927447,0.4362666058669296,,0
8.93142,0.35128766048984533,,0
7.90581,0.013614710968514618,,0
9.096612,0.005728389201774542,,0
9.581145,0.09894481586715187,,1
7.613325,0.024326025870281202,,0
7.688455,1.708629739373845,,0
9.737551,0.0004673529504135996,,0
8.122074,3.462540120728214,,0
7.585281,2.056046182092197,,0
8.938794,0.6320648886461551,,0
8.907071,0.8039341864674333,,0
7.701652,0.014142598840198485,,0
7.58121,1.0850809732063988,,0
10.23556,0.0007785320786684582,,0
6.694562,0.009206898755744668,3.0153594832429595e+279,0
10.34003,0.0006735949637528151,,0
9.924564,0.0007089631049259976,,0
9.618203,0.005818607311870522,,0
9.634366,0.008044576658629001,,0
7.844241,0.02104334631570779,,0
9.288227,0.004861860378556831,,0
7.494986,2.1874682557419436,,0
9.973014,0.09199479582194041,,0
9.246286,0.00045390368311037964,,0
10.22973,0.14040170006470287,,0
7.707063,0.022193455960021913,,0
10.28459,0.11769764236426357,,0
10.4254,0.0008248059428224217,,0
10.10908,0.13758345002145825,,0
8.423761,0.020850600695600612,,0
10.38319,0.0009127828680027758,,0
9.072571,0.08827441735069387,,0
10.09646,0.09872056874711349,,0
9.444384,0.0826548585426224,,1
7.903596,1.9332940325369787,,0
9.204423,0.05102074363232946,,0
9.221874,0.6747438878031001,,0
9.532134,0.6797010858457861,,0
8.70118,0.004897226496026992,,1
9.633776,0.072887191402608,,0
9.399886,0.005076902272330336,,0
9.344434,0.005882026164117245,,1
9.344784,0.007938975646690102,,0
7.628518,2.463300108604275,,0
9.189423,2.6298226227759363e-05,,0
9.973014,0.13278509685881457,,1
9.002085,0.00025859743127213156,,0
10.25446,0.0009062792520135186,,0
7.786967,1.919679146595566,,0
9.137017,0.7084590132133554,,2
9.483873,0.07504193418667193,,0
7.841493,0.03040591978102853,,0
7.642044,0.013757605429081188,,0
9.634366,1.1891548900536304,,0
7.429521,0.7437197137995286,,0
9.35496,0.06281910361078016,,0
10.22339,0.000711462090708376,,0
7.649693,1.9312957968718159,,0
10.07979,0.0927123967003603,,0
9.436519,0.74004583629584,,0
9.961426,0.0006068684549249637,,0
9.855347,0.16203489041542848,,0
9.073718,0.005566667211285388,,0
7.642524,0.024070001277241956,,0
7.654917,2.0450350892694766,,0
8.304742,0.03528539506335269,,0
9.542733,0.07630000807661065,,0
9.130864,0.47444927756978794,,0
9.076123,0.003148098748480298,,0
8.004032,1.841531612030034,,0
7.58121,1.1370698129456944,,0
9.309914,0.0004556822497713697,,0
9.473704,0.007716020326707999,,0
9.501741,0.10038718093666368,,0
10.4254,0.0007501312099617278,,0
9.694432,0.00617618778523395,,0
9.04523,0.711594497221666,,0
9.04523,0.5608806976776359,,0
10.47802,0.0012274375568825343,,1
7.949091,2.4458084261377646,,0
7.219642,0.8927618573934661,,0
9.498222,0.7887856986782078,,0
9.536546,0.006564308897156556,,0
7.468513,1.8604743163595348,,0
9.302099,0.7389332762292388,,0
9.604407,0.0005525654931999344,,0
9.504203,0.008784434916719427,,0
7.987864,2.0549974962498947,,0
9.899429,0.0777859313325403,,0
9.58953,0.0006561310441416285,,0
8.444407422,0.00019876491378526985,,0
10.28148,0.0008402740550023084,,0
8.575273,0.0345894999345983,,0
8.769818,0.04435007571118586,,0
8.529912,0.023557691495026626,,0
9.173054,0.0005406709380065004,,0
7.58121,1.0850809732063988,,0
10.26535,0.13952234562354549,,0
8.853236765,0.0005109690465256089,,0
8.927447,0.6560608460820659,,0
9.421573,0.005443986148678197,,0
7.526179,0.015498927410274076,,0
10.4254,0.0010308594366791747,,0
7.526179,0.014211774656810172,,0
9.220984,0.04517351110171935,,0
7.786967,1.6085900676319818,,0
9.151969,0.0004832457455013539,,0
9.436519,0.8142049578021657,,0
7.550661,1.8813116606211682,,0
7.571474,2.2197050214964467,,0
7.654917,3.0845782801961383,,0
9.422221,0.004733340244053693,,0
8.043021,0.03045185012888023,,0
10.1577,0.1509700778449274,,0
7.724888,0.02054156448481384,,0
9.483873,0.08568236939621102,,0
7.642524,0.02636312635549472,,0
9.62139,0.7352559572892335,,0
10.14061,0.0009556580948488621,,0
10.34003,0.000968771705686206,,0
10.08147,0.0006931948148747439,,0
9.97278,0.0006674191104815351,,0
9.453992,0.008052340715473085,,0
8.964823,0.4529485895123789,,0
9.113389,0.07722691640001292,,0
7.642044,0.01574608547817474,,0
9.371779,1.0389072396864594,,0
7.611348,1.7717518877165794,,0
7.526179,0.014211774656810172,,0
7.637716,0.011119629105633301,,0
9.021477467,0.035338772563256494,,0
10.09394,0.11832177898531489,,0
10.09658,0.1358847228511178,,0
8.055475,1.8401010061951482,,0
10.25446,0.0008659675907031649,,0
10.36287,0.12661866856509063,,1
9.339085,0.004671944781465332,,0
10.18599,0.0006862441962729298,,0
8.47658,0.03460840031281313,,0
9.454854,0.005112311415136354,,0
9.096275,0.45754970273801066,,0
9.246286499,0.0004150443705546569,,0
9.113389,0.07722691640001292,,0
9.60245,0.00048349086347371445,,1
8.53149,0.00021542942933018883,,0
10.1708,0.20099862387209552,,0
9.383032,0.9214903792190774,,0
10.2914,0.0007417511892177921,,0
9.600895,0.00521246887478431,,0
9.284427,0.6057912836916322,,0
9.541728,0.09489457766383447,,0
8.529912,0.022781581257539825,,0
7.844241,0.02535775044150427,,0
7.58121,1.198960119340262,,0
10.09055,0.12251064106327808,,0
9.268609,0.8935841418717583,,0
9.555914,0.006369207811272509,,0
9.492507,0.005283974227013944,,0
10.21116,0.10997404520955173,,0
9.534595,0.005925123206867262,,0
9.424726,0.7257909420958238,,0
9.209239767,0.10698962491119413,,0
9.97138,0.181211736413943,,0
9.07875,0.06471264019560649,,0
7.903596,1.6140157056389084,,0
7.903596,1.5215435312316705,,0
7.552237,0.025010183575297593,,0
9.936632,0.0007454473136587095,,0
7.680637,0.013107029557135292,,0
9.490091,0.05996796398269568,,0
8.602086,0.3043171517498356,,0
9.389741,0.7711036150519827,,0
8.548886,4.299206618272418,,0
7.550661,1.0930470177106804,,0
6.476972,0.4954004495384484,1.661256376369e+224,0
7.90581,0.015734423582170386,,0
10.26085,0.0008346010316732968,,0
9.1072,0.044511878749150274,,0
10.35727,0.0007448738173935221,,0
8.927447,1.0325157075228548,,0
9.207536,0.056824282034003734,,0
9.250522,1.260260789211164,,0
7.903596,2.3312982486776503,,0
9.435562,2.8767494310006277e-07,,0
10.11241,0.13279120679730516,,0
8.65382,0.03119743375145435,,0
9.422221,0.0064310070020550895,,0
7.619724,1.249294938691745,,0
9.581145,0.05980338586904897,,2
9.770756,0.17130297790201715,,0
9.453992,0.008052340715473085,,0
9.992093,0.0007793300611526873,,1
10.38319,0.0009552738275027068,,0
9.969697,0.15892828952726548,,0
9.113389,0.09680978310352868,,0
8.669571,0.49653230161847056,,0
10.10769,0.0007387314356641262,,0
8.462103,0.028676630598149917,,0
8.136811,4.191782191168332,,0
7.837554,0.014714616643145492,,0
8.304742,0.03066338098183572,,0
9.004914,0.004841821960391897,,0
7.473069,1.24142420099877,,0
7.724888,0.015822775181694754,,0
9.169831,0.04719794546423256,,0
9.992093,0.0007147513033196899,,0
9.274723,0.004383858276581068,,0
9.089753,0.04363812757610646,,0
9.826714,0.0008638051877623154,,0
10.16485,0.0010122570360352164,,0
9.089753,0.04772384909180134,,0
9.160415,0.8354182683793429,,0
10.07874,0.0009089271794750795,,0
9.662689,0.0005030947355458749,,0
9.618203,0.007965031830219101,,0
8.41671,0.03590752629412685,,1
9.221874,0.6747438878031001,,0
7.336286,0.5991316800555536,,0
8.767796,0.48054017569643415,,0
7.649693,1.785844075645769,,0
7.837554,0.020086367060162993,,0
8.006368,0.019045664501263306,,0
9.207536,0.6707951065481906,,0
9.21164,0.0003505921243087996,,0
8.246434,2.315702080803695,,0
7.568896,0.01473063893639973,,0
10.21116,0.10964461746261424,,0
10.09055,0.12391525345008485,,0
8.205492,0.03255518494626213,,0
7.649216,1.3421801528576873,,0
10.18829,0.000905365963975693,,0
9.719204,0.009361274906630392,,0
7.515889,0.015244739403205,,0
7.76811,0.013757765687204753,,0
9.137017,0.5941264689379605,,0
9.181118,0.005613610727893694,,0
7.429521,1.6118925025644355,,0
9.136479,0.8196926928907173,,0
10.35313,0.0006800690851952543,,0
9.024854,0.48422842821836215,,0
9.068316,0.5799068239116323,,0
9.350276,1.163948329275366,,0
10.11241,0.11539696120031513,,0
10.29809,0.09144655642922624,,0
9.137017,0.6199210972064656,,2
8.043021,0.02119248741968711,,0
9.451245,0.05010963775444889,,0
8.325064,3.9784825174127514,,0
9.596623,1.2526137171928555,,1
10.29819,0.0008532023549878746,,0
7.786967,1.333968135700843,,0
9.001346,0.9284644295196759,,0
10.1577,0.14403864868508343,,0
10.34142,0.0008806361250999698,,0
8.562931,0.00021133069658518845,,0
8.122074,2.9870983319447855,,0
9.160415,0.7310139329176438,,0
9.770756,0.0791570448997787,,0
7.552237,0.02094255231218173,,1
9.550449,0.05785829658919856,,0
7.494986,2.289297100607855,,0
8.306719,2.841463363645708,,0
7.680637,0.019021096279391556,,0
9.217515,0.049864786291674235,,0
8.636397,4.966702900462521,,0
9.534595,5.5282519760494664e-05,,0
8.99293,0.05932869372812686,,0
10.11241,0.13279120679730516,,0
8.177235,2.2595921239281336,,0
8.304742,0.02721502310168038,,0
9.072571,0.04893291808153096,,0
9.150272,0.005467760081621098,,0
9.096836,0.004972985720528405,,0
7.568896,0.016255472252249884,,0
8.304742,0.023548665230462434,,0
9.315331,0.007480764769666601,,0
9.348362,0.00580765211120229,,0
9.21164,0.0003505921243087996,,0
9.809012,0.10796173942191543,,0
9.335827,0.0062133146186984685,,0
9.490091,0.0864797676005408,,0
8.656781,0.04122480018948539,,0
10.16796,0.13250618024205538,,0
9.662689,0.0005265143009015246,,0
8.309677,0.03770366189245045,,0
9.451245,0.055296707061019065,,0
8.418698,0.0409860248844775,,0
8.305484018,0.01603467568093433,,0
10.26584,0.12130171009582842,,0
9.616005,1.021746437252471,,1
9.60245,0.0006624416099641838,,0
7.903596,1.9332940325369787,,0
10.1577,0.16575017041517268,,0
8.478868077,0.0001890082620396455,,0
8.290293,0.03374098616165112,,0
7.825645,1.838971913196238,,0
8.927447,0.4572606314356072,,0
8.489822,0.0003008298041175736,,0
8.347353,0.03373155167091185,,1
9.560293,0.0060795844174318485,,0
10.35727,0.0007448738173935221,,0
9.549808,0.0005819598362234752,,0
9.250522,0.6094603869397438,,0
9.001346,0.5410610236940068,,0
9.089753,0.04772384909180134,,0
9.113388846,0.09680976747032621,,0
9.770756,0.114015429908741,,0
8.342363,3.526610527639664,,0
9.453835,0.7228717200322569,,0
9.311813,1.291528700833441,,2
9.173054,0.0005921801204425418,,0
9.078294,0.5586239639820123,,0
9.393578,0.05184336716408959,,0
10.28175,0.16102823800677132,,0
7.438972,1.6169758211601646,,0
9.169831,0.042770574879930745,,0
7.76811,0.01434215986366127,,0
8.043021,0.02119248741968711,,0
8.205492,0.021778791901437642,,0
9.987185,0.0008913372506523607,,0
9.97278,0.0006674191104815351,,0
9.987185,0.0010660578418297862,,0
9.004914,0.003537043073026437,,0
9.266153,0.0007210441853630207,,0
8.362409,0.025091974157726224,,0
8.290293,0.03219184967910253,,0
8.76155,0.029677968579244606,,0
9.241257,0.9085936295560145,,0
9.300821,0.0008534724506408978,,0
9.1072,0.06693728202010821,,0
7.825645,2.644565217119941,,0
7.429521,1.5974505562826233,,0
9.015784,0.8242285530499334,,1
9.473704,0.006751729737059133,,0
8.6174,0.00022323585991639353,,0
8.95157,0.44766305371349374,,0
9.996887,0.0006233813626021429,,1
9.334591,0.007644138212871628,,0
8.630522,0.6494387579168714,,0
7.642044,0.018119555933112697,,0
7.90581,0.02048823659888569,,0
9.561279,0.006120938748465276,,0
10.26085,0.0006651774214776102,,0
7.585281,1.6300078152641175,,0
10.18599,0.0007830789614158959,,0
9.349406,0.004490751417809369,,0
10.07874,0.001185316350490075,,0
9.143025,0.007758454890549371,,0
9.113389,0.07722691640001292,,0
9.852615,0.09753021503824845,,0
9.241257,0.7619629572911815,,0
9.473704,0.004510007107240815,,0
8.886824,0.8989882704001617,,1
8.228177,2.473990922175126,,0
9.381264,0.051274396122390986,,0
8.489822,0.0003262437071445274,,0
9.560293,0.009033467949325531,,0
9.28619,0.042920516674611046,,0
9.885934,0.11115487605200862,,0
9.981837,0.0006740310886504333,,0
9.97138,0.11002043948241487,,0
9.151969,0.0004425375475731365,,0
8.853236765,0.00022799165195579047,,0
8.228177,2.9500809323578716,,0
9.268609,1.0735653608992977,,0
9.633776,0.09938616537649796,,1
7.673223,0.018882820561044636,,0
9.981837,0.0009723115088206033,,0
9.276877,0.7904965543616284,,0
9.07875,0.05662533776122064,,0
9.852615,0.09753021503824845,,0
9.480138,0.005216506085641469,,0
10.4146,0.0007765940242869159,,0
9.162934,1.009348155249519,,0
10.09349,0.000771404837726886,,0
7.568896,0.016255472252249884,,0
7.707063,0.017783969628254497,,0
9.246286,0.00059281656888061,,0
9.143025,0.003968083380080906,,0
9.842729,0.0008361012977495364,,0
8.886824,0.33487923925497526,,0
10.28175,0.12857080200357562,,0
9.157889,0.7942489900164366,,0
10.05989,0.0008583586521451858,,0
8.122074,2.867103993019094,,1
7.76811,0.01559114994315309,,0
9.289798,0.6323620953326411,,0
10.163,0.0006746288520548711,,0
9.889236,0.08486959152205616,,0
9.802617,0.0007057763769933212,,1
10.09658,0.17059748625236415,,0
7.707063,0.016261453135402996,,0
7.512071,1.3047399627045773,,0
7.673223,0.018882820561044636,,0
10.25446,0.0009062792520135186,,0
8.907206,0.6448787060806314,,0
9.596623,1.0022348355560502,,0
9.884407,0.13366655680541306,,0
7.786967,1.333968135700843,,0
9.138415,0.0004162675773857472,,0
10.24441,0.0008995904349624604,,0
10.07874,0.001185316350490075,,0
9.009203,0.0042290974275116106,,0
9.677465,0.0005874096684932653,,0
9.273597,0.0003715811356814451,,0
8.815815,0.000380622286769596,,0
8.61559,0.05192947781843102,,0
7.628518,1.976844642177948,,0
9.173054,0.0005406709380065004,,0
10.22154,0.000646165003868307,,0
8.236156,1.988528619161664,,1
9.534595,0.005208029041486273,,0
7.654917,2.0450350892694766,,0
7.649693,1.953047894160151,,0
9.541728,0.07265822274527739,,0
9.534595,3.6927508466091464e-05,,0
7.825645,1.838971913196238,,0
9.139489,0.005416017860077093,,0
7.784889,0.019913627832971084,,0
9.094144,0.47349743480617057,,0
7.729296,0.016467029022716472,,0
9.248888,0.5862731457278241,,0
10.12455,0.1265127986773549,,0
9.957692,0.1365292664821578,,0
9.39466,0.8105618733651101,,0
9.517457,0.10647685479582088,,0
9.590761,0.0009375126821693909,,0
8.236156,4.124294512548355,,0
9.97278,0.0008037740522411693,,0
9.313979,0.006785842475555618,,0
7.568896,0.010825772198420978,,0
9.987185,0.0008913372506523607,,0
9.460321,0.005903342860146775,,0
9.096612,0.004153429483681055,,0
7.425358,2.206599792650345,,0
9.399886,0.0069081459426971505,,0
8.228177,2.9500809323578716,,0
8.136811,4.191782191168332,,0
10.01284,0.07918744431186812,,0
8.612503,0.7325531575826979,,0
7.448334,0.010942144758697004,,0
8.418698,0.03561728850441612,,0
9.30556,0.005392485519828649,,1
7.90581,0.015734423582170386,,0
7.837554,0.01831172068154013,,0
9.072571,0.03729839668479384,,0
9.61153,0.005045100713871165,,0
9.596623,0.9962394307433554,,0
9.024854,0.5060101632235559,,0
8.136811,2.2235966275974666,,0
7.512071,1.7091629685940186,,0
9.180396,0.006699949559110022,,0
7.446585,2.3660749570249564,,0
9.217515,0.1180153933535961,,0
10.10357,0.0009190627080306335,,0
10.00969,0.0007831528052574924,,0
9.17885,3.1521911494812765e-05,,0
9.675583,0.0006120127501688178,,0
9.884407,0.11049257418273786,,0
10.16624,0.0006762554136896033,,0
7.473069,1.2933804176856882,,0
9.175231195,0.03974469896791919,,0
9.570529,0.05947570932173828,,0
9.266153,0.0002941825281819739,,0
8.47658,0.03955121586439988,,0
9.113389,0.0675756731944492,,0
9.490091,0.0864797676005408,,0
9.489713,0.007411660416566011,,0
10.03907,0.08180341137353161,,1
7.589842,0.828970445010581,,0
8.964696,0.005091505722900594,,0
9.450616,0.09562911748219981,,0
9.579625,0.0005662598447185789,,0
9.162934,0.614654309034649,,0
9.899429,0.09853980553301163,,0
9.100302,0.004213941211815814,,0
8.438799,0.0352275085943481,,0
9.675583,0.0005604573326604496,,0
7.526179,0.02143598007655593,,0
9.334591,0.005809178155627574,,0
9.303557,0.004487878359972882,,0
9.188912,0.005868534201118587,,0
8.228177,2.6953622331824967,,0
9.267949,0.004830548363339449,,0
9.852615,0.10730360299994786,,0
7.903596,2.1994895279258584,,0
10.32401,0.1755242715087231,,0
9.29771,0.008859856331601726,,0
9.981282,0.1212859791291985,,1
9.62298,0.0005620369089596595,,0
9.393578,0.08526184092042216,,0
7.589842,1.1467469836478554,,0
8.693497,5.229574878067871,,0
9.566545,1.9991734406884873,,0
8.70118,0.0031257336500388985,,0
9.008224,0.004862572339348215,,0
9.029657,0.0413280404013482,,0
9.501741,0.05344400761392677,,0
9.096612,0.005728389201774542,,0
9.680594,4.943530267029941e-05,,0
9.924564,0.0009301105843596482,,0
8.756997,0.027539833817823853,,0
7.680637,0.013087383750837855,,0
8.471777,0.04187543659293241,,0
8.927447,0.47711308478747944,,0
9.069353,0.5075322106120974,,0
9.549808,0.0005819598362234752,,0
7.585281,2.1545563007808686,,0
9.089753,0.10327870976895145,,0
9.240482,0.005818171040964005,,2
10.29157,0.001388027089937013,,0
9.317399,0.004956064744435018,,0
9.15440474,0.0003344661693731895,,0
7.58121,1.5554340117007555,,0
9.737551,0.000736187435922524,,0
7.707063,0.01700483080769525,,0
8.17611,0.041818370118521055,,0
9.453835,0.7228717200322569,,0
9.189423,3.0099287280863043e-05,,0
9.300821,0.0008534724506408978,,0
7.707063,0.017783969628254497,,0
9.246286,0.00041504420133283326,,0
9.304013,0.7410541661587231,,0
7.50769,2.562104453945912,,0
9.521934,0.05911128367141573,,0
10.10283,0.16496289995927965,,0
7.583248,0.013070287213638229,,0
9.286746,0.00488230009660293,,0
8.930362,0.6610790002577394,,0
9.008224,0.004862572339348215,,0
7.90581,0.022473815972714525,,0
9.250522,0.6094603869397438,,0
9.903438,0.0009138848236153725,,0
8.043021,0.023211474615113185,,0
9.534595,4.2493739542394454e-05,,0
9.430038,0.005201236279513342,,0
8.850518,0.0002617496735531348,,0
7.647309,0.015192394839514588,,0
8.228177,2.5814018515202504,,0
9.255313738,0.0004586364073287731,,0
8.250881,2.432367026006017,,0
9.237177,0.0044869956122639675,,0
9.278373,0.00439690908305373,,0
9.138415,0.0004162675773857472,,0
9.208939391,0.0002807341924578901,,0
8.529912,0.035692920717805734,,0
7.844241,0.0161849924459491,,0
7.844241,0.02535775044150427,,0
9.133027,0.5921844865723463,,0
9.317399,0.004583725188810738,,0
9.584108,0.00047370639979670714,,0
9.842729,0.0008361012977495364,,0
9.289336378,0.00040853546762827797,,0
9.326967,1.088570890211316,,0
9.157889,0.8725299686674296,,0
9.042632,0.6190976712903679,,0
5.433722,0.0012605687188288232,5.197267114091362e+76,0
7.58121,1.198960119340262,,0
10.156,0.0009173208360748996,,0
7.50769,0.9458502440147732,,0
10.25446,0.0008262087650115858,,0
9.450616,0.09562911748219981,,0
7.786967,2.2890984747985788,,0
9.770756,0.17130297790201715,,0
10.28175,0.16102823800677132,,0
9.40253,0.934330004866725,,0
9.113389,0.09680978310352868,,0
9.267949,0.00441037620908439,,0
8.761863,0.026614125542998135,,0
7.568896,0.014832631815838496,,0
8.309677,0.031382713698368446,,1
9.435242,0.005986843980239909,,0
9.239025,2.649748754044125e-05,,0
7.637716,0.017239649500927455,,0
7.688455,1.1873117609667623,,0
9.268609,0.930982519691139,,0
9.490091,0.12389203316053125,,0
9.024131,0.5056229087579825,,0
10.08739,0.1016672010466402,,0
7.750184,0.015384327665074405,,0
10.45077,0.24858784321830235,,0
8.122074,1.6608050565969916,,0
8.669571,0.5405831909390625,,0
9.521055,0.7285378802348513,,0
10.28148,0.0009588437146275464,,0
9.008224,0.004267668186061892,,0
10.04107,0.15557416614402653,,0
10.05462,0.0006511000097164222,,0
7.707063,0.016297267713891984,,0
10.09658,0.11801442941919547,,1
9.177094,0.00584146818403331,,0
9.335298,0.08101651337997513,,0
7.729296,0.015012154015488346,,0
9.306104994,0.00033235515597140544,,0
9.781433,0.1384169762497621,,0
7.637716,0.01721380941158815,,0
8.693497,0.38532428116073647,,0
7.825645,2.644565217119941,,0
7.903596,1.946290592412636,,0
7.457609,0.017383538120543725,,0
9.276596,0.8982710236639445,,1
9.969697,0.11592611995045414,,0
9.334591,0.006362612779883404,,0
7.903596,2.652294994005423,,0
7.496097,0.01195935139144459,,0
7.844633,0.030406668775964554,,0
7.786967,1.6085900676319818,,0
9.188912,0.004127223448785021,,0
9.460943,0.006120326730356097,,0
8.306719,2.594306375879939,,1
9.492507,0.007886705620695782,,0
7.688455,1.2398516399792672,,0
7.50769,1.786090178595037,,0
9.97278,0.0006121137921608845,,0
9.266153,0.0002941825281819739,,0
9.097843,0.0043251926081769015,,0
7.443664,1.089461098585312,,0
7.844241,0.02104334631570779,,0
9.097843,0.003790343594159704,,0
9.300821,0.0004358565884259885,,0
9.167224,0.0048155606177116205,,0
9.309914,0.003953259652036767,,0
9.996887,0.000570012602660596,,0
7.837554,0.014736705130334062,,0
9.625096,0.006675694939813166,,1
7.473637,2.5481957956210874,,1
9.537628,0.09030198479528706,,0
9.332292483,0.00035721357965332013,,0
9.649691,0.07656858225674486,,0
7.649693,2.431944577465962,,0
7.568896,0.016951047071892482,,0
10.22339,0.000711462090708376,,0
9.523617,0.061967543062730446,,1
10.09658,0.17880698003476697,,1
9.744023,0.001055219838493298,,0
10.4254,0.0007501312099617278,,0
9.39466,0.6736614452809481,,0
10.23286,0.0008940994892743392,,0
9.899429,0.11785565154375094,,0
7.680637,0.013717174950524668,,0
9.534595,0.005208029041486273,,0
9.169831,0.0496923184766776,,0
9.365205,0.007072937197423831,,0
9.201401,0.04699749289948538,,0
10.14843,0.000672985628290917,,0
7.844241,0.016318255013820438,,0
7.50769,2.114733866448027,,1
9.884407,0.111759396697095,,0
5.347108,0.0006535521816530126,1.3770086347400823e+70,0
9.973666,0.14487289067591858,,0
8.219595,0.02114514465135736,,0
9.562475,0.007970605340183788,,0
8.907206,0.7724461105428528,,1
9.39466,0.6117524321310043,,0
7.552237,0.02094255231218173,,0
9.361085,0.0758770278116697,,0
9.094256,0.09017607839267491,,0
8.006368,0.022779009829972666,,0
7.569412,0.013977440462092438,,1
9.403272,0.6526779366527795,,0
8.432724,0.022296848522303146,,0
7.903596,1.6140157056389084,,0
9.140347,0.7190812578025557,,0
8.907206,0.5152036433699058,,0
8.93142,0.5751353666647656,,0
9.684025,0.007287690232152903,,0
7.786967,1.333968135700843,,0
9.273597,0.0003888786108430086,,0
9.204423,0.07408642283512874,,0
9.453992,0.006423497949512435,,0
9.301369,0.003937724831846968,,0
9.620926,0.10757172234193409,,0
9.371779,0.9131724163012217,,0
9.389741,0.8045818930730269,,0
8.006368,0.03568889194740352,,0
10.22973,0.14040170006470287,,0
7.532624,2.0097572590209993,,0
9.996887,0.0006233813626021429,,0
7.613325,0.014175949063110795,,0
9.463586,0.7228367078975322,,0
9.730146,0.00046467460378466136,,0
10.39946,0.0009236442244196838,,0
10.03513,0.14701986261936273,,0
8.756997,0.03039060331259645,,0
9.957692,0.14886487244232555,,0
8.309677,0.02518521767401528,,0
8.325064,3.496982555184056,,0
9.855347,0.08595394976389455,,1
9.97278,0.0009584507704482436,,0
9.755741,0.08975979135500352,,0
9.288227,0.004273448696869042,,0
8.930362,0.6590987351398416,,0
7.750184,0.020148892158243066,,0
10.10283,0.09475746241766383,,0
10.10057,0.10805956776509472,,0
8.98507,0.005262594162241433,,0
8.41671,0.040912961486202055,,0
9.177094,0.005595049375285958,,0
9.420277,0.6335569281619013,,0
7.90581,0.02038197429001886,,0
9.315331,0.008987502747002026,,0
8.432724,0.02423857437622061,,0
9.181118,0.004505028133578526,,0
9.542733,0.1252952615244889,,0
9.884407,0.0882212899672715,,0
9.555914,0.007594885797616485,,0
9.675583,0.0005604573326604496,,0
8.342363,2.9574790087044853,,0
9.211639528,0.00038341698156377826,,1
8.47658,0.03460840031281313,,0
9.431562,0.0005026391315784763,,0
9.377125,0.0003974740574231358,,0
9.677465,0.00044667107714822443,,0
9.430038,0.007077327349229587,,0
9.492507,0.007886705620695782,,0
10.16612,0.11512285067513589,,0
10.05462,0.0007099277861153585,,0
10.39895,0.1809632240352063,,2
9.575886,0.0005386703306386495,,0
8.291295852,0.018098241812593546,,0
5.298317,0.0555875344591143,2.3010001181328224e+66,0
9.166179,0.00404463460795852,,0
7.903596,1.8347813162141717,,0
9.371779,0.9090723724453699,,0
8.136811,2.2235966275974666,,0
8.17611,0.023026269572885956,,0
9.30556,0.004953064193419588,,0
9.372714,1.3704275716949372,,0
8.430109,0.030313145918287022,,0
8.875986,0.0002892227492597588,,0
9.827686,0.0008636732505075039,,0
9.074062,0.03441597005472082,,0
8.240385,0.03555194828740969,,0
8.571681,0.00020349474766038982,,0
9.638675,0.0004146685237955531,,0
9.289798,0.9581095897456046,,0
10.08147,0.0009026285139779787,,0
9.166179,0.00404463460795852,,0
9.899429,0.09853980553301163,,0
9.488578,1.343303040303706,,0
9.981282,0.1212859791291985,,0
9.35496,0.10393432661686484,,0
9.644458,0.007734227469079975,,0
9.162934,1.009348155249519,,0
7.512071,1.1894651575134318,,0
8.659734,0.03594174005152041,,0
8.488794,5.2725823437293355,,0
8.529912,0.027124906636994277,,0
9.208839,0.7029712456990292,,0
9.421573,0.005443986148678197,,0
7.50769,2.0316107942631927,,0
10.4254,0.0010308594366791747,,0
9.113389,0.0675756731944492,,0
9.549808,0.0005819598362234752,,0
10.29458,0.0009356560440771912,,0
7.76811,0.02461124474459506,,0
9.301369,0.00671674124188564,,0
7.534763,0.011941057475088062,,0
9.510963,0.0004889246048284591,,0
7.707063,0.011843716441549313,,0
7.673223,0.02717378015997263,,0
9.08387,0.8495818803345635,,0
9.315961,0.003801690942718093,,0
7.390799,1.9135733160435693,,0
8.394347,3.7852072459275847,,0
10.00893,0.12502144969927537,,0
7.628518,1.1365552286265308,,0
10.46442,0.0009629213123797611,,0
8.304742,0.032452229313500704,,0
7.623642,1.9665718140002997,,0
9.792333,0.16059952496844584,,0
10.12033,0.0007479799617214917,,0
9.350276,1.163948329275366,,0
9.096275,0.8972957507339159,,0
7.473069,1.24142420099877,,0
9.918475,0.0007724497207375119,,0
9.08806,0.004171302945172573,,0
9.097843,0.004139010183228038,,0
9.188912,0.004127223448785021,,0
9.275941,0.5417458936650345,,0
7.589842,1.3756539583728908,,0
10.14061,0.0008038399705081243,,0
8.462103,0.028676630598149917,,0
8.703839,0.04580885341348953,,0
9.563389,1.2063275823868775,,0
8.432724,0.021063577132130147,,0
7.701652,2.282064909398843,,0
7.526179,0.02143598007655593,,0
9.289798,0.9141202850867615,,0
9.414097,0.9482124615284265,,0
9.509259,0.0053387916601437945,,0
9.644458,0.007734227469079975,,0
8.489822,0.00031248131331764427,,0
7.751045,0.02420571023897459,,0
10.23286,0.0010645602206705526,,0
7.589842,1.2055419587653804,,0
9.42311,0.008086887460543089,,0
7.841493,0.03040591978102853,,0
8.798757,0.00035413391537063483,,0
7.50769,1.0864646376078588,,0
9.113389,0.04480178822204118,,0
7.550661,1.2491573767253223,,0
9.414097,0.9482124615284265,,0
9.432844,0.0005089243202697017,,0
9.563389,0.8070099256120057,,0
10.4254,0.0007501312099617278,,0
8.93142,0.4791460386854918,,0
7.588324,2.156351647047315,,0
10.163,0.0007698245954975164,,0
9.123474,0.6145051400522739,,0
10.39946,0.0007361448886905682,,0
9.358933,0.0007792795255860224,,0
7.732808,3.5295178535119835,,0
7.589842,0.012138812915492602,,0
7.841493,0.03040591978102853,,0
9.604407,0.0005264055725440675,,0
8.306719,2.978200289430567,,0
9.483416,0.741434320112492,,0
9.421573,0.008089051983495698,,0
9.099185,0.595464744515085,,0
8.529912,0.022781581257539825,,0
8.065894,3.220937936475759,,0
8.907071,0.38878146852860107,,0
9.113389,0.07722691640001292,,0
10.07874,0.0009089271794750795,,0
9.255313738,0.0006062289713731114,,0
9.139489,0.006477669711435921,,0
8.988446,0.004721196176301717,,0
9.220687,0.6184417906078058,,0
9.008224,0.004077840609054831,,0
9.276877,0.7206555600539009,,0
9.445017,0.05219120968886228,,0
8.489822,0.00026126746951621717,,0
7.903596,2.0202581508122757,,0
7.448334,0.02050403764804752,,0
9.300821,0.00034821261770080823,,0
9.234252,0.522043761756245,,0
9.250906,0.5052082079981872,,0
9.770756,0.17130297790201715,,0
8.136811,2.2235966275974666,,0
9.737551,0.0005377989302332992,,0
7.414573,0.022798618687906447,,0
9.563389,1.2643784892595387,,0
9.675583,0.0006120127501688178,,0
10.47802,0.0016103132241502916,,0
9.096836,0.004758918365716589,,0
9.215925,0.04534348443287473,,0
7.390799,1.8257161852023913,,1
9.042158,0.5169065544584034,,0
8.246434,2.315702080803695,,0
9.668208,0.00044345324083334855,,0
8.72258,0.004511487893547753,,0
9.096836,0.005947794082202655,,1
7.585281,1.3162474003847242,,0
9.60245,0.000575668755531353,,0
8.489822,0.0003754197262313186,,0
9.493412,0.13040618198010684,,0
10.46484,0.0011084023298103484,,0
7.729296,0.011528937057146268,,0
9.579625,0.0007852114640510219,,0
10.29769,0.12998038130038805,,0
7.550661,2.164889293246354,,1
7.65681,0.016696102826864425,,0
9.981837,0.0007092274190832895,,0
9.25033,0.004753747573151859,,0
8.430109,0.01843187452646192,,0
7.872074,0.01824777826063388,,0
8.423761,0.04160759647507325,,0
10.14002,0.0008301120041578768,,0
9.889236,0.12250059179909109,,0
9.169831,0.0621064819887928,,0
8.767329,0.0030246229501966863,,0
9.422221,0.005168751324024687,,0
9.957692,0.14886487244232555,,0
9.770756,0.19712416104349584,,0
8.938794,0.3872196336218691,,0
7.638198,0.020940575598859982,,0
7.611348,2.6365436190713387,,0
9.677465,0.0004084307913147675,,0
8.657824,0.002290867522765923,,0
8.665786,0.036291208240126875,,0
7.688455,1.4264541182347714,,0
7.649693,2.9326052007141143,,0
10.28288,0.0007714383457830367,,0
8.394347,3.6114185306072892,,0
10.05462,0.0008859524271181236,,0
8.656781,0.02741362140968141,,0
9.999298,0.0006245180950641327,,0
9.209239767,0.07468145983204902,,0
8.927447,0.4362666058669296,,0
8.240385,0.03539232394425456,,0
7.688455,1.1873117609667623,,0
7.766417,1.188397212297984,,0
10.07874,0.0006629933635319167,,0
9.204423,0.05927764704150129,,0
7.955776,0.016317674304920902,,0
9.523617,0.06803421558414573,,0
7.559559,0.008940612672216993,,0
9.39466,0.7039643234872355,,0
7.729296,0.016467029022716472,,0
9.977992,0.0008856886960990554,,1
9.421573,0.005680342558206735,,0
9.332204,0.040714538687331596,,0
7.825645,1.400748410394173,,0
7.552237,0.02276633898907044,,0
7.903596,1.6140157056389084,,0
7.559559,0.013840569779832407,,0
9.266153,0.0002941825281819739,,0
9.903438,0.0006656104236817052,,0
8.93142,0.6889064142246436,,1
9.975483,0.10569922283752001,,0
10.29819,0.0008208962627971097,,0
8.250881,2.315127746330348,,0
9.559658,0.0055098341555641465,,0
9.341105,0.8443740664559036,,0
9.450616,0.07228216005741324,,0
7.463937,1.9998546354296662,,0
7.844241,0.0161849924459491,,0
9.905935,0.11291541361032267,,0
9.532134,0.8092866024621844,,0
7.503841,0.027415655931662033,,0
9.827254,0.09558657161080483,,0
7.623642,1.9665718140002997,,0
8.347353,0.02372272977357021,,0
9.276877,0.6875683878508597,,0
9.681344,3.498205378481901e-06,,0
10.20541,0.09499855209576012,,0
9.072571,0.08827441735069387,,0
9.884763,0.1337125694272974,,0
7.903596,1.6140157056389084,,0
8.489822,0.00031248131331764427,,1
9.987185,0.0008913372506523607,,0
8.122074,1.7564635809950315,,0
9.266153,0.000321726053802739,,0
9.584108,0.00047370639979670714,,0
9.034677,0.0003484433321885536,,0
9.459074,0.12596776896418313,,0
8.41671,0.03142007185039699,,1
10.47802,0.0011728406465342893,,0
7.589842,1.2055419587653804,,0
9.072571,0.03729839668479384,,0
9.247251,0.005365653518310281,,0
9.20140053,0.07385426574497336,,0
9.173054,0.0005921801204425418,,0
10.29809,0.14962837483290678,,0
7.688455,1.1873117609667623,,0
8.325064,3.496982555184056,,1
9.842729,0.0008361012977495364,,0
7.552237,0.02276633898907044,,0
9.183071945,0.0904809512796291,,0
9.096612,0.00454912257900252,,0
8.47658,0.023187108038014072,,0
7.903596,1.5215435312316705,,0
9.583489,0.0005949633237620252,,0
9.138415,0.00047858233657954377,,0
9.332292483,0.0008755338943256767,,0
10.09254,0.10308793238358317,,0
10.20278,0.0009497286821091276,,0
9.855347,0.09343926798435655,,0
7.638198,0.019983135504625656,,0
7.494986,2.289297100607855,,0
9.894497,0.1544852106838978,,1
9.157889,0.7942489900164366,,0
7.627057,1.38482196421399,,0
8.122074,1.6608050565969916,,0
9.250522,1.260260789211164,,0
10.14002,0.0006631894105273164,,0
8.627302,4.272876307727169,,0
10.20541,0.09499855209576012,,0
8.304742,0.021564946317112508,,0
7.58121,1.198960119340262,,0
8.551981,0.031293229529335616,,0
7.825645,1.400748410394173,,0
7.903596,2.1994895279258584,,0
10.24441,0.0008570014302363187,,0
9.422221,0.0064310070020550895,,0
7.825645,1.6891182929399937,,0
8.438799,0.028076341200883655,,1
9.555914,0.0007057283417550449,,0
9.634366,0.857051626195859,,0
10.28175,0.11172938486015105,,0
8.656781,0.03596477623674719,,0
9.444384,0.08233313236813412,,0
10.1708,0.20099862387209552,,1
9.638023,0.0006493477523306072,,0
9.977342,0.10111699867836657,,0
7.365813,1.0824325371375325,,0
8.347353,0.03373155167091185,,0
8.829665,0.03781125236925996,,0
10.05462,0.0007099277861153585,,0
7.825645,1.52501870054679,,0
10.14002,0.0006346417309583299,,0
7.637716,0.015130490320649548,,0
9.024854,0.4813317563546533,,0
9.07875,0.03754185893316629,,0
7.754053,0.01246493967684694,,0
9.334591,0.005809178155627574,,0
9.957692,0.09051711945870372,,0
8.930362,0.6590987351398416,,2
7.526179,0.015498927410274076,,0
8.587279,0.2495369005748414,,0
8.122074,2.867103993019094,,0
10.09299,0.16270006530858436,,0
9.961426,0.0006332162899753931,,0
9.246286,0.00041504420133283326,,0
10.4254,0.0009006782925403539,,0
9.893942,0.08512853794363244,,1
8.684401,0.003687638935470506,,0
8.237479,2.62302939385029,,0
9.097843,0.005952770093052295,,0
9.069583,0.03941721000231544,,0
10.39001,0.13668441905007864,,0
7.638198,0.01748579248284931,,0
10.48111,0.12255981516813712,,0
9.258273,0.00746270290108646,,0
9.549808,0.0006368291666776502,,0
9.924564,0.0008900730045905299,,0
8.325064,3.4812814875833964,,0
9.069583,0.06453466511169721,,0
9.138414632,0.00047858219097924334,,0
9.39466,0.704386828820254,,0
9.349406,0.005595820844584537,,0
10.03924,0.08920889633965368,,0
10.26085,0.0009913362735666689,,1
10.06824,0.0008591041896105968,,0
9.975203,0.0007050392858134451,,0
7.585281,2.692808791988412,,1
9.521934,0.06802136392863437,,0
9.1072,0.06693728202010821,,0
9.212837,0.5884334994319902,,0
10.05264,0.0007474559430905773,,0
7.512071,0.991539749681012,,0
9.246286,0.00036426623816048404,,0
9.024131,0.5252063073857896,,1
9.532134,0.7028567643385254,,0
7.987864,2.0549974962498947,,0
10.07853,0.1601014314452615,,0
9.885934,0.11650387200663063,,0
9.306104994,0.00030390165447380965,,0
9.263217,1.2248571983861798,,0
9.574428,0.011945568541319054,,3
7.766417,1.2871178820229077,,0
9.450774,0.006085389939842321,,1
7.585281,0.9484604474781804,,1
10.10704,0.23691513721858876,,0
8.65382,0.033965178562401034,,0
7.58121,1.1370698129456944,,0
10.15203,0.0009638189680308169,,0
10.163,0.0008784532502987484,,0
7.534763,0.015525481934156945,,0
9.123474,0.5862916098783822,,0
10.34003,0.0008845057251095959,,0
9.471319,0.004703921619092077,,0
8.306719,2.841463363645708,,1
7.637716,0.011119629105633301,,0
8.392763,0.02694832873579157,,0
8.6174,0.00018564363225610905,,0
8.418698,0.03561728850441612,,0
8.869117,0.06489107807149506,,0
7.649693,1.306551436604218,,0
10.06824,0.0006884138659189729,,0
9.300821,0.0004358565884259885,,0
9.574428,0.006091293010856885,,0
7.628518,1.810316982666685,,0
7.559559,0.010629191364683502,,0
10.28514,0.001161325156518969,,0
9.480673,0.0068986249660839775,,0
9.983915,0.1280181140723336,,0
9.629971,0.005823484597227739,,0
8.529912,0.035692920717805734,,0
8.964823,0.5401131367467011,,1
10.29008,0.0006493973574399413,,0
7.477604,1.9566947269891348,,0
9.837668,0.08061250683894035,,0
7.568896,0.02450383426876071,,0
8.065894,2.3635686146059665,,1
7.526179,0.01872895687551464,,0
8.847072,0.005112513730831027,,0
7.647309,0.015192394839514588,,0
10.05462,0.0008859524271181236,,0
9.638023,0.00045571535865482403,,0
8.41671,0.040912961486202055,,0
9.918721,0.09119186483751167,,0
9.753246,0.0005443824056409382,,0
10.29819,0.0008532023549878746,,0
6.476972,0.4142072384230393,1.0661874657488217e+224,0
8.136811,4.191782191168332,,0
8.17611,0.022316709872662537,,0
7.90581,0.018637038110858574,,0
7.90581,0.018609103509880758,,0
9.301369,0.00671674124188564,,0
9.578311,0.0007483843740643943,,0
9.541369,0.000606268131574849,,0
7.475339,0.014678203810916338,,0
9.414097,0.6286524703743034,,0
9.510963,0.0005132218948575134,,0
7.473069,1.2933804176856882,,0
9.241257,0.7950443839995901,,1
9.436519,1.2170827980436933,,0
9.069353,0.7299384226776974,,1
10.35727,0.0008882158887524462,,0
9.166179,0.00404463460795852,,0
9.702778,0.0008506134216064017,,0
9.266153,0.0007210441853630207,,0
6.57647,0.005291465715212027,5.064685436648907e+247,0
8.432724,0.02423857437622061,,0
8.795885,0.00040651008502889995,,0
7.425358,1.4695449210962865,,0
10.15203,0.0009638189680308169,,0
9.445017,0.04566874211692516,,0
7.786967,2.882500252985068,,0
9.332292483,0.0008755338943256767,,1
7.438972,1.6169758211601646,,0
8.228177,2.5814018515202504,,0
9.39466,0.9347019215775524,,0
9.341105,0.8850070429485146,,0
9.620461,7.134944910358192e-05,,0
9.074062,0.4087160670718316,,0
9.113388846,0.043131254331430224,,0
8.122074,2.4060886413380884,,0
9.181118,0.005125326016661074,,0
8.76155,0.029677968579244606,,0
8.6174,0.0003624291041142161,,0
7.642044,0.013757605429081188,,0
7.729296,0.016467029022716472,,0
8.618305,0.028613166408894993,,1
7.589842,1.1947407594414505,,0
10.1589,0.0007686334873874115,,0
9.855347,0.09343926798435655,,0
9.123474,0.6145051400522739,,0
9.422221,0.0059478578882242936,,0
8.56274,0.02222593284369134,,0
9.255314,0.0005272938425341757,,0
7.390799,2.002652076307844,,0
9.595331,0.0007280205965209833,,0
7.619724,2.2537135968150914,,0
9.175231195,0.09829532552900518,,0
9.490091,0.09951520892557911,,0
9.680594,0.007613397459338023,,0
8.886824,0.6567280376194438,,0
9.410993,0.0007104355564148204,,0
9.009203,0.0037116948165683665,,0
7.903596,2.0202581508122757,,0
9.173054,0.0005921801204425418,,0
7.589842,1.2055419587653804,,0
9.21164,0.00030769945427630877,,0
8.575273,0.041556342867533236,,0
7.697575,1.0914647351719433,,0
9.113389,0.0431312612964261,,0
7.642524,0.03148358518775978,,0
8.430109,0.038320364961898376,,0
7.649693,1.184938856035219,,0
9.434843,0.005046247518785112,,0
9.586171,0.8619298703993786,,0
9.852615,0.09753021503824845,,0
9.532134,0.059184111668361135,,0
6.359574,0.0032322095516391287,1.2268949996123162e+198,0
9.755741,0.11235203565034274,,0
9.432844,0.000698754400645719,,0
9.548525,0.9486799523235947,,0
7.512071,2.0614379198087605,,0
8.928905,0.00030387184140429145,,0
10.05672,0.0007475050049751693,,0
9.069353,0.457858497103876,,0
8.997766,0.46770166059491075,,2
9.744023,0.0005405052779228959,,0
9.532134,0.7028567643385254,,0
9.068316,0.5262979210386731,,0
9.694432,0.008454520070196052,,0
7.724888,0.013189886600557595,,0
9.549808,0.0005552405456445737,,0
9.39881,5.92930270108298e-05,,0
7.623642,1.7928236425383342,,0
9.317399,0.006453431646421641,,0
9.463586,0.6599627163985677,,0
7.649693,1.9312957968718159,,0
8.551788,0.3960059312960338,,0
9.490091,0.06351718416162459,,0
9.398147,0.00044677663105725834,,0
9.638675,0.0004146685237955531,,0
10.12033,0.0007839742602308542,,0
9.297802,0.7067607459675631,,0
7.90581,0.022473815972714525,,0
9.807362,0.07838787664289933,,0
7.628518,1.4955618542644793,,0
7.688455,2.233325493346715,,0
9.113389,0.04480178822204118,,0
9.493412,0.06599995473492613,,0
9.208939391,0.0006880821861015889,,0
9.015784,0.4202912240782588,,0
10.44906,0.001047094259058134,,0
7.90581,0.02048823659888569,,0
9.1072,0.044511878749150274,,0
10.16612,0.08084225808491508,,0
9.104091,0.7201742781489178,,0
10.03924,0.08920889633965368,,0
9.334591,0.005809178155627574,,0
10.32401,0.1755242715087231,,0
9.187072,0.005313187500392167,,0
9.807362,0.14162309677023174,,0
7.688455,1.2878726225820873,,0
9.42311,0.008086887460543089,,0
9.254262,0.8050760808347125,,0
9.300821,0.0008534724506408978,,0
9.909917,0.09924382006814539,,0
9.97278,0.0006674191104815351,,0
9.957739,0.0007593138970454512,,0
7.637716,0.013219750144793235,,0
8.309677,0.0395180378523751,,0
9.633776,0.0951079842751107,,0
7.680637,0.015605894472665438,,0
10.35313,0.0008930069725788299,,0
9.634366,0.006076921025231663,,0
7.642524,0.028658964889956333,,0
9.586171,0.8619298703993786,,0
9.268609,0.930982519691139,,0
7.383989,0.013419014238430345,,0
9.566545,0.966797530441544,,0
10.47802,0.0016103132241502916,,0
7.589842,1.1467469836478554,,0
10.1577,0.19853822626143083,,0
9.957739,0.0006963937676666352,,0
9.957692,0.09051711945870372,,0
7.786967,1.4044672662122626,,0
9.239025,4.2929100044931536e-05,,0
9.525808,0.00036248787289371015,,0
7.750184,0.020148892158243066,,0
7.619724,1.4964256180489515,,0
8.741456,0.3516579413042921,,0
9.39466,1.0634011452175147,,0
9.301369,0.00428706822839388,,0
9.147401,0.0005073258573979633,,0
10.315,0.0007945840339860945,,0
10.14843,0.000672985628290917,,0
7.987864,3.8797651737628893,,0
9.792333,0.08889126166023015,,0
8.95157,0.44766305371349374,,0
9.680594,0.008700752524070519,,0
9.022443,0.7950487614376277,,0
9.842729,0.0008737111030475979,,0
9.431562,0.00036718744991560455,,0
7.50769,1.698641770362149,,0
9.444384,0.06300244953124604,,0
7.955776,0.016317674304920902,,0
7.750184,0.013369143224742147,,0
9.451245,0.055296707061019065,,0
9.024854,0.4770192061331346,,0
9.889236,0.1533335878931091,,0
9.138415,0.00047858233657954377,,0
8.489822,0.0003262437071445274,,0
7.649693,1.619619386400018,,0
10.28038,0.0010629674574659334,,0
9.081484,0.005369634481444618,,0
10.1577,0.16575017041517268,,0
8.703839,0.032216456016235344,,0
8.575273,0.027758723909637087,,0
9.332292483,0.00044712306290091636,,0
9.536546,0.14196424996109097,,0
9.372714,0.8320379612293947,,0
9.289798,0.9581095897456046,,0
9.188912,0.005868534201118587,,0
9.002332,0.7782741171978241,,0
7.512071,2.6923213008699585,,0
6.378426,2.8799157376617133e-05,2.377397055920964e+202,0
8.240385,0.02367678326394179,,0
7.766417,1.9721129252034595,,0
9.246286,0.00036426623816048404,,0
9.220885,0.005503843616781496,,0
9.303557,0.00584379295408928,,0
9.929837,0.0008154306671787015,,0
9.563389,0.9608669670420082,,0
9.351232,0.0003442095736385837,,0
10.01476,0.18860408472109005,,0
7.90581,0.013635148359178327,,0
8.237479,3.0156937614730572,,0
7.90581,0.018762325510310603,,0
7.563201,2.26897212807295,,0
9.183072,0.49504041350887124,,0
9.996887,0.000570012602660596,,0
7.550661,1.042862384571495,,0
9.07875,0.03614203342007119,,0
9.217515,0.1180153933535961,,0
9.100302,0.005250894088106869,,0
9.781433,0.1588993044776094,,0
9.529812,0.12405499327800024,,0
9.266153,0.0007210441853630207,,0
9.240482,0.0003919919238706368,,0
9.069583,0.07730066226513484,,0
9.16785,0.006018080483954499,,0
8.630522,0.3445049780920384,,0
9.246286,0.00041504420133283326,,0
9.510963,0.0004678783354965375,,0
10.11241,0.12087754652473573,,0
9.638675,0.0004952087858456458,,0
7.46451,2.0303497995292825,,0
8.761863,0.030552365415289193,,0
8.669571,0.37395988788432705,,0
8.53149,0.7004479623514285,,0
8.72258,0.003959536642631808,,0
8.430109,0.038320364961898376,,0
8.562931,0.00022269969149428677,,0
7.385851,1.3244171331189354,,0
7.571474,1.2913320904763048,,0
9.246286,0.00036426623816048404,,0
10.09055,0.12251064106327808,,0
8.043021,0.015504755012498235,,0
9.542302,0.08271007524759522,,0
9.255313738,0.0004586364073287731,,0
9.317399,0.003983305600750322,,0
10.08147,0.0006643513013245121,,0
7.707063,0.013514963362494027,,0
9.884407,0.09712009609274082,,0
9.008224,0.005365918618880496,,0
7.390799,0.774895064300989,,0
9.39466,0.704386828820254,,1
9.770756,0.09046235427587894,,0
9.584108,0.0004145061120526111,,0
7.628518,1.6429640506241996,,0
8.362409,0.019912507269993003,,0
7.903596,2.0202581508122757,,0
10.44973,0.0009527558156144752,,0
9.179056,0.004466464606844563,,0
7.58121,1.638784181068527,,0
9.349406,0.007046422501152218,,0
8.536015,3.3572828769689544,,0
9.335298,0.06482251539338886,,0
10.17519,0.0007791619957845693,,0
7.688455,1.4105669662350953,,0
9.445017,0.04566874211692516,,0
10.16204,0.1576951615872001,,0
9.414097,0.6286524703743034,,0
7.473069,0.9082453476033006,,0
9.790095,0.20088438584744378,,0
8.767952,0.004947207449435786,,0
7.751045,0.018450446405550082,,0
10.46442,0.0010132028160997392,,0
9.20140053,0.07385426574497336,,0
9.422221,0.007033125038170595,,0
7.601902,0.016638228161320944,,0
9.39466,0.6736614452809481,,0
7.724888,0.017200704964923454,,0
7.81843,0.014927191629234306,,0
7.473637,1.7123823321206175,,0
8.548886,4.299206618272418,,0
9.266153,0.000321726053802739,,0
9.008224,0.004077840609054831,,0
10.4667,0.0011580786661943016,,0
8.394347,3.768212081121083,,0
7.448334,0.015046145195411727,,0
9.21164,0.00030769945427630877,,0
9.410993,0.0007104355564148204,,0
9.181118,0.005125326016661074,,0
8.17611,0.0210233919359858,,0
10.29809,0.09144655642922624,,0
9.021598,0.5802786453879646,,0
9.981837,0.0007092274190832895,,0
7.792349,0.01740470297729497,,0
7.81843,0.014927191629234306,,0
9.594718,0.006185398282883281,,0
9.483873,0.08601718309920095,,0
9.826714,0.09191895109329275,,1
9.717218,0.0004402280373542458,,0
9.069583,0.04672141024125787,,0
8.934323,0.0037713522790451537,,0
7.552237,0.01912092117245634,,0
7.65681,0.016696102826864425,,0
9.905935,0.10386988252793176,,0
8.827761,0.053746722035241216,,0
9.601504,0.09624979619457513,,0
8.744488,0.0030684680329558594,,0
7.568896,0.01698668167397991,,0
9.981837,0.0011018834649564,,0
9.022443,0.4605417196068876,,0
8.122074,2.867103993019094,,0
7.844241,0.024502727077610777,,0
9.286746,0.005331413713667525,,0
7.649693,1.2391072677554718,,0
9.69935,0.004518286632016265,,0
8.465479,0.018413655935217245,,0
9.492507,0.005752752920944565,,1
8.488794,5.2725823437293355,,0
9.755741,0.08975979135500352,,0
10.27794,0.18420291007717596,,0
9.269741,0.007143979325451888,,0
8.043021,0.015504755012498235,,0
7.568896,0.014863813071511082,,0
7.569412,0.009029027222754653,,0
9.983592,0.0008519300446354733,,0
9.458606,1.14487787658218,,0
9.559658,0.0055098341555641465,,0
9.315331,0.005745029399500067,,0
8.418698,0.025048931003852373,,0
9.269741,0.00626995984047439,,0
10.15844,0.16472506579305712,,0
9.179056,0.005599051340966624,,0
9.08387,1.2756923412638614,,0
7.786967,2.882500252985068,,0
9.220885,0.003841821824590216,,0
9.730146,0.0005116994207615868,,0
9.458606,0.6992814111630857,,0
9.097843,0.004977146192555253,,0
8.641532,0.003708771274263122,,0
9.072571,0.04893291808153096,,0
9.584108,0.000564018876590481,,0
9.975203,0.0007675883031579487,,0
9.009203,0.00509616652935078,,0
9.422221,0.0059478578882242936,,0
9.072571,0.08827441735069387,,0
9.492507,0.005752752920944565,,0
9.414097,1.0338847543145593,,0
7.494986,2.289297100607855,,0
9.255313738,0.0006062289713731114,,0
9.266153,0.0007210441853630207,,0
9.015784,0.3974018008372734,,0
9.918721,0.11552254338725058,,0
10.23599,0.08631070951605675,,0
9.463431,0.004473190792724844,,0
9.069353,0.50449613468443,,0
9.276596,0.0459922006421629,,0
8.704336,0.03549205115392925,,0
7.81843,0.015774338771618678,,0
9.695417,0.0005942642414368811,,0
9.1072,0.058396507895343286,,1
10.28175,0.12857080200357562,,0
8.488794,3.2301231092793254,,0
9.918475,0.0007391988172087087,,0
9.286746,0.00488230009660293,,0
8.136811,2.2235966275974666,,0
9.1072,0.06693728202010821,,0
9.269175158,0.054555809873647686,,0
9.633776,0.1089525997155464,,0
9.426338,1.1080936356232798,,0
9.906433,0.0005820107737469714,,0
8.964696,0.003916011285816307,,0
7.615791,3.069287674512029,,0
9.541728,0.06901104516323117,,0
9.473704,0.007716020326707999,,0
9.97138,0.11002043948241487,,0
6.555357,0.4041649433854169,6.004609927323649e+242,0
8.418698,0.03561728850441612,,0
7.955776,0.02030259750056792,,0
7.784889,0.019913627832971084,,0
9.492507,0.005268146058456862,,0
9.263217,0.00474243622245212,,0
9.975203,0.0011029608514351711,,0
7.512071,1.0439418186279563,,0
8.236156,4.124294512548355,,0
9.435242,0.007160389592463513,,0
9.334591,0.007644138212871628,,1
10.1589,0.0007344443643919142,,0
8.342363,3.099798840414233,,0
9.221874,0.7157516100222852,,0
9.276877,0.627762115562292,,0
9.664532,4.901882572033883e-06,,0
7.680637,0.015060097458514835,,0
7.468513,2.433502223538563,,0
10.00969,0.0006863089086585548,,0
10.13974,0.08931506007281706,,0
9.301369,0.00392592935940669,,0
7.568896,0.025430000677389986,,0
9.16785,0.005046870519014114,,0
8.465479,0.02524410239019824,,0
9.680594,0.00991361950144966,,0
9.072571,0.08827441735069387,,0
9.157889,0.48294221148193306,,0
9.986541,0.1232956286117329,,0
9.21164,0.00030769945427630877,,0
7.81843,0.01428463510355435,,0
7.757051,0.014929517793449585,,0
9.389741,0.8082106702168642,,1
7.429521,1.2176331775942668,,0
10.05462,0.0008859524271181236,,0
10.24399,0.15569820060532522,,0
9.463431,0.004674405448446931,,0
9.389741,0.7711036150519827,,0
8.462103,0.026339837479643385,,0
8.003363,0.020534438551051293,,0
7.552237,0.02276633898907044,,0
8.72258,0.037679908033619855,,0
8.347353,0.02372272977357021,,0
7.949091,4.2324275312810204,,1
9.421573,0.007396534209688911,,0
9.86204,0.0010204078040953089,,0
8.548886,3.4141566171728623,,0
7.688455,1.708629739373845,,0
7.568896,0.022372434672318947,,0
9.445017,0.05203487068555489,,1
10.45077,0.13056827589834663,,0
7.619724,1.4964256180489515,,0
7.494986,2.1874682557419436,,0
10.2023,0.0007596219762222509,,0
8.498622,0.00037836961474743474,,0
9.924564,0.0007057799384499982,,0
9.276596,0.6915060020742204,,0
9.167224,0.007914942827372371,,0
8.246434,3.9976748963656332,,0
9.015298251,0.035108138836051773,,0
10.29809,0.09144655642922624,,0
9.08806,0.006545177008778768,,0
8.627302,4.861209177082942,,0
9.094256,1.0709101631020186,,0
7.844241,0.02535775044150427,,0
8.950533,0.4471677136076154,,0
10.28514,0.0007383492922732492,,0
9.163249,0.7325184487524647,,0
7.550661,1.1353820763007765,,0
9.752141,0.08538838443876935,,0
9.21164,0.00041805939208899704,,0
9.62139,1.0201640021761618,,0
8.462103,0.026339837479643385,,0
9.068316,0.7291412284127735,,0
8.003363,0.016479272942824082,,0
9.918721,0.15087711412673704,,0
9.268609,0.5176195439471164,,0
6.57647,2.8900259065826694e-05,3.848205864530335e+247,0
9.558388,0.08055477508625354,,0
9.07875,0.03754185893316629,,0
9.07932,0.006449221269488619,,0
9.677465,0.0004084307913147675,,0
8.043021,0.03045185012888023,,0
9.008224,0.004267668186061892,,0
10.09394,0.13615689406751105,,0
8.98507,0.007182331788104324,,0
7.515889,0.01529054229139474,,0
8.70118,0.0031257336500388985,,0
7.457609,0.01903965050516049,,0
9.532134,0.8092866024621844,,0
9.450616,0.09497154779589621,,0
9.97278,0.000698488140572999,,0
8.228177,2.983307560590093,,0
7.533694,2.3012933860123863,,0
10.38319,0.0011885603095268065,,0
9.236885,0.0037305083993241644,,0
7.623642,2.966230132549044,,0
8.432724,0.025519563308885152,,0
9.009203,0.0042290974275116106,,0
10.09658,0.1358847228511178,,0
9.967213,0.0007670866213875392,,0
9.25081,0.5278813106997855,,0
7.425358,2.206599792650345,,0
10.22154,0.000646165003868307,,1
7.76811,0.02461124474459506,,0
9.527557,0.0004939222029390398,,0
8.841304,0.0033346377554306383,,1
8.964823,0.47474538564951274,,1
7.707063,0.01700483080769525,,0
10.20322,0.2591250420212899,,0
9.620461,5.1732676519153955e-05,,0
7.627057,2.4944582857327045,,0
9.542733,0.10460308496234431,,0
9.125762,0.5104095934173042,,0
10.15203,0.0007368641040459103,,0
9.08387,1.2756923412638614,,0
9.601504,0.8751951199325165,,0
8.136811,4.191782191168332,,0
7.58121,1.1441415455037895,,0
9.523617,0.06813634348429809,,0
10.08439,0.0012058005286769975,,0
9.072571,0.04893291808153096,,0
10.22662,0.0007787644846558487,,0
8.330382,0.00023355402722037493,,0
7.327123,1.176310597209501,,0
9.560293,0.0060795844174318485,,0
8.122074,3.6020475896015114,,0
9.348623,0.004694010349763065,,0
8.795885,0.00040651008502889995,,0
9.096836,0.0038248544272868313,,0
10.09394,0.20334577469710863,,0
7.568896,0.020285971865724294,,0
7.688455,2.233325493346715,,0
10.06437,0.0013473375221358253,,0
9.097843,0.0033266196659209185,,0
9.166179,0.007908128975344568,,0
8.6174,0.0003624291041142161,,0
10.46911,0.0008441725650641799,,0
8.004032,3.611407635998133,,0
9.717218,0.0006017203842242606,,0
9.510963,0.0004903935810054764,,0
7.81843,0.01722539057145648,,0
9.089528,0.054772853847890504,,0
10.41322,0.0009681786097511362,,0
7.53048,0.016346061839886305,,0
9.345221,0.004681120688833384,,0
9.520395,0.08455288178314375,,0
10.16485,0.0007439232015447385,,0
9.242227,0.5037101247519428,,0
10.19377,0.11797300565056433,,0
9.909917,0.1705587225675685,,0
9.581145,0.05196977394227708,,0
7.489971,0.02460960800750237,,0
7.688455,2.5733067043921016,,0
9.250522,0.5309001457341017,,0
7.645398,0.016075667919505234,,0
8.602086,0.7241296275388371,,0
7.623642,1.9677521111424379,,0
9.549808,0.0005552405456445737,,0
8.290293,0.03374098616165112,,0
8.703839,0.04020443763288602,,0
8.602269,0.30529353290274525,,0
9.473627,0.0004774658331321535,,0
8.529912,0.029593429782981507,,0
8.767329,0.005931555204916769,,0
8.95157,0.4077445344287725,,1
8.825413,0.005418250443332554,,0
8.043021,0.018696694656104663,,0
8.362409,0.03756407119852289,,0
9.348362,0.006617226851122387,,0
9.435562,2.8767494310006277e-07,,0
10.50941,0.14471513732251157,,1
9.975483,0.10569922283752001,,0
9.424726,0.8356935800132013,,0
9.247251,0.0039314887859730465,,0
8.930362,0.7918510840809191,,0
8.964696,0.004916385502939209,,0
9.179056,0.004862716245276033,,0
8.325064,2.5203567767054116,,0
7.707063,0.022409779958066863,,0
10.01516,0.10483961513367233,,0
8.043021,0.03045185012888023,,0
9.305378,0.004532431961796748,,0
8.246434,2.315702080803695,,0
8.438799,0.01861424730334891,,0
7.673223,0.029540214655525195,,0
9.350276,0.589086620584336,,0
9.100302,0.004213941211815814,,0
7.702556,0.018301410981296843,,0
10.12803,0.08974995999930932,,0
10.29819,0.0007801582211773356,,0
9.792333,0.13989803609500912,,0
9.024854,0.5060101632235559,,0
9.380083,4.380481311833792e-05,,0
9.618801,0.006083198590905174,,0
9.453992,0.006993371845536363,,0
7.844241,0.020319569178631147,,0
9.421573,0.005443986148678197,,0
8.47658,0.025244200248365562,,0
9.436519,1.2170827980436933,,0
9.480138,0.00682319505670503,,1
9.662689,0.0006321827371484183,,0
8.602086,0.30504839004900136,,0
9.07875,0.06471264019560649,,0
9.899429,0.1290062152754833,,1
9.024131,0.48240844517897524,,0
7.724888,0.012605716093655234,,0
9.113388846,0.09680976747032621,,0
10.14282,0.0006085910369589257,,0
9.246286,0.00036426623816048404,,0
10.16238,0.0011106511961792396,,0
9.936632,0.0010711460823340413,,0
8.520986,2.9104038429766503,,0
9.536546,0.006272325828570575,,0
8.41671,0.02877327254442961,,0
8.043021,0.03672092484622867,,0
9.008224,0.0058595193955874566,,1
8.228177,2.473990922175126,,0
9.590761,0.00047949347456578586,,0
9.42311,0.007097509287491369,,0
7.365813,1.1342944839335878,,0
9.138415,0.0003620666345963206,,0
9.510297,0.0005626620879667033,,0
10.52291,0.000877504078657828,,0
9.618801,0.005570755274889416,,0
9.42311,0.005687347199659704,,0
9.246286,0.00041504420133283326,,0
9.015298251,0.035108138836051773,,0
9.504203,0.00804444182085397,,0
7.81843,0.015774338771618678,,0
8.174139,0.025191691906745327,,0
9.633776,0.0753702716940826,,0
9.600895,0.009738173903557037,,0
8.552367,0.29209414804941686,,0
9.204423,0.07408642283512874,,0
10.4254,0.001761019422789672,,0
9.286746,0.005331413713667525,,0
7.949091,3.3611249110967854,,0
9.905935,0.10386988252793176,,2
8.438799,0.021420047264021327,,0
9.562475,0.008354166882734439,,0
9.212039,0.049612168569655744,,0
9.123474,0.5352946235706072,,0
9.62298,0.0006691896629005962,,0
9.173054,0.000492902234025041,,0
7.628518,1.810316982666685,,0
10.18829,0.0008221634684760387,,0
10.10704,0.1378549445938008,,0
7.903596,1.8347813162141717,,0
10.156,0.0006155137511640258,,0
7.649693,2.431944577465962,,0
9.549808,0.0005805648073208349,,0
9.072571,0.035692848314913136,,0
9.436519,1.2170827980436933,,0
8.432724,0.025519563308885152,,0
10.28514,0.0008496436347981857,,0
8.423761,0.021952537976065233,,0
9.510297,0.000646891930558149,,1
10.01476,0.2170331329049447,,0
5.843544,0.14122830180625223,3.0487879545782415e+117,0
9.099185,0.5477627109063913,,0
9.905935,0.19580886136248996,,0
10.06824,0.0008591041896105968,,0
8.205492,0.029723460437538554,,0
9.236008,0.00667071591123103,,0
9.697447,6.571358847150346e-05,,0
9.082961,0.05670645246333786,,0
9.581145,0.05980338586904897,,0
9.62139,1.173937403299414,,0
7.568896,0.01944188201993633,,0
9.072571,0.0560895960347568,,0
7.76811,0.01710213726468183,,0
10.28459,0.10391975171602608,,0
7.515889,0.008557725877790658,,0
9.857862,0.12410773874864775,,0
7.751045,0.018450446405550082,,0
9.266153,0.0007210441853630207,,0
9.139381,0.8221841174908611,,0
9.435242,0.005498989740645267,,0
8.703839,0.032216456016235344,,0
8.70118,0.003924225565631159,,0
10.4254,0.0009850063992432332,,0
7.707063,0.01841742944771427,,0
8.418698,0.025048931003852373,,0
9.634366,0.857051626195859,,0
8.489822,0.00023997738026512852,,0
10.16204,0.1652837695849172,,0
8.725507,0.00029354091378701514,,0
9.445017,0.04566874211692516,,0
8.841304,0.0033346377554306383,,0
9.249465,0.0003173743702120436,,0
10.39895,0.15017388086393518,,1
9.166179,0.00404463460795852,,0
9.389741,0.8082106702168642,,0
7.53048,0.016311771127872014,,0
10.09055,0.23303715212496973,,0
9.618801,0.005570755274889416,,0
7.682022,0.013235609642744336,,0
9.334591,0.007644138212871628,,0
9.716977,0.11292118639855596,,0
10.06824,0.0008591041896105968,,0
9.854822,0.11848692346669171,,0
10.18524,0.128954024920477,,0
9.638675,0.0004952087858456458,,0
9.899429,0.113393104620719,,0
7.50769,1.9562492132117026,,0
7.58121,1.5638560744677996,,0
9.383032,0.6671349416061847,,0
10.08402,0.0008376679386338143,,0
8.17611,0.0210233919359858,,0
8.418698,0.03561728850441612,,0
9.97278,0.0008329038423353846,,0
7.623642,2.166887553726929,,0
9.586171,0.7775701853367087,,0
7.701652,2.4919877747608936,,0
8.250881,2.4265363447598123,,0
9.127828,0.0003271997111592416,,0
9.269741,0.005024218651400277,,0
9.241257,0.7986301456403037,,0
9.1072,0.06693728202010821,,0
8.656781,0.04122480018948539,,0
9.072571,0.035692848314913136,,0
9.39466,0.07804828534211311,,0
7.512071,2.339655645795197,,0
7.955776,0.017026123372430552,,0
8.669571,0.39668739009766035,,0
8.997766,0.9671277683138242,,0
9.906433,0.0007979045343498027,,0
9.977992,0.0007065299053188879,,0
9.473627,0.0005985395494162404,,0
9.634366,1.1838157152016686,,0
9.361085,0.0758770278116697,,0
9.596623,0.9041430789179267,,0
9.380083,3.4891515818263525e-05,,0
7.903596,2.5310273833321024,,0
9.957739,0.0007946607217702499,,0
9.16178,0.006905130069148038,,1
7.654917,2.4459043893175183,,0
9.422221,0.008093256110564426,,0
10.03907,0.10725604786544252,,0
9.20140053,0.04911152683134388,,0
7.701652,2.4919877747608936,,0
9.269741,0.007143979325451888,,0
9.634366,1.1838157152016686,,0
8.741456,0.44682139252860564,,0
9.39466,0.9347019215775524,,1
10.16501,0.0009621368756021367,,0
9.375177,0.13877986450351287,,0
8.756997,0.03199672196859409,,0
9.638023,0.0009706523790315055,,0
9.981282,0.1392333386313844,,0
7.615791,2.2421730491262286,,0
9.893942,0.08512853794363244,,0
9.215925,0.1023876902845817,,0
9.852615,0.10730360299994786,,0
10.02959,0.0009637506671080487,,0
9.173054,0.000492902234025041,,0
10.09601,0.0007698527650960173,,0
8.602086,0.33380948295659746,,0
9.237177,0.006707211890879888,,0
7.58121,1.707370749580876,,0
9.410993,0.0004944164813664537,,0
8.602269,0.30529353290274525,,0
8.602820277,0.026743357123295734,,0
8.907206,0.49154930333187075,,0
7.637716,0.01443581013429477,,0
8.627302,4.076697436664995,,0
8.781402,0.3394168140422989,,0
9.729253,0.12548113723537715,,0
9.345221,0.004891688520934144,,0
10.13907,0.0009058310399040927,,0
9.301369,0.00392592935940669,,0
7.903596,1.6140157056389084,,0
7.589842,1.1947407594414505,,0
7.76811,0.011973590609161781,,0
10.55122,0.0011269604427049072,,0
7.766417,1.7089950690455062,,0
7.680637,0.013791448052148261,,0
9.480138,0.005451156813663542,,0
8.744488,0.003506710522517729,,0
9.697447,4.402711658678505e-05,,0
9.975203,0.0009180515335575282,,0
7.568896,0.010825772198420978,,0
9.317399,0.004956064744435018,,0
8.551788,0.3960059312960338,,0
9.563389,0.9608669670420082,,0
9.463586,0.8310444997989702,,0
9.905935,0.11888290133946756,,0
9.807362,0.12336769431753682,,0
10.32193,0.001197381906981724,,0
9.143025,0.007758454890549371,,0
9.684025,0.01040916486633457,,0
10.16612,0.09156048800038148,,0
8.285261134,0.017972752438458636,,0
9.097843,0.0033266196659209185,,0
8.997766,0.513028097836137,,0
8.006368,0.019045664501263306,,0
8.122074,2.9870983319447855,,0
9.053336,0.004167878327312515,,0
8.959954,0.5648651316466781,,0
7.647309,0.01062059417717273,,0
9.414097,1.1357841730074434,,0
9.137017,0.6227170282706528,,0
9.579625,0.0005718936585456364,,0
10.17519,0.001121271936785491,,0
9.534595,5.794282567835567e-05,,0
9.08387,0.5903669678576129,,0
9.434843,0.005031131461651498,,0
8.392763,0.04222115006725595,,0
9.160415,0.5292349746110332,,0
9.618801,0.005821340965661144,,0
7.615298,0.010875411399960505,,0
9.981282,0.1392333386313844,,0
7.707063,0.021445127616972162,,0
10.06603,0.15153974844691415,,0
8.423761,0.023993495149419713,,0
9.096275,0.8972957507339159,,0
9.924564,0.0007089631049259976,,0
9.220885,0.004014636017322089,,0
9.444384,0.06029044340942197,,0
8.304742,0.018926615155304752,,0
9.013717,0.03489196936693948,,0
9.884407,0.111759396697095,,0
9.977992,0.0007065299053188879,,0
9.827686,0.0006553664304376893,,1
10.28175,0.1948012369338967,,0
7.81843,0.017949899056552508,,0
7.516977,1.572619569537894,,0
10.35727,0.0008512576391045582,,0
10.16612,0.15148700185206393,,0
9.300821,0.00034821261770080823,,0
8.136811,1.9340688331051024,,0
8.741456,0.44682139252860564,,0
10.05462,0.0007099277861153585,,0
9.263217,0.6199132466171607,,0
9.61153,0.005029988091996827,,0
9.096836,0.004758918365716589,,0
10.05857,0.0009014734999930541,,0
9.618336,0.08922710596335916,,0
9.276596,0.8238362882454333,,0
8.698347,0.4427100791128254,,0
9.473704,0.004523557443904783,,0
7.688455,1.4264541182347714,,0
9.209239767,0.0853475604820807,,0
9.246286499,0.0003642663866791163,,1
10.2914,0.0006500269752604251,,0
9.122711,0.0035486917997154493,,0
9.600895,0.009738173903557037,,0
9.349406,0.005109083538124983,,0
7.58121,1.1370698129456944,,0
7.844241,0.024502727077610777,,0
9.473704,0.004924874191369726,,0
9.29771,0.006169578672325911,,0
9.537628,0.07557000462208857,,0
9.837668,0.14564232820020306,,0
9.463431,0.004280637631630048,,0
7.446585,2.476218123266375,,0
9.957739,0.0007593138970454512,,0
7.402452,1.0833171124456358,,0
8.394347,3.7852072459275847,,0
9.169831,0.0621064819887928,,0
7.697575,1.5147048293911296,,0
8.761863,0.02914962680930341,,0
7.766417,1.6354295946250132,,0
10.15203,0.0009638189680308169,,1
9.473704,0.004510007107240815,,0
8.722743,0.0003369799611282993,,0
10.21746,0.0007024250473309854,,0
9.490091,0.0988309175043202,,0
9.029657,0.08104797099938899,,0
9.62298,0.00042801897214573664,,0
7.81843,0.018809921901326996,,0
9.236885,0.005304441690802759,,0
9.421573,0.005944768210842629,,1
8.306719,6.158413454946606,,0
9.477998,1.1675063215359103,,0
9.015784,0.8242285530499334,,1
10.4254,0.0009006782925403539,,0
7.550661,1.2435487972982437,,0
7.841493,0.023003291608303902,,0
9.986541,0.1232956286117329,,0
9.200997,0.00042169809213571006,,0
7.754053,0.019296425616883554,,0
8.250881,2.4265363447598123,,0
9.137017,0.5941264689379605,,0
9.107199613,0.058396484181561854,,0
7.750184,0.017604407681543262,,0
9.372714,1.3704275716949372,,0
9.445017,0.10776081378946632,,0
8.043021,0.03045185012888023,,0
8.306719,2.978200289430567,,0
9.981837,0.0006485092293141543,,0
7.512071,2.5725657794032686,,0
9.575886,0.0008040036044518447,,0
9.982206,0.0012683289344119363,,0
7.825645,1.4681552381174805,,0
7.680637,0.01008096199095087,,0
8.725507,0.00025531983883699005,,0
7.50769,1.9562492132117026,,0
9.309914,0.00027916297357127715,,0
7.649693,1.1254592504442875,,0
9.286746,0.006633393013914829,,0
10.08988,0.0008039288549772753,,0
9.445017,0.05203487068555489,,0
9.618801,0.007614319670712942,,1
9.435242,0.005986843980239909,,0
9.618867,0.009891566049981705,,0
8.47658,0.03460840031281313,,0
7.682022,0.013215771110898873,,0
9.23815,0.007341029592163856,,0
9.477922,0.006845980331367513,,0
9.62298,0.00048768393509821234,,0
7.583248,0.01565580073687606,,0
9.1072,0.06693728202010821,,0
9.584108,0.0004331515730883924,,0
9.792333,0.08889126166023015,,0
9.677465,0.001151962718640041,,0
8.362409,0.019912507269993003,,0
9.365205,0.006189014334099403,,0
7.559559,0.01388215383406522,,0
7.512071,1.3047399627045773,,0
10.08326,0.000999797099087692,,0
8.418698,0.021984356936955968,,0
9.884407,0.0882212899672715,,0
10.09394,0.13615689406751105,,0
9.1072,0.044511878749150274,,0
9.97278,0.0006121137921608845,,0
9.807362,0.08611376584781034,,0
9.438909,0.0004246457563288519,,0
9.792333,0.13989803609500912,,0
9.334591,0.005106116360012738,,0
8.136811,2.2235966275974666,,0
9.559658,0.0055098341555641465,,0
9.981837,0.0012679747676159511,,0
9.987185,0.0010263076800680786,,0
7.844241,0.013532367665754564,,0
9.072571,0.04893291808153096,,0
7.90581,0.013614710968514618,,0
7.589842,0.828970445010581,,0
8.76155,0.05077504388966483,,0
9.559658,0.0006606933427208771,,0
9.317399,0.005703112209659353,,0
9.1072,0.10534662374288839,,0
7.724888,0.02715199079059654,,0
9.905935,0.11291541361032267,,0
7.754053,0.01246493967684694,,0
9.39466,0.891787323880652,,1
9.357898,0.007789518045834596,,0
9.436519,0.8142049578021657,,0
9.094144,0.47349743480617057,,0
9.204423,0.07408642283512874,,0
7.628518,1.6618010074514333,,0
9.47884,1.16325142871514,,0
7.955776,0.020531264738778292,,0
8.423761,0.025261531844370723,,0
9.929837,0.0010746135630038066,,0
9.204423,0.05927764704150129,,0
9.489713,0.0045747611605272045,,0
9.86204,0.0007777908318075845,,2
7.786967,2.3148804874799347,,0
9.173053787,0.0005406708431586776,,0
10.07853,0.18423416067852436,,0
10.28309,0.0008878573078222216,,1
7.468513,0.9915672210544505,,0
8.392763,0.03694466608067505,,1
9.837187,0.10644054399028982,,0
10.29157,0.0007099103242051745,,0
9.078749952,0.08112218688644687,,0
8.250881,2.315127746330348,,0
8.347353,0.02951603428328565,,0
9.894497,0.10783457803419245,,0
9.675583,0.0005847901798102773,,0
7.766417,1.8606120985732393,,0
9.166179,0.005536658802918757,,0
7.81843,0.017799751407470716,,0
7.844241,0.02535775044150427,,0
7.550661,0.8680284619345818,,0
7.569412,0.013977440462092438,,0
9.256651,1.2202407153500643,,0
9.448175,0.712734331533278,,0
9.151969,0.0004425375475731365,,0
9.113388846,0.043131254331430224,,0
8.290293,0.03704425596186144,,0
7.707063,0.018712607018997383,,0
8.423761,0.019180281731624067,,0
8.290293,0.03374098616165112,,0
8.489822,0.0003262437071445274,,0
8.684401,0.00320459718245363,,0
9.517457,0.10229160792971252,,0
7.649693,2.0439642356924645,,0
10.48111,0.1538686317677285,,1
8.489822,0.00022704419042360319,,0
9.188912,0.005135128628613368,,0
7.729296,0.015012154015488346,,0
7.688455,2.233325493346715,,0
9.122711,0.006629829108991289,,0
9.015784,0.6860481821678415,,0
9.996887,0.0011144970105685396,,1
8.423761,0.021952537976065233,,0
9.167224,0.00351785866249348,,0
9.463509,0.7238654906801637,,0
7.615791,2.2388123107364857,,0
9.073718,0.004668307230636756,,0
8.562931,0.0002323684338546036,,0
8.462103,0.026339837479643385,,0
9.008224,0.005365918618880496,,0
9.563389,0.834502690839338,,0
9.372289,0.9060049174575476,,0
8.250881,2.315127746330348,,0
9.173054,0.00042872292427684314,,1
8.930362,0.6590987351398416,,0
8.432724,0.04203259322980414,,0
9.414097,0.6286524703743034,,0
9.523617,0.1024639212676337,,0
8.444407422,0.00019876491378526985,,0
9.286746,0.007254459912620485,,0
7.786967,3.475916067861984,,0
9.317399,0.004956064744435018,,0
8.122074,3.2992740474810547,,0
9.983592,0.0008115974095971335,,0
7.638198,0.018159406539047494,,0
8.065894,2.2281521323563105,,0
9.414097,0.6286524703743034,,0
7.949091,3.3611249110967854,,0
7.568896,0.019547152156406178,,0
9.104091,0.6589141386861196,,0
9.089753,0.5182362678990816,,0
8.417373,0.21803011607571457,,0
9.854822,0.08208888338936063,,0
8.304742,0.026911915414468947,,0
9.620461,0.006413045940980186,,0
7.422971,1.3944223858886238,,0
7.724888,0.015031535626619777,,0
9.677465,0.0004084307913147675,,0
9.618867,0.009891566049981705,,0
9.096275,0.45754970273801066,,0
9.717218,0.0004402280373542458,,0
9.345221,0.004891688520934144,,0
9.549808,0.0007990323518921473,,0
9.493412,0.06599995473492613,,0
7.550661,1.968888608415021,,0
9.365205,0.004146546581653193,,0
7.689371,0.026222946066706217,,0
9.490091,0.08655763442619695,,0
7.50769,1.0767303259782395,,0
9.560293,0.008260097086239744,,0
10.04603,0.09775280777739777,,0
10.06824,0.0008591041896105968,,0
7.784889,0.012844353688185022,,0
9.463431,0.004674405448446931,,0
7.949091,1.9586896679523418,,0
8.722743,0.0003696377478041123,,0
9.267949,0.00441037620908439,,0
7.468513,1.772749026422601,,0
9.730146,0.0005587696895203621,,0
7.585281,1.3120421407074603,,0
7.414573,0.014573429162367148,,0
9.074062,0.05617774614581932,,0
9.451245,0.055296707061019065,,0
9.807362,0.09909403826450215,,1
7.949091,2.062204823102426,,0
9.281917,0.0004237070247955604,,0
10.14002,0.0008301120041578768,,1
9.339085,0.007969130788339482,,0
9.957739,0.0009475836883536585,,0
8.471568,0.00213214407732898,,0
9.49296,0.09507813745680443,,1
10.03513,0.09747224760237164,,0
9.309914,0.007729471319811532,,0
8.394347,2.7280870244449633,,0
7.585281,2.953777351641209,,0
7.697575,1.587277981600088,,0
10.02473,0.0007655318958217494,,0
10.38319,0.0010900709117415903,,0
8.246434,2.449081156882041,,0
8.626227,0.00020601800677761314,,0
9.633776,0.08678318855387372,,0
9.250522,0.6685251076946359,,0
9.192787,0.00532410095617672,,0
9.365205,0.004146546581653193,,0
9.169831,0.0621064819887928,,0
7.568896,0.014863813071511082,,0
9.421573,0.008089051983495698,,0
9.135617,0.059837218941506606,,0
9.590761,0.0006563736960745468,,1
9.270683,3.034291696249907e-07,,0
9.822169,0.06639264546269298,,0
9.981837,0.0009723115088206033,,0
7.825645,1.770402058769472,,0
7.649693,1.184938856035219,,0
7.688455,2.5733067043921016,,0
9.096836,0.005947794082202655,,0
9.212039,0.062006308986013656,,0
7.638198,0.01748579248284931,,0
8.177235,3.688368874371311,,0
8.067149,0.030143717515128544,,0
10.29157,0.000849067474248338,,0
8.886824,0.5987055973140087,,0
9.521422,0.00056561390026741,,0
7.955776,0.02448226146675178,,0
8.853237,0.000510969148993815,,0
9.996887,0.0006233813626021429,,0
8.122074,4.153712275704072,,0
8.562931,0.00028755788783624265,,0
8.769973,0.042570624870810404,,0
9.638675,0.0004952087858456458,,0
8.418698,0.027353135125710474,,0
8.6174,0.0004170594928427067,,1
6.694562,0.0070178230829465995,2.71539940933888e+279,0
8.827761,0.03430471059101177,,0
10.09646,0.1186043686867362,,0
7.750184,0.014763372867739478,,0
9.247251,0.0077099999423048335,,0
8.47658,0.023117650951622423,,0
8.927447,0.6560608460820659,,0
6.320768,0.40959760456135036,4.5265602806981675e+190,0
9.60245,0.0006084607564507811,,0
8.432724,0.022296848522303146,,0
8.432724,0.022296848522303146,,0
10.53803,0.001164828543956757,,0
9.349406,0.005109083538124983,,0
9.618801,0.005821340965661144,,0
7.628518,1.0014029416928647,,0
7.58121,1.638784181068527,,0
9.042158,0.7065274906751674,,0
9.441135,0.004205030335491987,,0
7.628518,1.443256413139994,,0
9.350276,1.163948329275366,,0
9.433164,0.00042307759865268797,,1
9.792333,0.09765236182371954,,0
7.688455,1.133025770644346,,0
9.600895,0.00521246887478431,,0
7.619724,2.361694436859555,,0
10.28288,0.0008411388554344731,,0
10.29819,0.0008208962627971097,,0
7.429521,0.7437197137995286,,1
9.509259,0.010422837858338072,,0
9.489713,0.006504891888130302,,0
9.42311,0.005687347199659704,,0
9.348623,0.0051258035466186964,,0
9.089753,0.06562332874900367,,0
9.169831,0.04719794546423256,,0
7.615791,2.2388123107364857,,0
9.269175158,0.07921963716441847,,0
9.234252,0.522043761756245,,0
9.151969,0.00040102561943085866,,0
9.483873,0.047496075177020515,,0
9.319733,0.007173576079519482,,0
8.430109,0.033300801877943646,,0
9.422221,0.005683294805510539,,0
9.006754,0.005517002264572338,,0
10.60574,0.0011734652391812935,,0
9.639717,0.09997341522626838,,0
9.221874,0.7157516100222852,,0
9.180396,0.005145383978431133,,0
9.453992,0.008052340715473085,,0
10.44973,0.0009956130158344783,,1
9.371779,0.8712462942201493,,0
9.189423,2.8588412920624605e-05,,0
8.17611,0.027664104862469147,,0
9.256651,0.6222260343042724,,0
9.598117,0.0005005074997297915,,0
9.127828,0.0004083279791598028,,0
9.239025,3.296841291578295e-05,,0
8.636397,5.650568839521513,,0
9.629971,0.00043037378115677523,,0
9.492507,0.00901309490307845,,0
10.28038,0.001015686242504769,,0
9.289614,0.00042996530426841405,,0
9.332292483,0.00044712306290091636,,0
7.825645,1.52501870054679,,0
8.798756583,0.00035413378857307204,,0
9.246286,0.0004949145016915387,,0
9.668208,0.0005052697090446411,,1
9.61153,0.005492687250403816,,0
10.39946,0.0010116388908928751,,0
9.894497,0.10783457803419245,,0
7.688455,2.5733067043921016,,0
9.581145,0.09894481586715187,,0
9.490091,0.06617551205710835,,0
8.964696,0.00341635299595415,,0
9.414097,1.0338847543145593,,0
9.07875,0.08112219098511499,,0
10.21746,0.0008792231217126747,,0
9.451245,0.08663582034857494,,0
9.301369,0.005877333088664756,,0
8.423761,0.023993495149419713,,0
8.548886,8.104589436303876,,0
10.4254,0.0008632014880723611,,0
8.043021,0.018696694656104663,,0
9.713839,0.008583227715986953,,1
9.138415,0.00047858233657954377,,0
8.136811,2.5697946357741333,,0
9.480138,0.005216506085641469,,0
7.784889,0.019913627832971084,,0
9.42311,0.008086887460543089,,0
9.20140053,0.11623264809147417,,1
10.28449,0.0008421343305102264,,0
10.03907,0.11231629420813564,,0
7.512071,0.8265488644095754,,0
9.204423,0.056302125521189066,,0
9.302099,0.5325664228769569,,0
9.075665,0.00034764183226454617,,0
10.1708,0.20099862387209552,,0
7.623642,1.9665718140002997,,0
9.21164,0.00030769945427630877,,0
9.335298,0.08466082693665726,,0
7.724888,0.018005015704173365,,0
9.713839,0.006270211169553805,,0
9.008224,0.004077840609054831,,0
9.393578,0.05703852991787588,,0
9.697447,7.50988863792852e-05,,0
8.95157,0.6731989059656308,,0
8.761863,0.026614125542998135,,0
10.29458,0.0009762785396332195,,0
9.042632,0.5384868351704512,,0
7.46451,1.170824373280393,,0
8.571681,0.0002450690958171341,,0
9.532134,1.016024885954494,,0
9.267949,0.005553675684294716,,0
8.860499,0.42552340026840646,,0
9.975203,0.0007675883031579487,,0
7.750184,0.019227649228905644,,0
8.462103,0.028676630598149917,,1
8.423761,0.018299665082375335,,0
7.526179,0.014211774656810172,,0
8.927447,0.5972008791695991,,0
9.40253,0.6166673269250508,,0
9.17108,0.0055208377310365445,,0
9.247154,0.760209463685649,,0
9.919115,0.0872210138325377,,0
7.619724,1.958500918553077,,0
7.844241,0.02104334631570779,,0
9.981282,0.1392333386313844,,0
9.096275,1.032548728793781,,0
8.325064,2.5203567767054116,,0
9.436519,1.1162298999002307,,0
9.713839,0.0010323213801278228,,0
9.566545,0.006540339624436492,,0
7.533694,1.5257274407053927,,0
9.266153,0.000321726053802739,,0
7.53048,0.014303253119507293,,0
10.50941,0.18195642583667604,,0
7.757051,0.020223399259826105,,0
8.498622,0.00037836961474743474,,1
8.228177,2.5930443357950064,,0
10.19377,0.15547047350947826,,0
7.81843,0.018809921901326996,,0
9.422221,0.005446815554346022,,0
9.620926,0.0779960207743797,,0
10.28459,0.128601565247995,,0
9.17108,0.003693334142144239,,0
9.350276,0.6712040819126529,,0
10.11241,0.11539696120031513,,0
9.536546,0.07223865316696554,,0
9.566545,0.0063216186445643535,,0
7.955776,0.019676968370731664,,0
7.569412,0.01401943574490648,,0
7.844241,0.024502727077610777,,0
7.53048,0.014303253119507293,,0
9.042158,0.8424902693640214,,0
9.169831,0.042770574879930745,,0
9.372714,0.6935879597576,,0
9.501741,0.061499836679566926,,0
9.884407,0.12714756190500498,,0
7.766417,1.8606120985732393,,0
7.786967,2.2890984747985788,,0
7.701652,1.8852881899306746,,0
9.350276,0.6174346522887995,,0
9.893942,0.10212140242142227,,2
9.348362,0.004653764107002485,,0
9.094144,0.5419352314316496,,0
9.857862,0.21457300910424373,,0
9.999298,0.0007126427938106063,,0
9.827686,0.0009510765133546377,,0
9.350276,0.6174346522887995,,0
8.136811,4.191782191168332,,0
9.104091,0.6330144411484834,,0
9.414097,0.6916489938992366,,0
7.903596,2.1994895279258584,,0
9.069583,0.07730066226513484,,0
8.6174,0.00018564363225610905,,0
9.351232,0.0003442095736385837,,0
9.376956,3.117682029993788e-07,,0
9.361085,0.05493298428279581,,0
9.099185,0.6269345717283585,,0
7.786967,1.6085900676319818,,0
9.884763,0.1271913304648398,,0
9.147401,0.0005073258573979633,,0
9.212039,0.7363725242121423,,0
9.019664,0.004266338004210113,,0
9.566545,1.0604929163693826,,0
10.15203,0.0007700099866786616,,0
10.52291,0.0009596624455132692,,0
9.583489,0.0005637437266772089,,0
10.04533,0.11298736815045186,,0
9.534595,4.6014509018165024e-05,,0
9.123474,0.6145051400522739,,0
9.250522,0.5309001457341017,,0
8.841304,0.0036523253772878417,,0
7.673223,0.02717378015997263,,0
10.32401,0.09366994054930243,,0
9.63587,0.010024431609401004,,0
9.254262,0.5872418723796493,,0
9.852615,0.0857265198726826,,0
8.309677,0.031382713698368446,,0
7.673223,0.018882820561044636,,0
10.12659,0.0007514824678114322,,0
7.647309,0.021862983664853227,,0
10.09658,0.1358847228511178,,0
7.729296,0.011511656615132102,,0
9.317399,0.006453431646421641,,0
7.707063,0.01854494914793535,,0
7.724888,0.02715199079059654,,0
8.325064,3.9784825174127514,,0
9.07875,0.05662533776122064,,0
8.957897,0.645091938994333,,0
10.34538,0.0011164808626708688,,0
9.499047,0.06611691918838619,,0
7.615791,2.9327645389287307,,0
9.315961,0.004151401353070342,,0
9.842729,0.0008737111030475979,,0
8.827761,0.0052079311238792435,,0
10.21746,0.0006432533771762461,,0
10.163,0.0007698245954975164,,0
7.623642,2.352060684440228,,0
9.29771,0.00041442243503293395,,0
8.423761,0.021058046806422245,,0
7.50769,1.136358638197644,,0
9.975483,0.07698399478545048,,0
10.10283,0.13677272407429075,,0
9.896765,0.10240019191050792,,0
9.705159,0.0005244297378686303,,0
7.872074,0.02386811179354657,,0
9.890149,0.0008670183530337729,,0
10.28309,0.0008878573078222216,,0
9.460943,0.005132616059975208,,0
9.414097,0.9482124615284265,,0
9.662689,0.0006550938405648226,,1
9.372714,0.8320379612293947,,2
9.275941,0.8208144348891366,,0
9.39466,0.6117524321310043,,0
8.236156,3.4328642736151216,,1
9.190954,0.4776308711642857,,0
7.438972,1.6169758211601646,,0
9.421573,0.008089051983495698,,1
9.166179,0.005536658802918757,,0
7.837554,0.01831172068154013,,0
7.627057,1.3848219642139852,,0
9.349406,0.007046422501152218,,0
7.90581,0.013614710968514618,,0
7.90581,0.022440130519161636,,0
7.81843,0.017251248045571037,,0
10.14282,0.0006359668949653362,,0
9.151969,0.00040102561943085866,,0
7.754053,0.019296425616883554,,0
10.34003,0.0008112116436015998,,0
9.601504,0.8699596712652594,,2
10.04603,0.09453233284779211,,0
7.649693,1.1254592504442875,,0
7.697575,1.8112561097935618,,0
7.903596,2.436165533850486,,0
8.17611,0.022316709872662537,,0
9.616005,1.3344421729459726,,0
10.09658,0.17880698003476697,,0
10.14002,0.0006631894105273164,,0
7.512071,0.9052933525193877,,0
8.290293,0.02679494646387328,,0
9.022564,0.6060918886842245,,0
7.383368,1.5187069285461487,,0
9.414097,0.6286524703743034,,0
7.844241,0.020319569178631147,,0
9.137017,0.6820426601115063,,0
10.0745,0.10605794883605534,,0
9.229162126,0.0004485322473799062,,0
10.00143,0.0007170108338712992,,0
9.807362,0.14162309677023174,,0
10.0745,0.1327523857704075,,0
9.6839,0.0005885985757225371,,1
9.377125,0.0008206770477914146,,0
9.056606,0.00024749507278819835,,0
7.76811,0.01427776514106679,,0
7.454141,0.013007285364759341,,0
9.644458,0.007734227469079975,,0
10.39946,0.000802656586222217,,0
7.516433,1.7990363090364474,,0
10.44906,0.0009574507029617887,,0
9.905935,0.10386988252793176,,0
10.22662,0.0008899886143754544,,0
9.127828,0.00035729819811694676,,0
9.069583,0.7641029436010729,,0
10.03924,0.12876393534321784,,0
9.471319,0.004307667385937562,,0
10.2023,0.0006945894209881614,,0
7.50769,2.562104453945912,,0
10.28148,0.0008402740550023084,,0
10.18524,0.1231441899577051,,0
9.604407,0.0007249277292515962,,0
9.882366,0.000571413157439355,,0
9.453992,0.010048896437610687,,0
9.113389,0.0675756731944492,,0
9.746483,0.13956969966909846,,0
10.18599,0.0007504954103710398,,0
9.188912,0.005868534201118587,,0
7.277248,0.009180337527922959,,0
10.28175,0.11172938486015105,,0
8.769973,0.042570624870810404,,0
9.521422,0.0004545971719451875,,0
9.07875,0.03614203342007119,,0
8.47658,0.03982506293978683,,0
6.57647,0.004075915077225157,4.2399947476051724e+247,0
9.489713,0.0045747611605272045,,0
9.099185,0.5226134993457253,,0
9.21164,0.00041805939208899704,,0
10.19377,0.11797300565056433,,0
10.55122,0.0013418162877451402,,1
9.59281,0.005712112306540771,,0
7.649693,1.0275642285510458,,0
9.212837,0.04305868360115117,,0
9.250906,0.7009738884725994,,0
8.659734,0.023900498002386146,,0
8.498622,0.00026332039815610893,,0
7.844241,0.02104334631570779,,0
8.205492,0.021778791901437642,,0
9.946834,0.08141935656522359,,0
9.51731,0.0005842028475028106,,0
9.675206,0.0785253456291582,,0
10.2914,0.0006500269752604251,,0
6.555357,0.48922527592078413,3.234736576550076e+242,0
8.761393,0.0025062048397438068,,0
8.551788,0.6269891207224951,,0
9.246286,0.00041504420133283326,,0
8.562931,0.00019352838398340307,,0
8.471568,0.00213214407732898,,0
8.562931,0.00033090263861952125,,0
9.246286,0.0004949145016915387,,0
9.453992,0.006423497949512435,,0
9.62298,0.00042801897214573664,,0
9.842729,0.0008361012977495364,,0
9.899429,0.11210776359211881,,0
8.95157,0.44766305371349374,,1
9.579625,0.0005464556013269473,,0
10.05264,0.0007474559430905773,,0
10.29008,0.0010128716470310963,,0
8.402679805,0.02694876343302288,,0
7.619724,1.3091516645569434,,0
9.492507,0.007886705620695782,,0
8.438799,0.021420047264021327,,0
9.073718,0.0037520281305240383,,0
9.220885,0.004014636017322089,,0
10.08402,0.001050080143455094,,0
8.489822,0.0003262437071445274,,0
10.35313,0.0007825786189625465,,0
9.889236,0.1533335878931091,,0
8.362409,0.021744221418632508,,0
8.907071,0.8778865825148401,,0
8.505525387,0.03483394525500976,,0
7.568896,0.016834487440275384,,0
7.649693,1.9312957968718159,,0
7.76811,0.01650401099444422,,0
9.852615,0.09797008998225588,,0
8.347353,0.032327997508629074,,0
9.792333,0.11149880168838261,,0
8.918115,0.004506927394238965,,0
9.07875,0.05662533776122064,,0
7.642524,0.02636312635549472,,0
9.096836,0.004972985720528405,,0
7.494986,1.6723750931042392,,0
8.392763,0.04222115006725595,,0
9.566545,0.005971445912406785,,0
9.561279,0.008346276197612098,,0
10.0846,0.0980582098346323,,0
9.07932,0.006227402988461708,,0
9.480138,0.0049919561428368505,,0
8.761863,0.03351329112978341,,0
9.600895,0.006524430148571458,,0
7.786967,2.760351594498874,,0
9.181118,0.005125326016661074,,0
7.688455,1.708629739373845,,0
10.21116,0.1579288137020178,,0
10.3728,0.13932824969696905,,2
10.28459,0.14776438074773526,,0
8.571681,0.00033346576103630756,,0
9.135617,0.039790486763573746,,0
7.955776,0.019676968370731664,,0
10.097,0.11902153171684557,,0
9.730146,0.0005587696895203621,,0
10.16238,0.0008465775293538027,,0
7.615791,2.2388123107364857,,0
8.626227,0.00042029782894602145,,0
9.825472,0.0007443358474565158,,0
9.094144,0.45175793533993536,,0
9.371779,0.8712462942201493,,0
9.240482,0.0004096246437035913,,0
9.542302,0.04413889751358716,,0
8.136811,2.2235966275974666,,0
9.905935,0.19580886136248996,,0
8.612503,0.35426170098788573,,0
9.11537,0.04260301802251275,,0
9.179056,0.0069873207136060995,,0
7.637716,0.01721380941158815,,0
7.903596,2.324779743747027,,0
9.480673,0.7707947392511953,,0
8.798757,0.00021760361624285855,,1
9.986541,0.16102907782268613,,0
9.152605,0.00033678687448880775,,0
9.561279,0.009604343797412816,,0
7.81843,0.018809921901326996,,0
7.81843,0.01722539057145648,,0
9.350276,1.163948329275366,,0
9.58953,0.0006561310441416285,,0
9.561279,0.009163383379236842,,0
9.536546,0.006564308897156556,,0
9.594718,0.008054181509493477,,0
8.306719,3.266827035675105,,0
10.29157,0.000849067474248338,,0
9.521934,0.16098671261780248,,0
9.490091,0.05996796398269568,,0
9.151969,0.003993907340854009,,0
10.50941,0.12777453174093678,,0
9.345221,0.004891688520934144,,0
7.649693,1.184938856035219,,0
9.112617283,0.04028740145158724,,0
8.392763,0.03694466608067505,,0
9.269741,0.005024218651400277,,0
7.680637,0.01008096199095087,,0
7.649693,1.542942295335989,,1
10.18524,0.10701360167834484,,0
9.737551,0.0010515123652254724,,0
9.266153,0.0002941825281819739,,0
9.167224,0.0048155606177116205,,0
7.425358,1.075142031713199,,0
8.290293,0.03374098616165112,,0
8.815815,0.000380622286769596,,0
7.76811,0.024537521650295033,,0
9.424726,1.0996662622649944,,0
10.16238,0.0007717817366556367,,0
7.457609,0.022737684845919523,,0
10.05672,0.001026326294358057,,0
9.143025,0.004146577114910658,,0
7.81843,0.013268389690110467,,0
9.830594,0.0007592489111277371,,0
9.147401,0.00045973650672587543,,0
7.649693,1.306551436604218,,0
8.725507328,0.00029354099715140746,,0
7.649693,2.431944577465962,,1
8.626227,0.00042029782894602145,,1
9.684025,0.007287690232152903,,0
9.42311,0.008086887460543089,,0
9.620926,0.07445968289270515,,0
8.304742,0.02600448805810418,,0
8.006368,0.019045664501263306,,0
9.752141,0.10212627909975011,,0
9.306378,0.04977946409944503,,0
9.870241,0.0008851326048059179,,0
10.2023,0.0007926017667646012,,0
7.654917,2.4459043893175183,,0
10.11241,0.15162009557312492,,0
8.626227,0.0001955006250312744,,0
8.304742,0.023548665230462434,,0
9.096275,0.7468658012150157,,0
9.453992,0.008364217798941085,,0
9.015784,0.8192979882178127,,0
10.14282,0.0008318453199737668,,0
9.473627,0.0007469457836452955,,0
9.344784,0.0040665064110852476,,0
9.436519,0.74004583629584,,0
7.784889,0.01747732476577189,,0
9.07875,0.03614203342007119,,0
9.559658,0.007174510410901773,,0
9.151969,0.0003519627387322824,,0
9.243097936,0.05361889043798188,,0
9.996887,0.0006233813626021429,,0
10.1491,0.0008395136476308676,,0
8.462103,0.026260936378032687,,0
9.21164,0.0005007582795805353,,0
9.586171,1.125715272642127,,0
8.663024,0.026573891557487458,,0
7.837554,0.014041838386457926,,0
7.638198,0.020940575598859982,,0
9.263217,0.7063278761083227,,0
9.918475,0.0007747705494020974,,0
9.584108,0.0004331515730883924,,0
9.001346,0.5696556585306222,,0
7.649216,1.940208170324719,,0
8.761237,0.478549344782671,,0
10.22662,0.0009286284102291111,,0
9.242227,0.8695718406346867,,0
7.766417,1.9721129252034595,,0
9.247251,0.003925595973508351,,0
10.09349,0.0010480780288450566,,0
9.089528,0.06531323550913506,,0
7.697575,0.9051275444612745,,0
9.450774,0.00828039610921163,,0
8.236156,3.4328642736151216,,0
10.10704,0.10040399589381432,,1
9.480673,0.011301349139488,,0
9.321882,5.364570545899046e-05,,0
9.096275,0.8972957507339159,,0
7.58121,1.0850809732063988,,0
9.996887,0.0006233813626021429,,0
9.450774,0.005572762026513305,,0
10.47802,0.0016103132241502916,,0
10.10144,0.0012038276756233485,,0
9.618801,0.005570755274889416,,0
7.702556,0.014097227680926753,,0
8.043021,0.03045185012888023,,0
8.064007,2.140280022676538,,0
9.350276,0.7066766714776931,,0
7.53048,0.011887494940643806,,0
9.60245,0.0005287588237016467,,0
9.434843,0.005031131461651498,,0
9.173053787,0.0004287228490676297,,0
10.16238,0.0008089214243944922,,0
8.17611,0.028995357167841344,,0
10.01476,0.07992990220131507,,0
9.217415,0.5615559384950389,,0
7.425358,1.7523412928119981,,0
9.911605,0.0952692670802502,,0
9.173054,0.0005666891097943535,,0
8.205492,0.04271015216999894,,0
7.550661,1.2000572036760533,,0
9.097843,0.005952770093052295,,0
9.332292483,0.0005857153175031659,,0
7.90581,0.02048823659888569,,0
10.38319,0.0009982442938270726,,0
9.550449,0.00047350010665886264,,0
6.555357,0.5342281903014643,6.342369871943234e+242,0
7.327123,0.8656132427148504,,0
10.22807,0.1770543521864513,,0
9.078294,0.4858872264663387,,0
9.600895,0.006524430148571458,,0
7.646354,0.015045086271634197,,0
9.681344,0.000512013037196366,,0
10.0429,0.0006453881221876195,,0
9.549808,0.000504971218925669,,0
8.006368,0.03568889194740352,,0
7.90581,0.013635148359178327,,0
9.634366,0.857051626195859,,0
7.649693,2.3288886393640964,,0
9.563389,0.8070099256120057,,0
8.41671,0.03590752629412685,,0
7.90581,0.015734423582170386,,0
10.10144,0.0006443625213448514,,0
10.39946,0.0007034008714769869,,0
9.151969,0.005255473133203048,,0
7.688455,1.2398516399792672,,0
9.983592,0.0011176733262193467,,0
9.986541,0.1232956286117329,,0
7.786967,1.6085900676319818,,0
9.755741,0.11235203565034274,,0
9.966134,0.10564001573874474,,0
7.786967,1.6936027437839352,,0
10.09299,0.09833779265032673,,0
10.55122,0.0010304794040686609,,1
9.269175158,0.054555809873647686,,0
9.276877,0.7206555600539009,,0
9.387398,0.006896801317124945,,0
9.315331,0.007480764769666601,,0
9.537628,0.07242557190918354,,2
9.837668,0.08061250683894035,,1
10.21746,0.0008792231217126747,,0
8.536015,2.9245247219482424,,0
7.628518,1.2655438598093294,,0
9.246286,0.0004949145016915387,,0
7.987864,2.450457224960216,,0
9.029657,0.4856757469717709,,0
7.395722,2.2193972078966024,,0
9.221874,0.8959039364069448,,0
9.435242,0.008602599214563812,,0
7.32449,0.9405864371901846,,0
8.246434,2.449081156882041,,0
9.204423,0.05927764704150129,,0
9.755741,0.07800220669846285,,0
8.17611,0.023026269572885956,,0
9.372714,1.3704275716949372,,0
7.646354,0.015214538398450737,,0
9.075665,0.0005204390239159172,,0
9.451245,0.07232814686238695,,0
8.657824,0.003907628142376063,,0
9.305378,0.004532431961796748,,0
10.0846,0.1013988023800729,,0
6.60665,0.005772389226640075,1.3727433646195063e+256,0
9.258273,0.004375048772618014,,0
7.707063,0.014165330552135137,,0
7.707063,0.016261453135402996,,0
9.542302,0.06285568745598899,,0
9.151969,0.0004425375475731365,,0
9.503607,0.7887986103096007,,0
7.90581,0.017904478856581328,,0
8.117909,0.021049239483419413,,0
9.996887,0.000570012602660596,,0
10.19914,0.0011430787252023438,,0
9.072571,0.035692848314913136,,0
8.237479,3.0156937614730572,,0
7.628518,1.4441226268259904,,0
9.510297,0.0007778854283129993,,0
8.430109,0.021210184708908106,,0
9.21164,0.00041805939208899704,,0
8.122074,2.867103993019094,,0
7.707063,0.016297267713891984,,0
8.626227,0.00020601800677761314,,0
7.903596,2.652294994005423,,0
9.072571442,0.08827445844813356,,0
7.512071,1.4268992860786696,,0
8.6174,0.00019399432000503388,,0
9.435562,2.8767494310006277e-07,,0
9.151969,0.005255473133203048,,0
7.697575,1.5011336478489063,,0
8.698347,0.371264633748596,,0
9.07875,0.08112219098511499,,0
7.559559,0.013861346212931351,,0
7.642044,0.00970452035863853,,0
9.852615,0.09753021503824845,,0
8.177235,2.7025190535764105,,0
9.563389,1.2063275823868775,,0
9.826714,0.10097845955802091,,1
9.566545,0.0063216186445643535,,0
9.261129,0.07844715761067685,,0
9.220687,0.5155339056197751,,0
9.713839,0.005258311846108836,,0
7.438972,1.489674481924866,,0
9.163249,0.7009864284556854,,0
7.987864,2.237310846189741,,0
9.303557,0.00584379295408928,,0
9.304013,1.5323744222013702,,0
9.957739,0.0007946607217702499,,0
7.619724,1.0896748436193642,,0
8.825413,0.0037707464036196366,,0
9.579625,0.0005464556013269473,,0
9.644458,0.009250296493132738,,0
7.513709,0.011085554377171392,,0
9.924564,0.0008900730045905299,,0
9.471319,0.0004519862806519555,,0
8.430109,0.027801263717159103,,0
10.42878,0.0013504553370763325,,0
7.786967,2.882500252985068,,0
9.212837,1.0103619583109518,,0
7.642044,0.01116732153436557,,0
9.957692,0.09051711945870372,,0
9.096275,0.7781237075557732,,0
8.362409,0.019912507269993003,,0
9.584108,0.0004942728635548533,,0
7.649693,2.0439642356924645,,1
9.929837,0.0008191083738148034,,0
10.35727,0.0008882158887524462,,0
7.526179,0.023478164575189635,,0
9.217415,0.6740547860422081,,0
6.061457,0.0025330113368410207,1.4379540862219176e+147,0
9.451245,0.07580872260241292,,0
8.965845,0.003422741546865682,,0
7.649693,1.8605854103874724,,0
9.905935,0.19580886136248996,,0
8.306719,2.841463363645708,,0
9.402612,0.7831412224150961,,0
10.33456,0.001090216191067008,,0
9.560293,0.008260097086239744,,0
9.344434,0.006403862271640967,,0
7.654917,2.253343127530553,,0
9.623443,0.06846054300385358,,0
7.429521,2.014576412355812,,0
9.899429,0.09853980553301163,,0
8.423761,0.022071402326040723,,0
10.16157,0.0008473379339835939,,0
9.06543,0.8660352999186945,,0
9.827686,0.0007575537674466284,,0
9.563389,0.834502690839338,,0
9.564302,1.267432200594615,,0
7.468513,0.9854385228804994,,0
9.424726,0.7018796950810358,,0
10.28288,0.0008411388554344731,,0
8.703839,0.02827498180244636,,0
7.468513,1.4796883096541276,,0
7.837554,0.017572608056522946,,0
9.996887,0.0006233813626021429,,0
7.619724,2.361694436859555,,0
9.919115,0.14344408191640196,,1
8.798757,0.00029564964857287736,,0
9.894497,0.10783457803419245,,0
10.28038,0.0012118698350186378,,0
9.21164,0.0005007582795805353,,0
7.400621,2.0282304163542935,,0
9.173054,0.0005666891097943535,,0
9.284427,0.5506148210770719,,0
9.08387,0.5903669678576129,,0
10.28175,0.212720636888216,,1
8.93142,0.4042386548504814,,0
9.574428,1.4609765723058332,,0
9.212039,0.5856580797950858,,1
9.975483,0.08771540506331901,,0
9.173054,0.0005666891097943535,,0
6.359574,0.3330078206296723,1.684757416849821e+198,0
10.08427,0.0009892123929585261,,0
9.755741,0.11235203565034274,,1
9.529812,0.0753184377045878,,0
8.95157,0.4254471941215915,,0
8.93564,0.003341591566323147,,0
9.104091,0.6039511007924772,,0
9.263217,0.005655061442375433,,0
9.717218,0.00046003053116235623,,0
7.750184,0.014088365390367435,,0
9.315331,0.008987502747002026,,0
8.641532,0.002850802771538515,,0
7.603399,0.024087440094105864,,0
8.950533,1.0583154474531906,,0
7.784889,0.019913627832971084,,0
9.181118,0.006744275938487122,,0
8.47658,0.025244200248365562,,0
7.955776,0.017026123372430552,,0
10.05989,0.0008583586521451858,,0
9.60245,0.0006084607564507811,,0
10.28309,0.0008878573078222216,,0
9.435242,0.007160389592463513,,0
9.17885,4.3474862914043156e-05,,0
9.073718,0.004668307230636756,,0
9.301369,0.00392592935940669,,0
8.529912,0.022781581257539825,,0
7.766417,1.6354295946250132,,0
9.1072,0.06693728202010821,,0
7.594381,0.013849162353408202,,0
10.23286,0.0008107153892830072,,0
9.42311,0.007097509287491369,,0
9.018695,0.6009026078954184,,0
8.462103,0.028676630598149917,,0
7.58121,1.875648776845984,,0
7.786967,1.6936027437839352,,0
9.662689,0.0007164285299262566,,0
10.08406,0.2126078858393593,,0
9.618801,0.005570755274889416,,0
9.558388,0.08443123270436331,,0
7.825645,1.52501870054679,,0
9.595331,0.0007949898439927974,,0
9.594718,4.385754104630271e-05,,0
7.628518,1.4441226268259904,,1
9.297802,0.7067607459675631,,0
9.1072,0.10534662374288839,,0
9.480138,0.00682319505670503,,0
8.432289,0.2515275123512785,,0
8.290293,0.02446426068411402,,0
7.841493,0.023176464883398827,,0
9.07932,0.004960266108010242,,0
10.09658,0.11412643356600513,,0
9.234057,0.6304599404232841,,0
9.306378,0.04749395935608296,,0
9.204423,0.05927764704150129,,0
9.31551087,0.0005236042673669186,,0
8.927447,0.47711308478747944,,0
9.827686,0.000634345979759675,,0
9.289336378,0.00040853546762827797,,0
10.18524,0.10701360167834484,,0
8.362409,0.029810123194344496,,0
9.744023,0.0005405052779228959,,0
10.10704,0.23691513721858876,,0
7.619724,1.3091516645569434,,0
9.204423,0.05102074363232946,,0
7.649216,1.7053924694542621,,0
9.996887,0.000570012602660596,,0
8.641532,0.04404450627065449,,0
7.707063,0.016297267713891984,,0
9.536546,0.008253581533441277,,1
9.160415,0.7005967834712387,,0
8.043021,0.015528029596591011,,0
10.1491,0.0010539736546932978,,0
9.973666,0.1267677588516198,,0
9.981837,0.0012679747676159511,,0
10.14282,0.0012415880317974204,,0
10.4254,0.0008248059428224217,,0
9.581145,0.07178404804086566,,1
9.919115,0.14344408191640196,,0
10.08739,0.09831776608330417,,0
9.350276,0.589086620584336,,0
7.649216,1.7053924694542621,,0
8.638348,0.4749787450412291,,0
7.663877,0.015396574549211521,,0
9.620926,0.09797945459239302,,0
8.177235,3.8427348777921484,,0
8.043021,0.023211474615113185,,0
7.585281,1.9730583669528516,,0
9.433164,0.00042307759865268797,,0
8.93142,0.4163829681875929,,0
9.211639528,0.00030769933516296545,,1
9.349406,0.005595820844584537,,0
8.6174,0.0004170594928427067,,0
8.684401,0.0038500510131159425,,0
9.20140053,0.11623264809147417,,0
9.1072,0.042595818523559884,,0
9.053336,0.004368445006022335,,0
9.21164,0.0005007582795805353,,0
9.565214,0.00695404912917421,,0
9.893942,0.08922509421949378,,0
10.11241,0.10504386459561334,,0
10.23286,0.0007104631309704337,,0
7.751045,0.02420571023897459,,0
9.625096,0.0072897795805596756,,1
9.566545,0.006855073907227662,,2
8.626227,0.00024470748941812944,,0
8.489822,0.00020854287800606305,,0
9.448175,0.712734331533278,,0
9.015298251,0.05279587059700942,,0
9.987185,0.0008187042142688135,,0
9.981282,0.1392333386313844,,0
8.347353,0.03843366048325021,,0
9.579625,0.0007852114640510219,,0
9.625096,0.0072897795805596756,,0
9.981837,0.0006485092293141543,,0
8.95157,0.48957655165515057,,0
10.10144,0.0008065464488832717,,0
10.39946,0.0008791248807557642,,0
9.319733,0.007173576079519482,,0
10.10144,0.0012038276756233485,,0
10.19212,0.17820042449960616,,0
7.53048,0.014175101389240984,,0
7.383989,0.011742006065228287,,0
8.432724,0.01937619685725859,,0
7.844241,0.02338241912755315,,0
9.150272,0.004748691189815118,,0
9.852615,0.18551991371027085,,0
8.136811,1.9340688331051024,,0
8.657824,0.0024941065695803445,,0
7.585281,2.1545563007808686,,0
9.07932,0.004147307755486557,,0
9.987185,0.0008187042142688135,,0
9.263217,0.7436567296160962,,0
9.123474,0.6740587636796974,,0
9.107199613,0.06693725483807057,,1
9.422221,0.0074003784141456475,,0
8.423761,0.020850600695600612,,0
8.886824,0.5466288139622133,,2
8.498622,0.00037836961474743474,,0
8.043021,0.023211474615113185,,2
9.697447,0.0067601863157270865,,0
6.495266,0.00921312639116205,1.2886418023920146e+228,0
8.684401,0.0029593995658134275,,0
10.40726,0.21809426302837764,,0
9.639717,0.06905507004784699,,0
9.717218,0.0004402280373542458,,0
9.284427,0.6057912836916322,,0
7.707063,0.011843716441549313,,0
8.246434,3.9976748963656332,,0
8.725507328,0.00032198897736209495,,0
9.143025,0.008144014191086417,,1
9.532134,0.7028567643385254,,0
9.752316,0.000520105427230972,,0
7.707063,0.017783969628254497,,0
8.325064,3.9784825174127514,,0
8.228177,2.9500809323578716,,0
9.969697,0.10536737901823362,,0
9.590761,0.0006563736960745468,,0
7.844241,0.02104334631570779,,0
10.15203,0.0009638189680308169,,0
10.23556,0.0009269597974371469,,0
9.899429,0.0777859313325403,,1
9.069583,0.7641029436010729,,0
7.433075,1.7778045669353382,,0
7.512071,1.3047399627045773,,0
9.792333,0.09765236182371954,,0
9.024131,0.48240844517897524,,0
8.98507,0.005755316819957228,,0
8.417373,0.3558940949091423,,0
9.807362,0.11314489803021822,,0
8.744488,0.0024661998040119947,,0
9.069583,0.07730066226513484,,0
9.62298,0.0006691896629005962,,0
10.2914,0.0006802863839849648,,0
9.30556,0.006449524544339964,,0
8.371242136,0.00025785032456513573,,0
7.955776,0.02448226146675178,,0
9.2534,0.06471846868978165,,0
10.20218,0.15018030823155903,,0
8.930362,0.6590987351398416,,0
7.750184,0.015384327665074405,,0
7.707063,0.011843716441549313,,0
9.344434,0.007373564861866946,,0
9.842729,0.0008737111030475979,,0
8.228177,1.8688674481175815,,0
7.429521,1.6118925025644355,,0
7.955776,0.02030259750056792,,0
10.29819,0.0008532023549878746,,0
9.212039,0.5891825912346471,,0
7.701652,1.8852881899306746,,0
8.562931,0.00020193062321233342,,0
10.40511,0.20860718166696166,,1
8.392763,0.04222115006725595,,0
10.04533,0.13001840614767363,,0
10.11241,0.10504386459561334,,0
9.677465,0.00044667107714822443,,0
9.200997,0.0005302187390124742,,0
7.50769,1.283934219599788,,0
9.104091,0.6039511007924772,,0
10.52291,0.0009596624455132692,,0
10.32401,0.13339002192738575,,0
9.318836,0.0006555879002444098,,0
9.073718,0.004109480118220848,,0
9.977992,0.0008856886960990554,,0
9.457669,0.005357517015199582,,0
10.16796,0.10554414354978517,,0
8.658866,0.03564966611508455,,0
9.21164,0.00030769945427630877,,0
9.532134,1.016024885954494,,0
9.896765,0.0972600760334304,,0
10.10267,0.16380378110296562,,0
7.76811,0.01434215986366127,,0
7.628518,1.1365552286265308,,0
9.595331,0.0005031706312542782,,0
9.065661,0.005101757976468799,,0
7.552237,0.025010183575297593,,0
9.899429,0.09853980553301163,,1
7.550661,1.864455820731838,,0
9.39466,0.6736614452809481,,0
9.436519,0.74004583629584,,0
10.29809,0.1498529858112759,,0
7.468513,1.420247942849245,,0
9.113389,0.04480178822204118,,0
8.309677,0.0395180378523751,,1
9.827686,0.0007575537674466284,,0
9.250522,0.5814784745097625,,0
7.663877,0.013492649461269806,,0
9.435242,0.005498989740645267,,0
9.536546,0.06559997173406452,,2
10.20218,0.11481666364844575,,0
9.827686,0.0008636732505075039,,0
8.841304,0.003195885030770917,,0
7.680637,0.011984914017681867,,0
7.90581,0.013028651541171705,,0
10.29458,0.0007434845121385863,,0
9.450616,0.09497154779589621,,0
8.658866,0.03564966611508455,,0
9.773891,0.14967996903263941,,0
9.490091,0.05996796398269568,,0
10.32401,0.10608889052371975,,0
8.418698,0.027353135125710474,,2
8.432724,0.02127314218111091,,0
8.659734,0.03135580118207486,,0
7.766417,1.2871178820229077,,0
8.950533,0.4471677136076154,,0
9.104091,0.5500962350312274,,0
10.10144,0.0008065464488832717,,0
7.825645,2.014168938064703,,0
10.29819,0.0007801582211773356,,0
8.309677,0.0395180378523751,,0
9.094144,0.8926070898609515,,0
9.541728,0.09080974163814005,,0
7.568896,0.023148491260399015,,0
7.76811,0.024537521650295033,,0
9.966134,0.14482661038053946,,0
9.166179,0.003391903318261529,,0
9.884407,0.12714756190500498,,0
7.955776,0.02030259750056792,,0
9.842729,0.0006417185264959408,,0
9.099185,1.0326072400300317,,1
9.542733,0.1252952615244889,,0
9.981282,0.12750444425419216,,0
9.481588,1.3338761244804098,,0
9.62298,0.000513919954119451,,0
9.940109,0.13384065100757453,,0
9.492507,0.005283974227013944,,0
9.501741,0.10068879467386924,,0
7.585281,2.561991304518109,,0
7.589842,0.019100375564878858,,0
9.618801,0.005570755274889416,,0
9.414097,0.6916489938992366,,0
8.17611,0.027664104862469147,,0
7.766417,1.712758997000036,,1
8.665785595,0.03629119203186933,,0
9.844215,0.11727380512132028,,0
9.168789,0.004625304048214706,,0
10.39001,0.21414958326912195,,0
10.09349,0.0008423649200728495,,0
9.510963,0.0004678783354965375,,0
9.181118,0.005125326016661074,,0
9.97138,0.09612660858669651,,0
9.681344,0.0006389652608223581,,0
9.381264,0.12135152835022617,,0
7.429521,1.5974505562826233,,0
9.902337,0.09408205846053325,,0
7.688455,1.416928821020795,,0
7.583248,0.011486144724308202,,0
9.266153,0.00036822730306142426,,0
10.17206,0.0009744708933213805,,0
9.453992,0.006993371845536363,,0
10.20541,0.10931806388640157,,0
10.09394,0.11333044617173839,,0
8.663024,0.05964612674357895,,0
9.024131,0.5252063073857896,,0
8.237479,2.3948722927946866,,0
10.33456,0.0008736075924854665,,0
10.02473,0.000911481120079572,,0
10.29769,0.19711425317790113,,0
8.246434,4.164986008064829,,0
9.237177,0.0067072118908798415,,0
9.521934,0.07129468862121846,,0
7.433075,1.7778045669353382,,0
8.246434,2.449081156882041,,0
7.356918,1.611174937896912,,0
9.305378,0.000320061745327754,,0
9.268609,0.5176195439471164,,0
9.842729,0.0006629832827421873,,0
9.221874,0.857338817460303,,0
8.347353,0.02372272977357021,,0
9.792333,0.1283054621078991,,0
10.28459,0.128601565247995,,0
8.177235,2.2595921239281336,,0
9.501741,0.0872375204876313,,0
9.899429,0.11210776359211881,,0
10.15844,0.16472506579305712,,0
9.398147,0.0004275446651967169,,0
9.284427,0.9947938307318014,,0
9.655411,0.08893002086177466,,0
9.792333,0.12157287091982111,,0
8.907071,0.507764322682183,,1
7.662468,1.8820033719583815,,0
10.05264,0.0011693173132193426,,0
9.618801,0.007614319670712942,,0
7.844241,0.01862462110394792,,0
9.315961,0.003972699953879609,,0
9.884407,0.13366655680541306,,0
10.09299,0.12364424072268893,,0
7.750184,0.014088365390367435,,0
10.29157,0.0007099103242051745,,0
9.677465,0.0004918739470290018,,0
9.981837,0.0007092274190832895,,0
8.521185,0.019604719017700136,,0
9.068316,0.5833967240859308,,0
8.043021,0.03045185012888023,,0
7.429521,0.7448361304733999,,0
9.250522,0.6685251076946359,,0
7.628518,1.4441226268259904,,0
10.10704,0.10040399589381432,,0
7.680637,0.015060097458514835,,0
10.08147,0.0006931948148747439,,0
9.896765,0.10240019191050792,,0
8.498622,0.000273683282535132,,0
9.001346,0.5696556585306222,,0
7.90581,0.02038197429001886,,0
9.717218,0.0007246529563636554,,0
9.372714,1.3704275716949372,,0
9.541369,0.005726285527802829,,0
9.649691,0.08816295287166352,,0
8.761237,0.4771158480685166,,0
9.372289,0.9060049174575476,,0
8.521185,0.023328372029509575,,0
8.325064,2.5203567767054116,,0
7.76811,0.012512190911231996,,0
9.009203,0.004666869928846334,,0
7.680637,0.014291267604339788,,0
9.100302,0.0066120805653402705,,0
8.462103,0.04492895777613375,,0
8.136811,1.765839098723239,,0
8.290293,0.02446426068411402,,0
9.604407,4.110201138403614e-06,,0
7.613325,0.024326025870281202,,0
7.649216,1.6274189142884867,,0
8.418698,0.03561728850441612,,0
9.996887,0.0006817468972191993,,0
9.579625,0.0005464556013269473,,0
9.638023,0.0004956987588229113,,0
9.220885,0.003847588881538476,,0
10.07853,0.1400931503372404,,0
9.662689,0.000660619805385179,,0
8.304742,0.021564946317112508,,0
7.585281,1.3162474003847242,,0
9.068316,0.5262979210386731,,0
9.250906,0.7974910702133283,,0
9.103312,1.0402075198240377,,0
7.646354,0.013819096560375721,,0
9.169831,0.0621064819887928,,0
9.152605,0.0005041885525826665,,0
9.297802,1.0564739725628844,,0
9.537628,0.07557000462208857,,0
10.17206,0.0009744708933213805,,0
7.454141,0.01045426065149398,,0
7.697575,1.5011336478489063,,0
8.438799,0.03230840042699546,,0
9.063695,0.004254795207482886,,0
10.29809,0.10357072564474462,,0
8.602086,7.4731391185954275,,0
9.890149,0.0009060188802847357,,2
9.453992,0.008364217798941085,,0
8.236156,3.4328642736151216,,0
9.504203,0.006397974116246817,,0
7.707063,0.022193455960021913,,0
9.483873,0.12896577766847236,,0
9.433164,0.000827207533195007,,0
9.586171,0.8567737749316623,,0
9.616005,1.0156343133370629,,0
9.1072,0.042595818523559884,,0
9.208939391,0.00030701858626732,,0
7.724888,0.02715199079059654,,0
10.0202,0.000634448541020806,,0
8.006368,0.019045664501263306,,0
9.890149,0.0006874988418738812,,0
10.35727,0.0007783799957946304,,0
9.422221,0.004733340244053693,,0
9.601504,0.8699596712652594,,1
9.1072,0.058396507895343286,,0
9.207536,0.07102015677387409,,0
9.655411,0.0777462079869546,,0
9.414097,1.1357841730074434,,0
7.786967,2.882500252985068,,0
9.123474,0.5862916098783822,,0
9.21164,0.0003834171299881437,,0
9.441531,0.0005339240836669812,,0
9.113389,0.09680978310352868,,0
9.677465,0.0007330562793744387,,1
7.724888,0.02069620539699202,,0
9.534595,0.008171900337000776,,0
7.50769,1.3611486966167523,,0
9.393578,0.09366522629796957,,0
9.380083,0.5828841312636229,,0
7.642524,0.01831950437032809,,0
7.468513,2.321773803486296,,0
7.638198,0.015228804890374054,,0
8.136811,2.558768242575518,,0
9.969697,0.15892828952726548,,0
9.067624,0.0003000881174473332,,0
10.156,0.0006155137511640258,,0
8.236156,3.576536871517756,,0
9.113389,0.0675756731944492,,0
9.329811,0.05534766527897761,,0
9.600895,0.00521246887478431,,0
9.20392,0.004329854936176285,,0
9.094256,0.09017607839267491,,0
8.246434,2.449081156882041,,0
9.586171,0.8567737749316623,,0
9.453992,0.008052340715473085,,0
9.476697,0.006259405109926271,,0
8.306719,2.841463363645708,,0
9.560293,0.006343535997227608,,0
7.611348,1.4637019725610523,,0
9.300821,0.0008534724506408978,,0
8.61559,0.002786779428315061,,0
9.276877,0.7206555600539009,,0
8.131825,0.02768260432481235,,0
7.568896,0.014797076183306201,,1
9.618801,0.011364911175715942,,0
9.349406,0.007046422501152218,,0
7.707063,0.019433482274063628,,0
8.41671,0.03142007185039699,,0
9.297802,0.9689298366032216,,0
9.542733,0.07630000807661065,,0
9.655411,0.11181545375953159,,0
10.10704,0.0872521328629888,,0
8.98507,0.005262594162241433,,0
10.19377,0.08296806980384472,,0
8.536015,2.9245247219482424,,0
9.63587,0.007018329833452017,,0
9.957739,0.0007593138970454512,,0
10.29458,0.0008555529068968148,,0
9.147401,0.006024884053241963,,2
9.47884,0.7735376308555529,,0
8.122074,1.6608050565969916,,0
7.697575,1.5098655209601055,,0
8.489822,0.00026126746951621717,,0
7.342779,0.008608849821479029,,0
9.444384,0.06029044340942197,,0
8.250881,2.661699605040755,,0
8.462103,0.04492895777613375,,0
7.903596,1.5215435312316705,,0
10.47802,0.001169327397103773,,0
8.825413,0.0027628782123164906,,0
9.160415,0.5292349746110332,,0
9.770756,0.09908061278108092,,0
7.446585,2.0557329395908366,,0
7.81843,0.021528647526844122,,0
8.663024,0.026573891557487458,,0
7.649693,1.1254592504442875,,0
8.95157,0.9207060645753142,,0
7.58121,1.1370698129456944,,0
9.924564,0.0007089631049259976,,0
9.451245,0.07580872260241292,,0
9.208939391,0.0003513940654624845,,0
8.438799,0.023566524968260148,,0
9.899429,0.11785565154375094,,0
9.957739,0.0009475836883536585,,0
8.418698,0.021984356936955968,,1
9.263217,0.6497447174994709,,0
9.173054,0.00042872292427684314,,0
9.969697,0.1732876778551007,,0
9.06543,0.4383096700293042,,0
9.08387,1.013073768050927,,0
9.463431,0.004473190792724844,,0
9.450774,0.005572762026513305,,0
7.751045,0.02420571023897459,,0
9.269741,0.007143979325451888,,0
9.604407,5.914884473279672e-06,,0
9.212837,0.6167501016344304,,0
10.45077,0.2160254612530158,,0
10.29458,0.0008130949843691541,,0
9.453835,1.0805568391752423,,0
7.52564,0.015441053064273675,,0
9.135832,0.0003790213559707395,,0
9.241257,0.9085936295560145,,0
10.29458,0.0009681121467686637,,0
7.955776,0.016317674304920902,,0
9.451245,0.055296707061019065,,0
9.138414632,0.0005001099449371627,,0
9.501741,0.10038718093666368,,1
9.639717,0.07608904528334556,,0
10.34003,0.0008112116436015998,,0
9.435242,0.008602599214563812,,0
7.638198,0.018323578865204863,,0
10.22154,0.0007716683776541877,,0
9.857862,0.0991516056752989,,0
9.807362,0.12336769431753682,,0
9.072571,0.03729839668479384,,0
9.144628,0.00029074974877555944,,0
7.987864,2.0549974962498947,,0
9.604407,4.3079922749050714e-06,,0
9.827686,0.0007541524342326032,,0
9.705159,0.0006859546095160618,,0
10.03907,0.12924617854546053,,0
9.453992,0.006993371845536363,,0
10.17519,0.0012902857413656956,,0
8.698347,0.4477858509436567,,0
9.483873,0.05452433303720397,,0
9.276596,0.9868043875210237,,0
8.571681,0.0002450690958171341,,0
7.949091,1.9586896679523418,,0
8.571681,0.0002450690958171341,,0
8.950533,0.4686863223819685,,0
6.476972,0.37761170208413475,1.900798705836155e+224,0
9.852615,0.09797008998225588,,0
9.852615,0.10730360299994786,,0
9.246286,0.0004949145016915387,,0
9.207536,0.05126271757159601,,0
9.169831,0.04719794546423256,,0
8.842171,0.5201578296669711,,0
8.498418,3.226339882053487,,0
10.39946,0.0007034008714769869,,0
7.58121,1.1441415455037895,,0
9.581145,0.07508060571178439,,1
10.35313,0.0007825786189625465,,0
7.90581,0.013614710968514618,,0
9.957739,0.0007593138970454512,,0
7.724888,0.018005015704173365,,0
7.611348,1.7717518877165794,,0
9.07875,0.05662533776122064,,0
8.489822,0.00020854287800606305,,0
9.300821,0.00034821261770080823,,0
9.517457,0.10198519295819183,,0
7.515889,0.013287642744486785,,0
9.07875,0.03754185893316629,,0
8.065894,2.8311205908003116,,0
8.246434,4.802866447344319,,0
9.549523,0.006237133414816902,,0
9.549808,0.0006090506512446473,,1
9.755741,0.10211882817176425,,1
10.32401,0.12208009339151878,,0
9.289798,0.9141202850867615,,0
9.183071945,0.04187292118012206,,0
9.807362,0.14162309677023174,,0
9.435242,0.005498989740645267,,0
9.29771,0.0076993087268106605,,0
10.14282,0.0008318453199737668,,0
10.09394,0.08617739063619047,,0
8.957897,0.3952003485035322,,0
7.732808,1.9594450124040055,,1
10.04533,0.10822106423746733,,0
9.372714,0.8320379612293947,,0
10.28459,0.16922327269219478,,0
9.07875,0.03614203342007119,,0
7.589842,0.828970445010581,,0
10.20278,0.0007610327146946221,,0
10.2023,0.0007596219762222509,,0
9.451245,0.05010963775444889,,0
9.008224,0.0058595193955874566,,0
8.529912,0.023557691495026626,,0
10.12659,0.0007852859188709728,,0
9.532134,0.7028567643385254,,0
8.769973,0.02993907425175269,,0
9.376956,2.394297304098436e-07,,0
9.957739,0.0006963937676666352,,0
9.559658,0.007174510410901773,,0
9.372714,0.7269648058545956,,0
9.473704,0.007716020326707999,,0
10.44906,0.0012467235568946518,,0
9.058238,0.6004871633224396,,0
9.477998,0.060046868810068814,,0
9.07875,0.08112219098511499,,0
8.055475,1.599067208875396,,0
9.350276,0.6712040819126529,,1
9.594718,0.008054181509493477,,0
9.827686,0.0007575537674466284,,0
10.34003,0.0012089759842652318,,0
9.266153,0.00036822730306142426,,0
9.204423,0.07741900459951358,,0
8.489822,0.00031248131331764427,,0
7.512071,1.0439418186279563,,0
9.372714,0.8320379612293947,,0
9.682716,0.09081606904659104,,0
10.30999,0.13875240946640371,,0
7.637716,0.01645142228316018,,0
9.266153,0.00036822730306142426,,0
9.246286,0.00041504420133283326,,0
7.837554,0.014736705130334062,,0
8.382518288,0.022962912785301215,,0
7.637716,0.01642676364833511,,0
7.81843,0.01800022920323373,,0
9.752316,0.0006183357135051556,,0
10.18829,0.0009931078238063515,,0
9.289798,0.9581095897456046,,0
7.473637,1.4146548479391745,,0
7.526179,0.02143598007655593,,0
8.191463,0.01680459881177804,,0
8.462103,0.026339837479643385,,0
9.138415,0.0004566093760398973,,0
8.309677,0.028652973422691456,,0
8.205492,0.03255518494626213,,0
6.60665,0.005772389226640075,6.990704140069412e+255,0
10.29769,0.10519160807727126,,0
9.151969,0.004762487115958622,,0
7.663877,0.01537349699987669,,0
9.217415,0.7703241440291823,,0
10.1577,0.19853822626143083,,0
8.548886,3.7394199218875186,,0
9.550449,0.11982074794807099,,0
7.638198,0.019983135504625656,,0
9.919115,0.15758189418340499,,0
7.512071,1.4933228813285586,,0
10.18829,0.0009460914570711695,,0
9.248888,0.6980465562012304,,0
9.600895,0.004773375066665522,,0
9.983592,0.0008519300446354733,,0
9.981282,0.12750444425419216,,0
9.304286,0.004732113926226935,,0
9.957692,0.14886487244232555,,1
9.529812,0.10748216872330023,,0
9.982206,0.0007758471377573021,,0
8.424200325,0.000267447311015985,,0
9.620926,0.09797945459239302,,0
9.229162126,0.0005156769891387158,,0
7.649693,1.306551436604218,,0
9.432844,0.000639891942549605,,0
7.482682,0.01715485406617287,,0
9.418086,0.008054370743558645,,0
8.122074,2.9870983319447855,,1
7.841493,0.017718996614218052,,0
8.423761,0.020850600695600612,,0
10.38381,0.12869825780145913,,0
6.489205,0.002821239054430262,4.767485339260421e+226,0
7.623642,1.7928236425383342,,0
7.697575,1.587277981600088,,0
10.16157,0.0012792120643333794,,0
9.349406,0.005109083538124983,,0
8.237479,2.62302939385029,,0
9.42311,0.005687347199659704,,0
9.558388,0.09648980826054868,,0
7.589842,1.5830117826995875,,0
9.483721,0.7387753762599227,,0
9.899429,0.0777859313325403,,0
7.642044,0.012598676809348962,,0
10.48111,0.1538686317677285,,2
9.584108,0.0004331515730883924,,0
9.389741,0.9194932977510946,,0
9.021719,0.040493302149538876,,0
9.517457,0.0886262098119734,,0
9.08387,1.013073768050927,,0
8.665786,0.0231634479003089,,0
9.107199613,0.044511860673669364,,0
9.42311,0.005687347199659704,,0
9.276877,0.7904965543616284,,0
10.08402,0.0007003791052274845,,0
9.410993,0.0005692833230152216,,0
9.548525,0.008806336282090436,,0
7.766417,1.7089950690455062,,0
8.659734,0.03594174005152041,,0
10.2914,0.0007417511892177921,,0
9.40253,0.5963511670988136,,0
9.499047,0.08687103630867808,,0
9.127828,0.0004652480582555807,,0
8.93142,0.5734125460877519,,0
10.45077,0.18817949668128442,,0
8.304742,0.03697600322475617,,0
9.332292483,0.0008755338943256767,,0
10.09055,0.14161298684127915,,0
9.885934,0.07700917022254537,,0
10.1708,0.16780423995601645,,0
8.122074,3.4445816446047672,,0
10.48111,0.15409960790417496,,2
10.05462,0.0007429756377623854,,0
7.766417,1.7282434032816971,,0
9.759617,0.11277933345928548,,0
8.741456,0.5083442855457733,,0
10.09055,0.12251064106327808,,0
7.90581,0.01555918122710146,,0
9.188912,0.005135128628613368,,0
10.1589,0.001045880346418261,,0
9.713839,0.0007227513960060208,,0
9.160415,0.7005967834712387,,0
8.122074,2.9870983319447855,,0
10.48201,0.0018345606882537659,,0
7.448334,0.015046145195411727,,0
9.618336,0.000728028467338683,,0
9.207536,0.056824282034003734,,0
7.623642,1.9665718140002997,,0
8.246434,2.449081156882041,,0
7.526179,0.013561987223679914,,0
9.849559,0.0005572368658471566,,0
8.700015,0.42801037883860926,,0
8.725507,0.0003219888859185975,,0
9.056606,0.0003097887686838278,,0
7.949091,2.818699794688003,,1
10.15844,0.1434917893100724,,0
9.522007,0.00077160738519738,,0
7.673223,0.03245169070631269,,0
7.32449,1.4723330788571922,,0
8.305484018,0.01603467568093433,,0
10.34003,0.0007049514860184055,,0
9.096836,0.005947794082202655,,0
9.471319,0.000379043823176367,,0
9.204423,0.056302125521189066,,1
9.1072,0.044511878749150274,,0
9.094144,0.5419352314316496,,0
9.207536,0.056484357136267,,0
9.096612,0.005465383945905873,,0
9.147401,0.005459723977548268,,0
9.770756,0.09005618824062175,,0
8.136811,1.9340688331051024,,0
9.204423,0.05102074363232946,,0
8.418698,0.021984356936955968,,0
10.08402,0.0007003791052274845,,0
9.008224,0.004267668186061892,,0
7.532624,1.9178676082145552,,0
9.173054,0.0005666891097943535,,0
7.688455,1.4950979562641835,,0
9.414097,0.6286524703743034,,0
9.147401,0.00045973650672587543,,0
9.414097,0.6286524703743034,,0
8.290293,0.024744749001640882,,0
9.297802,0.9689298366032216,,0
8.240385,0.02945886722172342,,0
7.955776,0.017026123372430552,,0
9.438909,0.00044441344289101027,,0
10.09658,0.11801442941919547,,0
7.637716,0.011119629105633301,,0
9.29771,0.005358213134592971,,0
9.429476,0.056018225515871385,,0
7.619724,2.361694436859555,,0
8.950533,0.4686863223819685,,0
9.987185,0.0008913372506523607,,0
10.28288,0.0008411388554344731,,0
8.177235,2.1365327843237507,,0
9.266153,0.00036822730306142426,,0
9.07875,0.05662533776122064,,0
8.56274,0.03227392902049928,,0
9.857862,0.11280380257196261,,0
8.309677,0.031382713698368446,,0
8.548886,3.7394199218875186,,0
10.10704,0.10040399589381432,,1
8.521185,0.029305356161587727,,0
8.006368,0.022779009829972666,,0
10.163,0.0007377925524483392,,0
9.042158,0.49095973211397737,,0
10.12583,0.0008238437294832067,,0
9.435242,0.007160389592463513,,0
8.205492,0.021746148202480473,,0
9.981282,0.10660721804027067,,0
9.068316,0.5833967240859308,,1
9.266153,0.000321726053802739,,1
9.600895,0.00043891637045482987,,0
9.042632,0.5384868351704512,,0
7.533694,1.6811386078594805,,0
10.22807,0.1945047841514773,,2
7.751045,0.01410583533923359,,0
9.236008,0.0004696475248230489,,0
8.795885,0.0002497870458097772,,0
7.594381,1.1022378304751945,,0
9.471319,0.008788082548946776,,0
8.521185,0.03534547234819457,,0
9.021477467,0.07636165971854397,,0
9.021477467,0.06091507823071736,,0
8.240385,0.026896467516463397,,0
9.25033,0.005400185310538626,,0
7.707063,0.011843716441549313,,0
9.909917,0.1705587225675685,,0
9.212837,0.5884334994319902,,0
9.755741,0.10211882817176425,,0
10.22807,0.21207855742721415,,0
9.152605,0.00033779875216988773,,0
9.705159,0.0010238358178877222,,0
7.468513,1.8576856968724897,,0
9.945493,0.10270128299985487,,0
10.18524,0.10733512452651002,,0
9.827686,0.0007575537674466284,,0
7.707063,0.019609173037052535,,0
9.97278,0.000704380152760008,,0
7.732808,2.371828736098002,,0
9.236885,0.00464153218704248,,0
9.638675,0.0004952087858456458,,0
9.563389,1.2063275823868775,,0
9.096836,0.0038248544272868313,,0
8.394347,2.7280870244449633,,0
9.166179,0.00404463460795852,,0
7.638198,0.020940575598859982,,0
8.117909,0.026189653558414863,,0
7.422971,2.18339339384458,,0
9.305378,0.00038165380624697004,,0
7.955776,0.019676968370731664,,0
10.23556,0.000711880596757272,,0
8.177235,2.2595921239281336,,0
9.269175158,0.07921963716441847,,0
9.884407,0.13366655680541306,,0
9.957739,0.0006598517961355872,,0
8.70118,0.003924225565631159,,0
8.362409,0.019912507269993003,,0
9.638675,0.0006179944415908169,,0
10.38319,0.0009127828680027758,,0
9.177094,0.006122571369023862,,0
10.28038,0.0008799981137574425,,0
9.450616,0.06340085517120882,,0
10.11241,0.11539696120031513,,0
10.25446,0.0008633735808912834,,0
10.28459,0.19473097354772143,,0
7.872074,0.01824777826063388,,0
7.50769,0.9472700839945536,,0
7.750184,0.016121427812644893,,0
7.637716,0.017265528379485542,,0
9.300821,0.0005709566364559169,,0
10.35727,0.0007448738173935221,,1
9.981837,0.0006485092293141543,,0
9.560293,0.0060795844174318485,,0
8.658866,0.044488902728308605,,0
9.827686,0.0008636732505075039,,0
9.276596,0.5461926928851715,,0
8.432289,0.23997922968161195,,0
8.698014,0.003391660441952144,,0
9.335298,0.058478139625297035,,0
9.463431,0.008732939082460103,,0
8.309677,0.03770366189245045,,0
8.498622,0.00037836961474743474,,1
9.986541,0.1232956286117329,,0
8.285261134,0.020478117102596765,,0
9.089753,0.04573808194754289,,0
9.113389,0.0675756731944492,,0
9.122929,0.007002446312690539,,0
10.34003,0.0008112116436015998,,0
9.28619,0.07027035068829916,,0
8.205492,0.03255518494626213,,0
7.825645,1.4681552381174805,,0
9.204423,0.05102074363232946,,0
10.07874,0.0009089271794750795,,0
7.615791,2.798113686691846,,0
9.166179,0.007908128975344568,,0
9.081484,0.047197169090692,,0
9.594718,0.008054181509493477,,0
8.362409,0.029810123194344496,,0
7.987864,2.0549974962498947,,0
9.69935,0.0003804626975890036,,0
9.873338,0.1377776005206078,,0
9.207536,0.6087841278326204,,0
10.28148,0.0007046689334565002,,0
8.377701,4.209028044154132,,0
9.905935,0.11291541361032267,,0
9.31551087,0.00048021608709757394,,0
7.81843,0.01971509313385021,,0
9.07932,0.007771470423012576,,0
9.021598,0.5802786453879646,,0
9.162934,0.842657013166577,,0
8.122074,2.867103993019094,,0
9.542733,0.11405411675619091,,0
10.05989,0.000820178518161966,,1
9.150272,0.006823476147790412,,0
8.305484018,0.024113060116029403,,0
9.450774,0.005814709376813502,,0
9.562475,0.008354166882734439,,0
9.021598,1.04524690713101,,0
9.827686,0.0006553664304376893,,0
9.229162126,0.0005388733544719599,,0
7.473069,1.2933804176856882,,0
9.481588,0.6431283798660689,,0
9.453835,0.7228717200322569,,0
9.560293,0.006343535997227608,,0
9.270683,3.034291696249907e-07,,1
9.62298,0.00058643833508314,,0
8.761393,0.002498697491876886,,0
9.501741,0.0872375204876313,,0
10.21746,0.0006721884288715759,,0
8.430109,0.038320364961898376,,0
10.28038,0.0008421176775289975,,0
8.418698,0.027353135125710474,,1
9.375685,0.04897974117257926,,1
8.529912,0.027124906636994277,,0
9.492507,0.005752752920944565,,0
9.173054,0.00042872292427684314,,0
10.44973,0.0010450903748455249,,1
8.6174,0.0002136264395968906,,0
9.435242,0.007160389592463513,,0
9.536762,1.2329829920546451,,0
9.300821,0.00034821261770080823,,0
8.237479,3.0156937614730572,,0
8.641532,0.0024773777176310516,,0
9.29771,0.006408534060645981,,0
9.529812,0.12405499327800024,,0
9.237177,0.004480270164192663,,0
9.103312,0.5304233761187943,,0
9.450616,0.13699951009284334,,0
9.638675,0.0004146685237955531,,0
9.902337,0.19483778952696934,,0
9.245804,0.004927027696279857,,0
9.562475,0.006634348305668442,,0
8.964696,0.00341635299595415,,0
7.526179,0.01872895687551464,,0
9.127828,0.0004083279791598028,,0
7.707063,0.016261453135402996,,0
7.526179,0.01299767924869172,,0
9.483873,0.07504193418667193,,0
8.827761,0.031509298090681065,,0
7.841493,0.023003291608303902,,0
9.792333,0.1283054621078991,,1
7.589842,1.3756539583728908,,0
9.424161,0.08054283159201495,,1
7.903596,2.0202581508122757,,0
7.987864,2.450457224960216,,0
9.123147,0.06806579260499837,,0
7.638198,0.018159406539047494,,0
9.514732,0.000515997311115258,,1
9.697447,0.0067601863157270865,,0
9.220885,0.005503843616781496,,1
8.693497,4.576021669384684,,0
9.967213,0.0007670866213875392,,0
7.50769,2.0316107942631927,,0
10.28514,0.0008086910948814145,,0
9.187993,0.005598223275778789,,0
8.17611,0.026691247949280468,,0
9.457669,0.0067362313679209685,,0
9.827686,0.0006583222249243478,,1
9.996887,0.000570012602660596,,0
9.163039,0.0035057438975648215,,0
8.236156,2.1030632616693397,,0
9.433164,0.00042307759865268797,,0
7.550661,1.7176708658684336,,0
10.08427,0.0006657465641653327,,0
10.05672,0.001026326294358057,,0
7.550661,1.5588825108790283,,0
7.987864,2.237310846189741,,0
9.629971,0.006645226721021162,,0
9.021598,0.5536365426554667,,0
9.07875,0.03754185893316629,,0
9.169831,0.0621064819887928,,0
9.173054,0.000492902234025041,,0
9.160835,0.00033877650256978244,,0
9.951897,0.0006933130673915144,,0
8.325064,4.357508589284849,,0
8.423761,0.020850600695600612,,0
10.28175,0.16287446341027095,,0
9.549808,0.0005802165729172134,,0
9.301369,0.00671674124188564,,0
9.596623,1.0022348355560502,,0
8.529912,0.02357183035115636,,0
8.698347,0.38913063382479846,,0
9.372714,0.7902726924827884,,0
7.623642,1.7928236425383342,,0
9.002085,0.00029464538045323376,,0
8.86305,0.0285503975170429,,0
7.485492,1.5811178731440758,,0
9.246286,0.00041504420133283326,,0
7.638198,0.015195338346311893,,0
8.423761,0.020850600695600612,,0
9.269175158,0.07921963716441847,,0
10.09658,0.1358847228511178,,0
10.16157,0.000970682655601953,,0
7.589842,1.1947407594414505,,0
8.935245,0.48038946149944833,,0
7.697575,1.5098655209601055,,0
9.542302,0.08271007524759522,,0
9.236885,0.00464153218704248,,0
9.755741,0.08874234022397537,,0
8.756997,0.03039060331259645,,0
10.22662,0.0009286284102291111,,0
9.40253,0.710045959828371,,0
9.549808,0.0005819598362234752,,1
7.680637,0.015605894472665438,,0
10.315,0.000948914547747514,,0
9.422221,0.0064310070020550895,,0
9.39881,5.188302735330779e-05,,0
9.446519,0.7486964693315848,,0
9.655411,0.10153969217979801,,0
8.043021,0.015504755012498235,,0
8.918115,0.0037795903624032877,,0
9.744023,0.001055219838493298,,0
7.512071,1.4268992860786696,,0
7.74023,2.271474176760361,,0
9.04523,0.7436036934323523,,0
9.534595,0.005925123206867262,,0
10.34003,0.0007049514860184055,,0
9.97278,0.0008329038423353846,,0
8.41671,0.040912961486202055,,0
8.72258,0.0027846634129998975,,0
9.590761,0.0009375126821693909,,0
9.072571,0.08827441735069387,,0
9.981282,0.1212859791291985,,0
10.28514,0.0006470457535068869,,0
7.512071,1.7014890145816661,,0
7.638198,0.014532517039045378,,0
9.21164,0.0003834171299881437,,0
9.364091,0.0005261742343174841,,0
9.644458,0.009250296493132738,,0
7.90581,0.015734423582170386,,0
9.842729,0.0006629832827421873,,0
8.656781,0.06488003969346783,,0
9.009203,0.00408118993316511,,0
7.306531,1.7149576702689953,,0
9.827254,0.10469300920423338,,0
8.240385,0.02945886722172342,,0
9.719204,0.005471656964873609,,0
7.87967,0.027410599122875804,,0
8.392763,0.024678225149316852,,0
7.404279,0.01253223142803328,,0
7.825645,1.4681552381174805,,0
9.100302,0.005047526718483993,,0
9.137017,0.7127225450977032,,0
9.510297,0.000489399558535059,,0
7.766417,1.3653427811638146,,0
9.884763,0.14601253758047958,,0
8.982812,0.46101713191604243,,1
8.754161,0.03670592229559372,,0
10.08406,0.2126078858393593,,0
8.552367,0.4767900156151102,,0
9.601504,0.8751951199325165,,0
10.0745,0.22951895802576688,,0
9.072571,0.08827441735069387,,0
10.50941,0.23943147043412058,,0
8.489822,0.00031248131331764427,,0
10.28175,0.16928433231687798,,0
9.602788,0.996974028255507,,0
10.15203,0.0007051450204865669,,0
9.183071945,0.040311603093020835,,0
10.09658,0.11412643356600513,,0
9.634366,1.3528897745174033,,0
9.483873,0.06246129467927589,,0
8.131825,0.024056475532074725,,0
7.949091,3.3611249110967854,,0
9.63587,0.007018329833452017,,0
8.347353,0.02951603428328565,,0
9.173054,0.0005666891097943535,,1
9.096836,0.0038248544272868313,,0
9.173054,0.0005921801204425418,,0
8.122074,2.9870983319447855,,0
9.209239767,0.04766664401175725,,0
9.975483,0.1816528667595964,,0
9.376956,2.294671707870439e-07,,0
7.637716,0.01721380941158815,,0
7.619724,2.2537135968150914,,0
9.094256,0.09017607839267491,,0
9.889236,0.08486959152205616,,0
10.39946,0.0008791248807557642,,0
10.18524,0.10701360167834484,,1
8.997766,0.4462282602056948,,0
9.249465,0.0004935292144775861,,0
8.521185,0.020272601679605068,,0
10.12659,0.0010814390418192833,,0
9.113389,0.0431312612964261,,0
8.122074,1.6608050565969916,,0
9.435242,0.006893399722487284,,0
10.23599,0.08631070951605675,,0
9.137017,0.6227170282706528,,0
9.677465,0.00046999519838065003,,0
9.42311,0.005687347199659704,,0
9.31551087,0.0005236042673669186,,0
9.381264,0.051274396122390986,,0
8.89563,0.035556914760068635,,0
9.981837,0.0011018834649564,,1
9.180396,0.006699949559110022,,0
9.463431,0.0004926787095540621,,0
9.097843,0.004361677247039394,,0
9.702778,0.0007777909308741227,,0
9.160415,0.8354182683793429,,0
7.512071,1.4268992860786696,,0
9.563389,0.9608669670420082,,0
8.237479,5.684993063251128,,0
9.536546,0.07852957183047829,,0
8.907206,0.6448787060806314,,0
9.068316,0.5262979210386731,,0
9.255313738,0.0005783954216412612,,0
8.342363,3.526610527639664,,0
9.270683,2.635249906766026e-07,,0
9.258273,0.004763190266387118,,0
9.483721,0.05962016873364256,,0
7.688455,2.1339862878164664,,0
7.841493,0.03040591978102853,,0
8.798757,0.00035413391537063483,,0
9.451245,0.07232814686238695,,0
7.766417,1.9721129252034595,,0
9.289798,0.6115288699680134,,0
10.1577,0.11012120878692236,,0
10.18829,0.0009931078238063515,,0
7.628518,2.0831933034759045,,0
7.477604,1.303113871287492,,0
9.162934,0.614654309034649,,0
10.1708,0.1162563959208716,,0
9.179056,0.0069873207136060995,,0
9.435242,0.005986843980239909,,0
9.86204,0.0009764832863653832,,0
7.81843,0.013268389690110467,,0
7.987864,3.8797651737628893,,0
9.752316,0.0006211244942665717,,0
8.498622,0.0003149366585572512,,0
9.103312,0.8658186802821992,,0
6.476972,0.4563985424853393,1.4412981050188002e+224,0
10.20218,0.11481666364844575,,0
9.5261,0.005657416401041516,,0
10.4254,0.0009411929231357255,,0
10.11241,0.16531917858165676,,0
9.827686,0.0009510765133546377,,0
10.28459,0.19473097354772143,,0
9.555914,0.00838106587740019,,0
9.173054,0.0005406709380065004,,0
9.327234,0.0050757911895048325,,0
7.526179,0.01362042932921909,,0
10.09658,0.11801442941919547,,1
9.987185,0.0008187042142688135,,0
9.973666,0.1267677588516198,,0
10.01516,0.10515460622947378,,0
8.325064,3.9784825174127514,,1
9.480138,0.01018410168045599,,0
7.628518,1.2056296462607958,,0
7.680637,0.01203896766024175,,0
9.480673,0.8454948789301879,,0
9.256651,0.5883390668045692,,1
7.786967,2.882500252985068,,0
8.136811,2.5697946357741333,,0
9.620461,0.009600683980148393,,0
9.827686,0.0009510765133546377,,1
9.212837,0.5826367490469021,,0
9.25081,0.7998078154303265,,0
8.47658,0.025244200248365562,,0
9.220885,0.004014636017322089,,0
9.236885,0.00464153218704248,,0
9.975064,0.14506706323027999,,0
7.702556,0.02656456433160333,,0
9.550449,0.050779709672463896,,0
9.160415,0.7005967834712387,,0
10.20541,0.13724417660569985,,0
7.32449,1.070095900515502,,0
9.275191,0.0005105383255208943,,0
7.649693,1.8605854103874724,,1
7.649693,1.4809609608919965,,0
9.620926,0.10805688589174667,,0
8.41671,0.03590752629412685,,0
8.927712,0.004485460985040532,,0
8.41671,0.040912961486202055,,0
8.205492,0.021778791901437642,,0
9.682716,0.0835408924424786,,0
10.17206,0.0007108025261167879,,0
9.983915,0.1280181140723336,,0
8.575273,0.04355611757632183,,0
7.786967,1.4044672662122626,,0
7.53048,0.018809969131977047,,0
10.0846,0.1536321763529531,,0
10.50941,0.18168369579658733,,0
7.697575,1.5098655209601055,,0
7.628518,1.810316982666685,,0
9.595331,0.0005733115806660678,,0
9.009203,0.0035465971559957873,,0
9.450774,0.006085389939842321,,0
8.423761,0.0361574407814617,,0
8.424200325,0.000267447311015985,,0
9.521422,0.0005910565454590778,,0
7.680637,0.01798519093970391,,0
9.212338,0.0042010759488858825,,0
10.08427,0.0009045242038368044,,0
9.436519,0.74004583629584,,0
9.300820725,0.0008534722599940662,,0
9.620926,0.10805688589174667,,0
7.81843,0.020544319745617257,,0
8.394347,2.7280870244449633,,1
10.15203,0.0009638189680308169,,0
9.69935,0.004518286632016265,,0
10.10704,0.1378549445938008,,0
9.268609,0.5176195439471164,,0
8.829665,0.03781125236925996,,0
9.220687,0.5155339056197751,,0
8.825413,0.0027587370016824778,,0
9.380083,2.930457654473196e-05,,0
10.03907,0.19302485182965604,,0
9.557187,0.07036082047627024,,0
7.482682,0.02140835292550929,,0
9.39466,0.5915981939500453,,0
10.09349,0.0010480780288450566,,0
8.362409,0.029810123194344496,,0
9.884407,0.14596229234391853,,0
8.602086,3.1481505106866843,,0
9.889236,0.13356868781437603,,0
8.189522,0.03048755415922867,,0
9.068316,0.7291412284127735,,0
9.62298,0.0005815328848036284,,0
9.920148,0.08342436773212371,,0
9.180396,0.005145383978431133,,0
9.241257,0.7950443839995901,,1
7.615298,0.015377484684636695,,0
8.240385,0.023641294712113764,,0
9.157889,0.7284339833304248,,0
9.173054,0.00042872292427684314,,0
9.489713,0.0052124734418097785,,0
10.156,0.0006711262604307994,,0
9.686761,0.005351199910764606,,0
10.12659,0.0009063702430273733,,0
9.527557,0.0003969768715211364,,0
9.490091,0.06617551205710835,,0
9.62298,0.0005815328848036284,,0
7.649693,1.8605854103874724,,0
9.332292483,0.00044712306290091636,,0
9.62298,0.0004917977339189732,,0
8.886824,0.5482711626954385,,0
9.209239767,0.0853475604820807,,0
7.844633,0.023177035793766045,,0
9.339085,0.004671944781465332,,0
8.285261134,0.021560368928263962,,0
9.498222,1.8668254979916072,,1
8.89563,0.0466482141817039,,0
10.02787,0.15294091014202993,,1
9.29771,0.0076993087268106605,,0
10.45734,0.0011502774876184713,,0
8.423761,0.021952537976065233,,0
7.732808,2.590008807304173,,0
9.575886,0.00039409963274508964,,0
9.520395,0.9231365439835956,,0
10.28514,0.0008496436347981857,,0
10.07853,0.1601014314452615,,0
9.58953,0.0005507387349220429,,0
10.11241,0.18978237500315365,,0
9.275941,0.6237795749104442,,0
9.436519,0.74004583629584,,0
9.21164,0.00030769945427630877,,0
9.248888,0.6980465562012304,,0
7.642044,0.011537375320483224,,0
8.6174,0.0003624291041142161,,0
8.392763,0.02475237098791333,,0
7.786967,2.3148804874799347,,0
9.675206,0.1189759589334782,,0
8.853236765,0.000260944832188424,,0
7.638198,0.018323578865204863,,0
9.122711,0.003390844578114458,,0
7.50769,2.0499778190458415,,0
9.07875,0.03614203342007119,,0
9.234252,0.657372888016122,,0
9.022443,0.9551834802231985,,1
8.93142,0.6889064142246436,,0
9.62298,0.0005620369089596595,,0
8.769973,0.0047000091635157,,0
8.177235,2.1365327843237507,,0
9.604407,0.0005037458958819083,,0
7.872074,0.0313133127148755,,0
10.29819,0.0008977545908088819,,0
9.204423,0.05927764704150129,,0
9.301369,0.005877333088664756,,0
8.498622,0.000273683282535132,,0
7.955776,0.014987984301931849,,0
9.620461,7.134944910358192e-05,,0
9.372714,0.6935879597576,,0
9.559658,0.00784624068849624,,0
9.62139,1.1686665532916487,,0
9.160415,0.7343109082466144,,2
9.009203,0.004866566200888069,,0
7.356918,2.010661330150718,,0
7.987864,2.0549974962498947,,0
10.23599,0.11248880288188594,,0
9.315961,0.003972699953879609,,0
8.850518,0.0002617496735531348,,0
7.433075,2.4336184252648363,,0
9.981282,0.10660721804027067,,0
9.792724,0.12835442847008435,,0
9.510963,0.0006733116479762526,,0
9.560293,0.0060795844174318485,,0
10.18829,0.0008630211877390411,,0
7.515889,0.015267623671219964,,0
9.096612,0.005465383945905873,,0
9.072571,0.08827441735069387,,0
9.450616,0.05304164447656408,,0
9.5261,0.006446048592466756,,1
8.309677,0.02518521767401528,,0
9.677465,0.0010010677691183695,,0
9.893538,0.10192855289242357,,0
9.104091,0.5185794444517724,,0
8.043021,0.02119248741968711,,0
7.76811,0.01427776514106679,,0
8.122074,3.457350203957796,,0
10.01998,0.0007586877587332942,,0
9.977342,0.08874599043755732,,0
8.604654,0.0002497963915628423,,0
7.600902,0.013227646439709702,,0
9.14388,0.003768170697304918,,0
9.209239767,0.04951283190151291,,0
8.620291,0.447543352901446,,0
10.06603,0.13835847423725198,,0
9.08387,1.2756923412638614,,0
7.589842,1.1947407594414505,,0
8.347353,0.02702962943265757,,0
9.590761,0.0006563736960745468,,0
9.39466,1.0634011452175147,,0
9.1072,0.044511878749150274,,0
7.642044,0.014497725764706725,,0
7.638198,0.01732912640534708,,0
9.152605,0.00033678687448880775,,0
7.90581,0.02038197429001886,,0
8.827761,0.031414911846564864,,0
9.629971,0.006359176008986813,,0
8.240385,0.023641294712113764,,0
8.432071,0.038352606741734935,,0
8.489822,0.0003262437071445274,,0
6.489205,3.10603301917844e-05,5.018062903039001e+226,0
9.135832,0.00033265055403395417,,0
7.494986,2.0870358954323858,,0
9.078294,0.4858872264663387,,0
7.552237,0.02276633898907044,,0
9.07875,0.03614203342007119,,0
8.006368,0.022779009829972666,,0
9.473704,0.004924874191369726,,0
10.21746,0.0008792231217126747,,1
9.21164,0.0003505921243087996,,0
9.021477467,0.03402109366185788,,0
9.541728,0.0625375118697289,,0
8.426612,0.00016380637359061296,,0
9.358933,0.00039856468556412117,,0
8.489822,0.00022704419042360319,,0
10.22973,0.14040170006470287,,0
8.72258,0.0034647033267262346,,0
8.418698,0.025048931003852373,,0
8.362409,0.019912507269993003,,0
9.435242,0.006893399722487284,,0
9.234252,1.23923733771812,,0
7.473069,0.8613617340970068,,0
9.579625,0.0006823570553843122,,0
9.350276,0.589086620584336,,0
9.471319,0.0005157653050466007,,0
9.357898,0.008164365303962366,,0
8.117909,0.028513122799964735,,0
8.418698,0.025048931003852373,,0
7.638198,0.015163461618064018,,0
9.444384,0.14910840728723887,,0
8.950533,0.6724540099671962,,0
9.890149,0.0008670183530337729,,0
9.759617,0.10250720699620669,,0
7.58121,1.707370749580876,,0
8.065894,2.8311205908003116,,0
8.418698,0.025048931003852373,,0
9.578311,0.0009339442202250828,,0
9.730146,0.0005347168657024939,,0
9.12598,0.70242723017663,,0
8.767952,0.05140951467598676,,0
9.583489,0.00047746925141726196,,1
7.844633,0.023177035793766045,,0
9.173054,0.000492902234025041,,0
9.792333,0.16059952496844584,,0
8.250881,2.4265363447598123,,0
7.649693,2.0439642356924645,,0
9.818202,0.10377508425652752,,0
9.317399,0.005663896186282813,,0
9.97278,0.0006674191104815351,,0
8.006368,0.02859807736127158,,0
9.160415,0.5292349746110332,,0
9.273315,0.71801561741599,,1
8.177235,2.2595921239281336,,0
9.187993,0.0037451035815715596,,0
9.436519,1.2170827980436933,,0
9.169831,0.06490017780248522,,0
8.627302,4.253691562393673,,0
9.899429,0.0777859313325403,,0
7.585281,2.1545563007808686,,0
9.857862,0.11280380257196261,,0
8.627302,3.079561475718415,,0
9.008224,0.004862572339348215,,0
9.250522,0.5814784745097625,,0
9.166179,0.007908128975344568,,0
9.335298,0.06443474477619127,,0
9.981837,0.0006485092293141543,,0
8.927712,0.002884470287629921,,0
9.16178,0.00531091758557593,,0
7.342779,0.012926645492988498,,0
9.350276,0.7066766714776931,,0
10.14282,0.0006085910369589257,,0
7.903596,1.9332940325369787,,0
9.924564,0.0009301105843596482,,0
9.697447,4.402711658678505e-05,,0
9.250522,0.6094603869397438,,0
8.418698,0.025048931003852373,,0
9.940109,0.12256603190791701,,0
7.512071,2.132945223417744,,0
9.62139,0.8460840290574183,,0
7.90581,0.02048823659888569,,0
7.649693,2.0439642356924645,,0
8.33014,0.024731572432129645,,1
8.602086,3.964243890507094,,0
8.529912,0.0340541658400507,,0
9.242227,0.8695718406346867,,0
7.844241,0.02535775044150427,,0
7.90581,0.01555918122710146,,0
7.559559,0.011606950716999083,,1
8.638348,0.3038912951611309,,0
9.240482,0.0003919919238706368,,1
8.626227,0.00022496921632507842,,0
10.10283,0.18852311019678364,,0
10.05264,0.0008137680418478592,,0
7.628518,1.4441226268259904,,0
9.581145,0.09894481586715187,,0
7.642044,0.00970452035863853,,0
10.14843,0.0007679494991900565,,0
9.063695,0.004254795207482886,,0
9.072571,0.035692848314913136,,0
7.688455,1.1890940650020487,,0
7.688455,1.133025770644346,,0
9.514732,0.0005383998794633045,,0
7.552237,0.01455279519717791,,0
9.662689,0.0007164285299262566,,0
10.22807,0.16126625550621393,,0
9.424726,0.8356935800132013,,0
9.563389,0.9608669670420082,,0
10.163,0.0006746288520548711,,0
9.463509,0.6106998464351349,,0
9.981282,0.1212859791291985,,0
9.147401,0.00040349073017353535,,0
8.72258,0.05357738240593601,,0
9.094144,0.8926070898609515,,0
9.247154,0.5085654938972836,,0
9.555914,0.00838106587740019,,0
8.043021,0.015504755012498235,,0
9.477998,1.398457893866087,,0
10.21116,0.09623031043294389,,0
10.29157,0.0007763773347514149,,0
10.46442,0.0015741515340038658,,0
9.549523,0.0059686495045963885,,0
8.657824,0.0022840052188003003,,0
9.792333,0.09765236182371954,,0
7.647309,0.0106365370225833,,0
9.827686,0.0009510765133546377,,0
7.90581,0.018762325510310603,,0
10.48111,0.15409960790417496,,0
8.246434,3.9976748963656332,,1
7.446585,1.808924456919307,,0
10.39001,0.17878335366236067,,0
8.498622,0.0003149366585572512,,0
8.498622,0.0003149366585572512,,0
10.24399,0.12438971772774321,,1
9.113389,0.04480178822204118,,0
9.899429,0.0777859313325403,,0
9.954988,0.10814183519053316,,0
8.562931,0.00021133069658518845,,0
7.563201,1.667502373056446,,0
9.276877,1.4901935619201052,,0
9.444384,0.054749794052097976,,0
10.10283,0.1433545023440421,,0
7.568896,0.012947848120947378,,0
9.638023,0.0007472265366972548,,0
9.436519,1.1162298999002307,,0
8.521185,0.026860862552135257,,0
10.29819,0.0016050284267469404,,0
8.290293,0.02679494646387328,,0
9.207536,0.056484357136267,,0
9.1072,0.06693728202010821,,0
9.137017,0.6227170282706528,,0
8.552367,0.29209414804941686,,0
10.22154,0.0009630014284325211,,0
9.19075,0.006797914678659545,,0
8.630522,0.2735839551425336,,0
9.463431,0.004473190792724844,,0
10.0846,0.1013988023800729,,1
7.786967,1.4044672662122626,,0
9.770756,0.09046235427587894,,0
8.562931,0.00030257348965235836,,0
9.489713,0.0045747611605272045,,0
9.62298,0.0005333444814407301,,0
8.311643949,0.03489482627974681,,0
7.473637,2.3300403327550274,,0
8.205492,0.021746148202480473,,0
9.103312,0.501536060711431,,0
9.97278,0.0008329038423353846,,0
9.981837,0.0007092274190832895,,0
9.450774,0.005814709376813502,,0
9.418086,0.005664478838972613,,0
9.490091,0.05519710388234088,,0
10.24736,0.164097827621282,,0
8.95157,0.5850169593713416,,0
9.167224,0.00351785866249348,,0
7.454141,0.009602366832731996,,0
7.559559,0.012165500504789676,,0
9.418086,0.006185543609638131,,0
9.021598,0.602753552736903,,0
9.899429,0.11785565154375094,,0
10.38943,0.0010891326719529634,,0
7.680637,0.013676085091279253,,0
8.237479,2.62302939385029,,0
9.807362,0.07838787664289933,,0
8.432724,0.022296848522303146,,0
9.618801,0.005821340965661144,,0
7.585281,2.936107749347019,,0
10.37586,0.0010858982179173487,,0
9.753246,0.0009249613486971007,,1
9.615605,0.009866251445645381,,0
8.656781,0.02623357349666254,,0
7.562681,0.011713283623334292,,0
10.4352,0.1855173373886913,,0
7.516977,2.340214857417505,,0
9.29771,0.008859856331601726,,0
9.094256,0.05729791213404032,,0
9.675206,0.07593832114682106,,0
7.512071,0.991539749681012,,0
7.841493,0.03040591978102853,,0
9.249465,0.00041264268774949376,,0
10.28175,0.16928433231687798,,0
9.372714,1.3704275716949372,,0
8.571681,0.0002341683250378561,,0
8.6174,0.00020443066679312185,,0
9.122929,0.003736911847982301,,0
10.09658,0.1358847228511178,,0
9.276877,0.6875683878508597,,0
9.581145,0.07508060571178439,,0
9.560293,0.009033467949325531,,0
9.212039,0.04475647547959844,,0
9.47884,1.16325142871514,,0
8.907071,0.4635978195716023,,0
9.286746,0.005094270312830259,,0
7.704812,1.4383560640377375,,0
9.559658,0.00784624068849624,,0
9.97278,0.0006121137921608845,,0
10.29819,0.0008532023549878746,,0
7.837554,0.014714616643145492,,0
7.732808,2.590008807304173,,0
8.430109,0.038320364961898376,,0
7.542213,1.4905889214559573,,0
9.924564,0.0005936580540330133,,0
7.571474,1.1757124612684846,,0
9.600624,0.09639660299479329,,0
7.682022,0.013215771110898873,,0
7.512071,1.0984540241030394,,0
8.47658,0.025244200248365562,,1
9.446519,0.8187949232154713,,0
7.707063,0.016115756674707334,,0
9.276877,0.7206555600539009,,0
9.144628,0.0004974340213201954,,0
9.755741,0.10211882817176425,,0
9.236008,0.005577424926581923,,0
8.177235,3.8427348777921484,,0
7.90581,0.013635148359178327,,0
9.594718,3.524933548962128e-05,,0
9.426338,0.8022308203827392,,0
9.889236,0.1533335878931091,,0
9.755741,0.09763510560235479,,0
9.702778,0.000572468528395319,,0
7.987864,2.237310846189741,,0
7.571474,1.4019642848463951,,0
7.494986,2.1874682557419436,,0
9.477998,0.8452440516012564,,0
9.792333,0.13989803609500912,,0
8.521185,0.020272601679605068,,0
10.28175,0.16102823800677132,,0
7.766417,1.6354295946250132,,0
9.581145,0.07178404804086566,,0
10.08406,0.18520245120950496,,0
7.688455,1.2878726225820873,,0
9.094256,0.4742640270002855,,0
10.43632,0.0011739827590209232,,0
9.420277,0.6335569281619013,,0
7.841493,0.017718996614218052,,0
8.055475,2.9046719698909884,,0
7.903596,1.9332940325369787,,0
9.521934,0.16098671261780248,,0
9.987185,0.0012807778451687992,,0
9.929837,0.0008191083738148034,,1
7.955776,0.018648185209529943,,0
9.436519,0.8142049578021657,,0
9.730146,0.0009085386084235183,,0
8.6174,0.00024282205237049714,,0
9.267949,0.005063004055539789,,0
8.907206,0.6429469690167879,,0
10.34003,0.0007686448169548529,,0
9.510963,0.0004903935810054764,,0
10.09646,0.09842485083952192,,0
7.550661,1.2000572036760533,,0
9.015784,0.4202912240782588,,0
9.245804,0.0070162992374024884,,0
9.334591,0.006362612779883404,,0
9.072571,0.035692848314913136,,1
9.258273,0.004361943294346673,,0
8.521185,0.026860862552135257,,0
9.435242,0.007160389592463513,,0
8.529912,0.02047188271712995,,0
9.072571,0.08827441735069387,,0
9.122711,0.006629829108991289,,0
9.837668,0.14564232820020306,,0
8.744488,0.0039955387451597775,,0
9.964536,0.0874532910366345,,0
8.92079,0.3752997305858303,,0
9.339085,0.007969130788339482,,0
9.436519,1.337038169379044,,0
9.078294,0.5586239639820123,,0
8.430109,0.01843187452646192,,0
7.697575,1.5147048293911296,,0
7.637716,0.018042172504388002,,0
9.602788,1.0014705209032786,,0
7.903596,1.6140157056389084,,0
8.306719,2.594306375879939,,0
8.521185,0.019604719017700136,,0
10.17519,0.0008546730325804492,,0
7.588324,1.808355269612407,,0
9.286746,0.006633393013914829,,0
9.377125,0.00047753128095106103,,0
8.520986,4.750699399511247,,0
10.20218,0.17988839432866913,,0
8.47658,0.025244200248365562,,0
9.07932,0.004147307755486557,,0
9.39466,0.9268833095800798,,1
9.450616,0.05007777765241833,,0
8.306719,2.841463363645708,,0
8.741456,0.5083442855457733,,0
9.21164,0.0003505921243087996,,0
7.585281,1.304454322236105,,0
8.698347,0.4427100791128254,,0
8.471777,0.0334047937853355,,0
8.423761,0.0361574407814617,,0
7.903596,2.3312982486776503,,0
9.62298,0.0005096211069401913,,0
10.09055,0.1347872880908516,,0
9.350276,1.163948329275366,,0
9.183071945,0.07217829269169042,,0
7.688455,2.5733067043921016,,0
9.634366,1.3528897745174033,,0
9.305378,0.0007462151260322594,,0
10.04151,0.0005895185330046767,,0
8.392763,0.035248440315756496,,0
9.919115,0.13155766678831793,,2
9.435242,0.005498989740645267,,0
8.65904,0.0002890925486612496,,0
8.521185,0.019604719017700136,,0
9.103312,1.0402075198240377,,0
9.236885,0.006043869934786187,,1
9.173054,0.000492902234025041,,0
7.903596,2.0202581508122757,,0
9.07875,0.08112219098511499,,0
7.76811,0.01861938871707786,,0
7.81843,0.012661735483531316,,0
8.065894,2.958471061947684,,0
9.246286499,0.0004949147034780816,,1
9.207536,0.05126271757159601,,0
9.695417,0.0007460734630917754,,1
9.169831,0.04719794546423256,,0
9.350276,0.6712040819126529,,0
8.288534,0.015047788716656327,,0
9.1072,0.058396507895343286,,0
7.503841,0.024965983406466098,,0
8.246434,3.9976748963656332,,0
7.642044,0.012598676809348962,,0
7.503841,0.019949702572604408,,0
10.05264,0.0009369925811259009,,0
7.76811,0.01427776514106679,,0
9.132811,0.7095934545151708,,0
9.122711,0.006959300931667805,,0
9.113389,0.07722691640001292,,0
10.1708,0.16780423995601645,,0
9.07875,0.06471264019560649,,1
9.389741,0.5824962542827108,,0
9.471319,0.0058878832210564275,,0
7.611348,2.6365436190713387,,0
9.730146,0.0009085386084235183,,0
9.072571,0.04893291808153096,,1
9.103312,1.0402075198240377,,0
8.423761,0.021058046806422245,,0
10.01619,0.0009978791427148594,,0
7.680637,0.013717174950524668,,0
9.744023,0.0007069814316133355,,0
8.627302,4.861209177082942,,0
9.618801,0.006083198590905174,,0
10.26085,0.0006355900654101231,,0
9.477998,1.164009051099909,,0
7.363914,0.019913642378199287,,0
9.241257,0.575591347077746,,1
9.21164,0.00030769945427630877,,0
10.15203,0.0007700099866786616,,0
9.529812,0.10356764369198032,,0
10.21746,0.0008792231217126747,,0
7.401842,0.012444974117864807,,0
8.205492,0.021746148202480473,,0
9.15440474,0.0003344661693731895,,0
9.357898,0.005203226893971708,,0
9.138415,0.00047858233657954377,,0
10.10267,0.09474312242734668,,0
10.22807,0.18557456332995903,,0
9.737551,0.0010515123652254724,,0
9.266153,0.0004823646767998434,,0
10.1491,0.0008357443235564342,,0
10.16157,0.0007095277391755963,,0
7.613325,0.024326025870281202,,0
9.564302,0.875458932705953,,0
9.540291,0.000726231428423068,,0
9.899429,0.08951091593798513,,0
9.289336378,0.0005335638444831403,,0
8.043021,0.015504755012498235,,0
9.675583,0.0005549361798673758,,0
9.266153,0.0007210441853630207,,0
8.93142,0.35128766048984533,,0
9.638023,0.00039602145977444067,,0
7.751045,0.02420571023897459,,0
10.29157,0.001064370323896933,,0
9.498222,1.1861815823008561,,0
9.122711,0.004641692341208215,,1
8.489822,0.0002715495615894312,,0
8.562931,0.00020193062321233342,,0
7.50769,2.0499778190458415,,0
6.359574,0.002562968033687074,1.9030666040055243e+198,0
8.684401,0.002571749478816635,,0
9.361085,0.0758770278116697,,0
9.996887,0.0011144970105685396,,0
10.29458,0.0009762785396332195,,0
8.47658,0.03955121586439988,,0
9.473704,0.004924874191369726,,0
9.319733,0.004791791194689884,,0
9.16178,0.00531091758557593,,0
7.90581,0.022473815972714525,,0
9.162934,1.009348155249519,,0
10.29008,0.0010128716470310963,,0
7.707063,0.01841742944771427,,0
9.151969,0.0003363072962336069,,0
9.268609,1.0735653608992977,,0
9.069007,0.4399651835277364,,0
10.00969,0.000601440631945678,,0
7.786967,3.475916067861984,,0
9.905935,0.11888290133946756,,0
8.761393,0.0031398329342617205,,0
8.136811,2.2235966275974666,,0
9.306104994,0.0004983009162546837,,0
9.099185,0.6269345717283585,,0
9.254262,0.8050760808347125,,0
8.430109,0.033300801877943646,,0
8.151622,1.7910551593845039,,1
9.302099,0.8406770907834346,,0
10.28148,0.000810886500761712,,0
8.122074,2.4060886413380884,,0
9.680344,0.08277242160228485,,0
10.28148,0.0008473620851132271,,0
10.31616,0.19217536955829265,,0
10.00969,0.0005755509929255044,,0
10.28148,0.000810886500761712,,0
9.827686,0.0006583222249243478,,0
9.289336378,0.0005335638444831403,,0
7.628518,2.834603188186912,,0
9.842729,0.0005576601771276189,,0
9.350276,1.163948329275366,,0
7.751045,0.02420571023897459,,0
9.253208,4.842923231178871e-05,,0
7.786967,1.919679146595566,,0
10.14553,0.0007952565678252525,,0
7.568896,0.022372434672318947,,0
8.997766,0.513028097836137,,0
9.204423,0.07408642283512874,,0
7.825645,2.644565217119941,,0
7.949091,2.062204823102426,,0
7.81843,0.014306078134462347,,0
10.46016,0.10616332448981308,,0
9.167224,0.00351785866249348,,0
9.807362,0.11314489803021822,,0
7.568896,0.01698668167397991,,0
9.072571,0.0560895960347568,,0
10.05264,0.0009369925811259009,,0
9.220687,1.0186190063792753,,0
8.423761,0.018299665082375335,,0
9.300821,0.0005709566364559169,,0
7.955776,0.016317674304920902,,0
9.529812,0.09783916543707379,,0
6.57647,3.751911585745726e-05,4.5966925337164604e+247,0
9.180396,0.005601867352034485,,0
9.431562,0.0007179302937147428,,0
10.0745,0.1327523857704075,,0
9.730146,0.0005116994207615868,,0
9.220687,0.5873982700084538,,0
8.571681,0.0002450690958171341,,0
7.526179,0.024355819679738603,,0
10.22807,0.21207855742721415,,0
9.680594,0.006972051532206571,,0
7.649693,1.0275642285510458,,0
9.473704,0.004510007107240815,,0
7.949091,2.062204823102426,,0
9.256651,1.2202407153500643,,0
7.707063,0.022409779958066863,,0
9.924564,0.0007089631049259976,,0
7.825645,1.670305715148442,,0
9.924564,0.0007089631049259976,,0
7.949091,1.416764446454481,,0
9.62298,0.0005333444814407301,,0
9.20140053,0.04911152683134388,,0
8.402679805,0.018558676444459295,,0
8.065894,2.8311205908003116,,0
8.767952,0.0031576347981801247,,0
9.889236,0.09323431689856444,,0
9.827686,0.0007541524342326032,,1
7.76811,0.01870336477071572,,0
7.550661,2.351302019053743,,0
9.173054,0.00042872292427684314,,0
8.850518,0.00039244193994725663,,0
7.619724,1.0398529855699372,,0
7.589842,0.019100375564878858,,0
9.268609,0.5474332307352718,,1
8.562931,0.00020193062321233342,,0
9.827686,0.0009938581746044238,,0
7.90581,0.02048823659888569,,0
9.022443,0.4605417196068876,,0
9.207536,0.056484357136267,,0
7.90581,0.015710839639176306,,0
9.842729,0.0005576601771276189,,0
10.22807,0.21207855742721415,,0
10.18829,0.0009460914570711695,,0
10.03924,0.15423551761937657,,0
8.626227,0.00017903182377859784,,0
9.755741,0.10211882817176425,,0
9.289336378,0.0005335638444831403,,0
7.766417,1.6439559779008028,,0
10.29819,0.0013947866545819976,,0
9.639717,0.09566995534287397,,0
10.0429,0.0007047561635269643,,0
7.512071,1.3047399627045773,,0
10.23556,0.0009269597974371469,,0
8.47658,0.026682193590544696,,0
7.476472,0.008967515253463563,,0
9.450616,0.06103682373689165,,0
9.490091,0.12389203316053125,,0
9.483873,0.062274191590198966,,0
8.70118,0.002613444344741365,,0
9.300821,0.0003808148365218497,,0
10.38319,0.0008734911778488503,,0
10.08147,0.0006643513013245121,,0
9.339085,0.004671944781465332,,0
9.377125,0.00039628342209683214,,0
9.542733,0.06935047833515476,,0
9.899429,0.14809598096966234,,1
10.1577,0.11012120878692236,,0
7.649693,1.542942295335989,,0
9.755741,0.08975979135500352,,0
9.560293,0.008260097086239744,,0
8.250881,2.661699605040755,,2
7.50769,1.2397738365639868,,0
7.680637,0.016356881468175145,,0
9.697447,4.79330732255529e-05,,0
10.01476,0.0910719659040723,,0
7.58121,1.7898908026596543,,0
8.228177,2.5814018515202504,,0
7.707063,0.01700483080769525,,0
9.807362,0.14162309677023174,,1
8.418698,0.025048931003852373,,0
9.177094,0.00443923545421243,,0
9.594718,3.524933548962128e-05,,0
9.842729,0.0008361012977495364,,0
9.61153,0.008605638403237739,,0
7.81843,0.017799751407470716,,0
10.57743,0.0009124406714036507,,0
8.006368,0.022779009829972666,,0
9.274723,0.0045879312834410935,,2
10.4254,0.0008958277380446212,,0
9.081484,0.0037763571930787493,,0
7.585281,2.822392161126247,,0
10.44973,0.0009956130158344783,,0
9.179056,0.004862716245276033,,0
7.429521,0.7437197137995286,,0
7.688455,2.5733067043921016,,0
8.122074,1.7564635809950315,,1
9.113389,0.09680978310352868,,1
9.190546,0.5993908995994542,,0
8.552367,3.2799261147293817,,0
9.269741,0.00626995984047439,,0
9.220984,0.04517351110171935,,0
9.620926,0.06253696423482986,,0
9.672564,0.0005625024271274542,,1
8.309677,0.028652973422691456,,0
10.35313,0.00097808285854529,,0
9.719204,0.008191372687952453,,1
7.402452,1.3026852805019264,,0
7.58121,1.707370749580876,,0
10.1708,0.1162563959208716,,0
9.681344,0.0004096692340932148,,0
9.1032,0.09102716123502048,,0
10.35313,0.0007825786189625465,,0
9.246286,0.00041504420133283326,,0
8.704336,0.03250223188143134,,0
8.430109,0.023335632333710003,,0
7.53048,0.016346061839886305,,0
8.47658,0.04551292885275768,,0
7.356918,1.611174937896912,,0
8.306719,6.158413454946606,,0
7.649693,1.695014295929167,,0
9.620461,7.134944910358192e-05,,0
9.69935,0.007375272555847699,,0
8.246434,4.164986008064829,,0
8.703839,0.04580885341348953,,0
9.39466,0.04981557459504851,,0
7.50769,1.6971136805124172,,0
9.498222,1.1861815823008561,,0
9.246286,0.00036426623816048404,,1
9.536546,0.006272325828570575,,0
8.117909,0.026189653558414863,,0
7.90581,0.015710839639176306,,0
9.348362,0.005081855127567845,,1
9.852615,0.18551991371027085,,0
9.072571,0.035692848314913136,,0
9.488578,0.64767356737584,,0
8.325064,3.9784825174127514,,0
9.113389,0.0675756731944492,,0
10.05989,0.0007522148753559033,,0
8.840291,0.6000423526322578,,0
8.003363,0.024670381781559867,,0
10.39946,0.000802656586222217,,0
10.16157,0.0008435334797227748,,0
9.889236,0.12250059179909109,,0
9.981837,0.0012679747676159511,,0
7.750184,0.016709030255505755,,0
9.902337,0.09436472842886491,,0
7.766417,1.3653427811638146,,0
9.255313738,0.0006334985781070755,,0
9.560293,0.0060795844174318485,,1
7.751045,0.01410583533923359,,0
9.981282,0.12750444425419216,,1
7.693026,0.02190522209103356,,0
9.620461,5.666119715049158e-05,,0
8.562931,0.0002431854178911054,,0
7.327123,0.7833959150719815,,0
10.18524,0.10733512452651002,,0
7.949091,2.062204823102426,,0
10.09055,0.1409771600836553,,0
10.10283,0.12032791005891637,,0
9.713839,0.012259608948088724,,0
8.151622,2.3709836724350732,,0
9.957739,0.0006963937676666352,,0
9.220885,0.004014636017322089,,0
7.701652,2.4919877747608936,,0
9.625096,0.0072897795805596756,,0
10.28175,0.16102823800677132,,0
9.924564,0.0009301105843596482,,0
8.043021,0.023211474615113185,,0
9.39466,0.891787323880652,,0
9.042158,0.5169065544584034,,0
9.275191,0.0006152112527710812,,0
10.52291,0.0011426228031893907,,0
9.169831,0.06490017780248522,,0
10.08326,0.000999797099087692,,0
7.766417,1.6354295946250132,,0
9.559658,0.005280572521294334,,0
10.23556,0.0007785320786684582,,0
7.844241,0.030578110830408872,,0
9.579625,0.0006516144563850905,,0
7.732808,2.590008807304173,,0
9.792333,0.08889126166023015,,0
9.256651,1.0581775615922482,,0
10.45077,0.19033701744591053,,0
7.58121,1.1441415455037895,,0
10.16612,0.15148700185206393,,0
9.566545,0.9224093398157731,,0
7.512071,1.0439418186279563,,0
8.930362,0.7918510840809191,,0
8.907071,0.5578094453115434,,0
7.987864,3.8797651737628893,,0
10.28449,0.0010509392203924758,,0
8.205492,0.021778791901437642,,0
9.072571,0.04893291808153096,,0
9.289798,0.6323620953326411,,0
8.699181359,0.00026298283402265095,,0
8.663024,0.026573891557487458,,0
9.420277,1.4994443102909045,,0
9.212837,0.5359623522153509,,1
10.05462,0.0007429756377623854,,0
8.309677,0.0395180378523751,,0
7.766417,1.2871178820229077,,0
10.09349,0.0010480780288450566,,0
10.07853,0.15380838291841825,,0
7.955776,0.016317674304920902,,0
9.113389,0.04480178822204118,,0
9.561279,0.007963076936950208,,0
8.394347,4.306392901612387,,0
9.435242,0.008602599214563812,,0
8.53149,0.00029756520629916304,,0
7.841493,0.03040591978102853,,0
10.28309,0.0012172031923157259,,0
10.12803,0.16817878024086266,,1
8.552367,5.662247488345735,,0
7.697575,1.8112561097935618,,0
9.372714,0.8320379612293947,,0
9.350276,0.6174346522887995,,0
9.169831,0.04719794546423256,,0
9.452659,0.00042613354989109857,,0
8.136811,4.191782191168332,,1
9.302099,0.7389332762292388,,0
8.006368,0.03568889194740352,,0
8.177235,4.4312615636283805,,0
7.457609,0.017383538120543725,,0
9.349406,0.006722902906446573,,0
7.844241,0.013532367665754564,,0
9.204423,0.07741900459951358,,0
8.438799,0.03869952289070215,,0
9.473704,0.006751729737059133,,0
9.483873,0.12896577766847236,,1
10.08147,0.0006931948148747439,,0
9.770756,0.09005618824062175,,0
10.28288,0.0007714383457830367,,0
7.786967,1.919679146595566,,0
8.290293,0.03219184967910253,,0
7.568896,0.014863813071511082,,0
10.09254,0.11324825280643605,,0
9.616005,0.9217450211040957,,1
7.663877,0.013492649461269806,,0
8.76155,0.032407989174461194,,0
7.786967,1.333968135700843,,0
8.489822,0.00022704419042360319,,0
8.529912,0.02357183035115636,,0
8.17611,0.018479014179192448,,0
9.489713,0.00569195908484368,,1
7.550661,1.864455820731838,,0
9.69935,0.007375272555847699,,0
8.043021,0.015528029596591011,,0
7.600902,0.010158482457631329,,0
8.117909,0.023911617541148723,,0
7.825645,2.644565217119941,,0
9.770756,0.09908061278108092,,0
9.29771,0.006169578672325911,,2
9.451245,0.07232814686238695,,0
9.480673,0.0068986249660839775,,0
9.311813,1.119997615373999,,0
8.489822,0.0003754197262313186,,0
9.255313738,0.0006062289713731114,,0
9.899429,0.09853980553301163,,0
10.09349,0.0010480780288450566,,0
9.246286,0.0004949145016915387,,0
7.647309,0.012683411557975227,,0
9.987185,0.0012807778451687992,,0
7.526179,0.01362042932921909,,0
10.05462,0.0007429756377623854,,0
7.50769,2.3127307590288586,,0
7.707063,0.01841742944771427,,0
9.274723,0.004201447974470384,,0
9.581145,0.05280269754304145,,0
9.472935,0.06745894794206171,,0
9.600895,0.009738173903557037,,0
7.766417,1.433193998335943,,0
10.0745,0.1212052793725136,,0
8.117909,0.026189653558414863,,1
9.414097,0.6286524703743034,,0
9.069583,0.9180047115574508,,0
9.536546,0.006564308897156556,,0
7.50769,1.8716660557395013,,0
7.949091,4.2324275312810204,,2
10.10283,0.12032791005891637,,0
7.454141,0.013748223464216822,,0
9.221874,0.7157516100222852,,0
7.512071,1.1894651575134318,,0
8.76155,0.05077504388966483,,0
8.982812,0.996187213032845,,0
9.266153,0.000321726053802739,,0
7.32449,0.8490376656833322,,0
9.315331,0.007201829051521009,,0
8.438799,0.03230840042699546,,0
9.792333,0.13989803609500912,,0
8.56274,0.03227392902049928,,0
9.094256,0.09017607839267491,,0
9.39881,3.465672223582062e-05,,0
9.169831,0.0621064819887928,,0
10.29819,0.0009818089591152358,,0
7.642044,0.00970452035863853,,0
7.786967,1.6936027437839352,,0
9.072571,0.0560895960347568,,0
8.304742,0.028396592078873698,,0
9.421573,0.007396534209688911,,0
7.688455,1.2398516399792672,,0
7.76811,0.01861938871707786,,0
9.261129,0.07844715761067685,,0
7.512071,0.991539749681012,,0
9.334591,0.005809178155627574,,0
10.01516,0.09201316894031422,,0
7.512071,1.7091629685940186,,0
9.042158,0.5169065544584034,,0
9.12913,0.46864228485575576,,0
10.09349,0.0008048961936485649,,0
10.02787,0.09243924690979002,,0
9.099185,0.6269345717283585,,0
9.042158,0.8424902693640214,,0
7.65681,0.01286068943946497,,0
9.024854,0.6324219125163005,,0
8.17611,0.027664104862469147,,0
9.473704,0.006751729737059133,,0
9.63587,0.007018329833452017,,0
8.529912,0.022781581257539825,,1
9.414097,1.1357841730074434,,0
9.350276,0.7066766714776931,,0
10.05672,0.0007823021139107187,,0
7.642524,0.02636312635549472,,0
9.438909,0.0004246457563288519,,0
10.60574,0.0009389069629999327,,0
7.844241,0.013532367665754564,,0
8.228177,2.473990922175126,,0
8.604654,0.00018385476996463505,,0
7.903596,2.1994895279258584,,0
9.269175,0.0792196242600506,,1
8.657824,0.003419281963129027,,0
9.195734,0.03908766299890579,,0
7.987864,3.8797651737628893,,0
9.304286,0.00884075271278216,,0
9.483873,0.06246129467927589,,0
9.566545,0.966797530441544,,0
9.987185,0.0008187042142688135,,0
8.191463,0.014008336094646868,,0
9.629971,0.005823484597227739,,0
9.192787,0.004658734584264617,,0
10.08402,0.0008376679386338143,,0
8.6174,0.00022323585991639353,,0
7.844241,0.013532367665754564,,0
10.38943,0.0006982917145927797,,0
9.059982,0.41392341655153003,,0
9.969697,0.11592611995045414,,0
8.430109,0.02027891096063599,,0
8.93564,0.004157638356704535,,0
7.750184,0.012418028241032273,,0
10.04429,0.0007065524570647317,,0
8.122074,3.4445816446047672,,0
9.008224,0.005365918618880496,,0
8.665786,0.024060596795204635,,0
7.872074,0.01824777826063388,,0
9.335827,0.005954781489842527,,0
9.143025,0.003968083380080906,,0
8.927447,0.47711308478747944,,0
9.013717,0.04005512773416192,,0
9.730146,0.0006994101827735939,,0
7.903596,2.1994895279258584,,0
7.627057,1.5754982724140376,,0
7.585281,2.157790560320256,,0
9.173054,0.000492902234025041,,0
9.563389,1.2643784892595387,,0
7.619724,1.3091516645569434,,0
9.329811,0.05091382395819453,,0
6.320768,0.3277251256450167,5.062357739161131e+190,0
10.00893,0.16451229682963628,,0
7.732808,2.371828736098002,,0
9.680344,0.08240078252015008,,0
8.907206,0.7041998871889634,,1
9.958118,0.0006965940378255686,,0
10.44906,0.0010925549624379572,,0
9.375177,0.06412850552996918,,0
8.489822,0.0002715495615894312,,0
7.468513,1.4120343472334476,,0
9.339085,0.0046579499498644586,,2
8.438799,0.021420047264021327,,0
9.138415,0.0004566093760398973,,1
8.53149,0.4664822995969947,,0
9.183072,0.6233694761876523,,0
9.349406,0.007046422501152218,,0
9.376956,0.0049840829002566235,,0
7.78904,0.020054059587832348,,0
10.09745,0.0006424421446713126,,0
10.09254,0.18624859926124554,,0
7.563201,2.4814099377844547,,0
9.168789,0.0050507770814193645,,0
9.096836,0.004972985720528405,,0
9.549808,0.0007990323518921473,,0
7.90581,0.015734423582170386,,0
9.1072,0.044511878749150274,,0
9.517457,0.12252653707037023,,0
8.562931,0.00019352838398340307,,0
10.09254,0.14879690708835022,,0
9.983592,0.000776661352988847,,0
9.536546,0.136179690192483,,0
10.57743,0.0007996091659287627,,0
9.616005,1.021746437252471,,0
9.430038,0.007077327349229587,,0
8.988446,0.0030360647741742067,,0
9.147401,0.004791762198603143,,0
9.081256219,0.0004769566587916985,,0
7.512071,1.7091629685940186,,0
9.078294,0.509269095990039,,0
10.52291,0.0010013272043473756,,0
9.375177,0.06412850552996918,,0
7.568896,0.012947848120947378,,0
8.93142,0.5734125460877519,,1
8.342363,2.234097222555458,,0
10.14002,0.0012390009352295128,,0
8.521185,0.026860862552135257,,0
7.516977,2.340214857417505,,1
9.595331,0.0006326575874711237,,0
9.236008,0.00044943105749683577,,0
10.2755,0.14029803496100515,,1
6.437752,0.5616194649777781,1.6321285246335189e+215,0
9.63587,0.005127023489235647,,1
7.649693,1.619619386400018,,0
8.48405,4.142411889933976,,0
8.571681,0.00028978526828721653,,0
9.434843,0.005493935796485805,,0
8.93142,0.4163829681875929,,1
7.688455,0.9860893865885902,,0
9.220885,0.0036874924993108783,,1
8.462103,0.026260936378032687,,1
10.41322,0.0009251136404080725,,0
9.490091,0.06617551205710835,,0
9.675583,0.00044601523735273476,,0
10.10057,0.07599614599854673,,1
8.438799,0.028076341200883655,,0
7.707063,0.015552127855530102,,0
9.309914,0.00027916297357127715,,0
9.97278,0.0006674191104815351,,0
8.95157,0.9207060645753142,,0
10.39946,0.0007034008714769869,,0
9.217415,0.6740547860422081,,0
9.053336,0.004984868938633517,,0
8.290293,0.021503448227656572,,0
10.29458,0.0011140395634975317,,0
9.996887,0.0011144970105685396,,0
9.600895,0.004988092717929903,,0
9.334591,0.007644138212871628,,0
10.29809,0.10357072564474462,,0
8.950533,0.6724540099671962,,0
9.924564,0.0008900730045905299,,0
10.29809,0.10357072564474462,,0
7.526179,0.024355819679738603,,0
7.476472,0.011676854462293216,,0
7.65681,0.022069031330550288,,1
9.855137,0.0006434006857335513,,0
9.563389,0.8070099256120057,,0
10.0202,0.0006917718344485836,,0
9.305378,0.0007462151260322594,,0
7.649693,1.357155784563072,,0
9.220885,0.0036874924993108783,,0
10.29809,0.1302238273638922,,0
9.42311,0.00621051558787869,,0
9.04523,0.5693573239033458,,1
7.619724,1.5681229692693242,,0
9.549808,0.0005819598362234752,,0
9.414097,0.6286524703743034,,0
9.620461,0.006413045940980186,,0
9.583489,0.0005440274814273497,,0
10.50359,0.0008727054534722842,,0
8.205492,0.03255518494626213,,0
9.905935,0.19580886136248996,,0
9.311813,1.119997615373999,,0
8.571681,0.00033346576103630756,,0
10.1589,0.001045880346418261,,0
9.306104994,0.00030390165447380965,,0
9.268609,0.5474332307352718,,0
9.899429,0.11785565154375094,,0
9.422221,0.008093256110564426,,0
9.315331,0.006254711555919782,,0
9.315961,0.003801690942718093,,0
9.103312,0.9020550150726148,,0
9.977342,0.10142080515626371,,0
9.702717,0.008764898918958633,,0
7.903596,1.6140157056389084,,0
10.28459,0.14798619363693438,,0
9.38505,0.0003822988568609603,,0
8.562931,0.00020193062321233342,,0
8.699181359,0.00034449816372275453,,0
8.342363,3.099798840414233,,0
8.236156,2.1030632616693397,,0
9.20924,0.04951284387271817,,0
10.46442,0.0009264607652324961,,0
10.50941,0.23943147043412058,,0
9.489713,0.006504891888130302,,0
9.301369,0.005877333088664756,,1
8.488794,5.49325101647631,,0
9.981282,0.10660721804027067,,0
7.50769,1.0334771319720994,,0
9.096836,0.004758918365716589,,0
10.28175,0.16928433231687798,,0
9.633776,0.072887191402608,,0
9.180396,0.005145383978431133,,0
9.490091,0.06617551205710835,,0
9.996887,0.000570012602660596,,0
8.304742,0.026911915414468947,,0
9.852615,0.09797008998225588,,0
8.47658,0.023187108038014072,,0
8.117909,0.026189653558414863,,0
9.525808,0.0005653760130685573,,0
9.389741,0.5824962542827108,,0
9.481588,1.3338761244804098,,0
9.015298251,0.04605945119244025,,0
8.430109,0.02027891096063599,,0
9.300821,0.0003808148365218497,,0
7.285507,0.7399677575739109,,0
8.72258,0.003172839756069059,,0
7.623642,1.9665718140002997,,0
7.649693,1.9312957968718159,,0
10.07853,0.09260170563875489,,0
8.362409,0.019912507269993003,,0
7.949091,3.3611249110967854,,0
7.541683,0.019623306747663622,,0
8.571681,0.00033346576103630756,,0
9.357898,0.008164365303962366,,0
8.424200325,0.000267447311015985,,0
7.837554,0.014736705130334062,,0
9.509259,0.0053387916601437945,,0
9.372714,0.6935879597576,,0
9.015298251,0.05279587059700942,,0
9.375177,0.08818077503514761,,0
8.438799,0.023566524968260148,,0
9.899429,0.11785565154375094,,0
9.463431,0.004280637631630048,,0
8.423761,0.019180281731624067,,0
10.24736,0.3107419297650638,,0
10.2023,0.0009044444699209934,,0
10.29819,0.001230771819098969,,0
9.753246,0.00045652887518279087,,0
9.97278,0.0007680218629551311,,0
10.07874,0.0009089271794750795,,0
10.55122,0.0011758886208162935,,0
9.410993,0.0004944164813664537,,0
9.889236,0.09323431689856444,,0
9.436519,0.8142049578021657,,0
9.209239767,0.04766664401175725,,1
8.423761,0.025261531844370723,,0
7.628518,1.1365552286265308,,0
7.534763,0.014991489445630942,,0
9.072571442,0.04893294086296311,,0
9.534595,0.005925123206867262,,0
9.237177,0.0067072118908798415,,0
9.300820725,0.0003482125399178262,,0
7.619724,1.4964256180489515,,0
9.967213,0.0006413656494906604,,0
8.304742,0.03697600322475617,,0
10.22662,0.0008069878963318055,,0
10.27781,0.0007731946845620115,,0
8.003363,0.021574313256922502,,0
9.781433,0.12694712947394546,,0
9.542733,0.09090118561282537,,1
9.268609,0.5474332307352718,,0
8.529912,0.027124906636994277,,0
7.623642,1.7928236425383342,,0
10.34003,0.000968771705686206,,0
9.309914,0.0033152746369989137,,0
9.217415,0.6740547860422081,,0
9.49296,0.09935497597801836,,0
8.122074,3.4445816446047672,,0
9.122055,0.9671280104566903,,0
7.512071,1.7066011459884354,,0
8.907206,0.7041998871889634,,0
9.51731,0.0006389002022279836,,0
9.996887,0.000570012602660596,,0
10.39946,0.001097101475781559,,0
9.473704,0.004924874191369726,,0
8.722743,0.0003369799611282993,,0
9.188912,0.0066865957789494284,,0
9.281917,0.0003258842435384333,,0
9.179056,0.005599051340966624,,0
9.542302,0.04413889751358716,,0
9.422221,0.007033125038170595,,0
7.562681,0.023129839801179167,,0
10.29458,0.0009356560440771912,,0
9.549808,0.0006974992479066082,,1
7.649693,1.785844075645769,,0
8.117909,0.021049239483419413,,0
9.827686,0.000634345979759675,,0
8.423761,0.018299665082375335,,0
7.65681,0.0168217943521071,,0
9.315961,0.003801690942718093,,0
10.02473,0.000699993382117771,,0
9.135617,0.04351596393044743,,0
9.315331,0.006254711555919782,,0
9.286746,0.005094270312830259,,0
7.707063,0.01700483080769525,,0
10.28449,0.0008813365296153731,,0
8.907071,0.44631162027052645,,0
7.414573,0.025045644753049153,,0
9.334591,0.005809178155627574,,0
7.623642,2.166887553726929,,0
9.42311,0.007097509287491369,,0
8.997766,0.4074143046715664,,0
7.448334,0.018861481473210366,,0
9.86204,0.0006512917081965872,,1
9.39466,0.9305052126075862,,0
9.300821,0.0003808148365218497,,0
7.76811,0.01870336477071572,,0
8.004032,3.1317677554135783,,0
7.766417,1.9721129252034595,,0
9.981282,0.10660721804027067,,0
9.311813,0.622710569349979,,0
8.756997,0.027539833817823853,,0
9.542733,0.10460308496234431,,0
9.371779,0.6581446293786569,,0
9.166179,0.00404463460795852,,1
9.770756,0.09908061278108092,,0
7.468513,2.321773803486296,,0
8.627302,4.272876307727169,,0
10.18524,0.10733512452651002,,0
7.844241,0.020319569178631147,,0
7.50769,0.9472700839945536,,0
9.529812,0.12368338598780736,,1
7.637716,0.015130490320649548,,0
9.187993,0.0037394901373349132,,0
10.04603,0.09453233284779211,,0
9.276877,0.627762115562292,,0
9.169831,0.0621064819887928,,0
8.536015,3.6826477076826487,,0
9.600895,0.006524430148571458,,0
8.604654,0.0002992101449016264,,0
10.29819,0.0008977545908088819,,0
8.236156,1.988528619161664,,0
7.628518,1.6618010074514333,,1
9.073718,0.004474061139964793,,0
9.9508,0.13554755675042082,,0
9.35496,0.08676985119252174,,0
9.25033,0.0051754861136665276,,0
6.495266,0.005360885940426398,2.3638669053786892e+228,0
9.08387,1.2756923412638614,,0
9.957739,0.0007593138970454512,,0
8.72258,0.04702253754376717,,0
8.430109,0.030313145918287022,,0
10.16157,0.0012241470474110882,,0
9.541728,0.07196404120960005,,0
9.187993,0.005111277000354552,,0
8.240385,0.026896467516463397,,0
7.477604,0.9533784745310883,,0
9.893942,0.08922509421949378,,0
8.432724,0.02127314218111091,,0
9.344434,0.007373564861866946,,0
8.430109,0.01843187452646192,,0
10.14061,0.0009556580948488621,,0
7.766417,1.8606120985732393,,0
9.250522,1.260260789211164,,0
9.983592,0.000776661352988847,,0
10.01516,0.12633431760606365,,1
8.430109,0.021210184708908106,,0
7.750184,0.012418028241032273,,0
10.32797,0.1477382522494395,,0
8.571491965,0.00035473590434629583,,0
9.234057,0.6853636800685811,,0
9.536546,0.06287038744837103,,1
10.05264,0.0008137680418478592,,0
9.596623,1.2526137171928555,,0
9.284427,0.9947938307318014,,0
9.620461,6.807361021474283e-05,,0
9.138415,0.0005001100970869075,,0
9.076123,0.0037539127600784293,,0
9.60245,0.00079229390731713,,0
9.177094,0.003901972391179643,,0
7.526179,0.020455889214792786,,0
8.722743,0.00038742545886012416,,0
7.400621,1.4816609126385238,,0
9.209239767,0.04951283190151291,,0
9.770756,0.0791570448997787,,0
10.17206,0.001270790783919088,,0
5.181784,0.04907891179854332,4.340044520959858e+58,0
7.585281,2.692808791988412,,0
9.211639528,0.00035059198859130157,,0
9.143346,0.04615980119277688,,0
8.41671,0.03590752629412685,,0
9.189423,0.5230861713747401,,0
9.315331,0.007201829051521009,,0
9.348362,0.004084406285162514,,0
9.166179,0.00404463460795852,,0
9.450616,0.10928698912039086,,0
7.955776,0.019676968370731664,,0
9.173054,0.00042872292427684314,,0
7.594381,1.0390870640100007,,0
9.634366,1.1891548900536304,,0
9.42311,0.005687347199659704,,0
8.498622,0.00037836961474743474,,1
9.381264,0.05607508109853145,,0
8.907071,0.8778865825148401,,0
7.792349,0.015298280795096014,,0
9.053336,0.003511021820002919,,0
9.957739,0.0006598517961355872,,0
7.611348,1.4637019725610523,,0
8.807921,0.0041028599095687575,,0
9.62298,0.0006965694645888447,,0
9.23435,0.006691719383952167,,0
9.168789,0.004625304048214706,,0
7.541683,0.011497366159995057,,0
9.807362,0.12336769431753682,,1
7.446585,1.647291536178112,,0
10.39946,0.000802656586222217,,0
9.919115,0.13155766678831793,,0
10.0745,0.10605794883605534,,0
9.181118,0.006744275938487122,,0
8.306719,2.594306375879939,,1
8.17611,0.018479014179192448,,0
8.043021,0.015504755012498235,,0
9.173054,0.000492902234025041,,0
7.955776,0.014987984301931849,,0
8.309677,0.02518521767401528,,0
10.28449,0.0008421343305102264,,0
9.157889,0.7942489900164366,,0
8.61559,0.0034725409989029977,,0
8.392763,0.024678225149316852,,0
7.649693,1.619619386400018,,0
9.309914,0.00033288455425248015,,0
9.29771,0.006408534060645981,,0
10.29819,0.0013947866545819976,,0
9.069353,0.6343241986567055,,0
10.34721,0.0008817188164182029,,0
9.59281,0.006508368994513218,,0
9.807362,0.07838787664289933,,0
10.05989,0.0010235395247900126,,0
9.022564,0.4813196517634599,,0
10.27781,0.0009192249531069204,,0
7.649693,1.306551436604218,,0
7.526179,0.01872895687551464,,0
8.907206,0.7041998871889634,,0
9.067624,0.0003000881174473332,,0
9.317399,0.006453431646421641,,0
8.177235,2.1365327843237507,,0
7.987864,2.237310846189741,,0
7.81843,0.015774338771618678,,0
9.25033,0.005400185310538626,,0
9.358933,0.00033424351283716,,0
8.306719,2.978200289430567,,0
7.90581,0.018637038110858574,,0
10.18524,0.10733512452651002,,0
8.342363,3.099798840414233,,0
9.300821,0.0005709566364559169,,0
9.217515,0.05226437999035712,,0
8.521185,0.03534547234819457,,0
10.10057,0.1424060705669447,,1
8.571681,0.00020349474766038982,,0
9.241257,0.7950443839995901,,1
7.637716,0.011119629105633301,,0
9.275941,0.8208144348891366,,0
9.827686,0.0007575537674466284,,0
8.756997,0.027539833817823853,,0
7.903596,1.9332940325369787,,0
7.825645,1.770402058769472,,0
9.309914,0.0004556822497713697,,0
9.541369,0.00048218234399629667,,0
9.827686,0.0009938581746044238,,0
10.14843,0.0007043137853786092,,0
9.250522,0.6094603869397438,,0
9.138415,0.0005001100970869075,,0
8.311643949,0.015546547279789305,,0
9.241257,0.7619629572911815,,0
9.857862,0.0991516056752989,,0
7.516977,1.7172818904044787,,0
10.28514,0.0007792383812720627,,0
7.680637,0.016307884356186426,,0
9.190546,0.5236973663010493,,0
7.844241,0.02537550708091192,,0
10.10704,0.23691513721858876,,0
7.585281,1.3793119797530784,,0
8.250881,2.1137526353939156,,2
10.20541,0.157175285448608,,0
10.2023,0.0006646900952335306,,0
9.450774,0.00828039610921163,,0
8.98507,0.003832909180105425,,0
9.473704,0.004924874191369726,,1
7.786967,3.475916067861984,,0
9.389741,0.9194932977510946,,1
8.964696,0.0044954852107148766,,0
8.6174,0.0004170594928427067,,0
9.702778,0.0008506134216064017,,0
7.642044,0.012598676809348962,,0
9.104091,0.6330144411484834,,0
8.371936,0.0002217399842773203,,0
8.587279,2.9634422749113813,,0
9.339085,0.0046579499498644586,,0
9.541728,0.08361028732242252,,0
9.436519,0.8142049578021657,,0
6.320768,0.0023272218694305497,4.894672315922147e+190,0
9.389741,0.7711036150519827,,0
7.344719,1.096041069874797,,0
9.160415,0.8354182683793429,,0
7.638198,0.018159406539047494,,0
7.837554,0.012220823356210267,,0
9.438909,0.0006101808000876075,,1
7.638198,0.015889979541998285,,0
7.619724,1.3091516645569434,,0
9.097843,0.005952770093052295,,0
9.842729,0.0006659734303006568,,0
9.899429,0.11785565154375094,,0
9.448175,0.9844752365478069,,1
9.17885,3.4524972646768875e-05,,0
8.136811,1.765839098723239,,1
9.753246,0.0009249613486971007,,0
8.602086,0.3841259216977544,,0
8.236156,3.576536871517756,,0
8.228177,1.8688674481175815,,0
7.663877,0.015350454040916704,,0
7.766417,1.188397212297984,,0
9.489713,0.00569195908484368,,0
9.29716,0.003918400875568579,,0
9.435562,4.2937521895574096e-07,,0
7.766417,1.2871178820229077,,0
8.521185,0.03534547234819457,,0
9.362203,0.000432727854847679,,0
7.701652,3.1052079790377736,,0
9.240482,0.004263054653895446,,0
9.29771,0.006408534060645981,,0
9.164925,0.004432029380692713,,0
7.688455,1.182926824585968,,0
10.28288,0.001207921935983325,,0
8.304742,0.026911915414468947,,0
7.673223,0.018882820561044636,,0
10.1491,0.0008395136476308676,,0
9.903438,0.0006656104236817052,,0
9.549808,0.0006368291666776502,,0
9.638675,0.0006179944415908169,,0
9.20140053,0.07385426574497336,,0
10.28168,0.16952741938168167,,0
8.309677,0.0395180378523751,,0
9.123474,0.6740587636796974,,0
8.240385,0.023641294712113764,,1
9.212837,0.7058931780730159,,0
7.688455,2.5733067043921016,,0
9.332292483,0.00035721357965332013,,0
7.429521,1.2176331775942668,,0
7.402452,1.040735562130697,,0
7.76811,0.016429909797707722,,0
10.00969,0.0006863089086585548,,0
9.755741,0.10211882817176425,,0
9.315331,0.008987502747002026,,0
9.61153,0.008605638403237739,,0
8.362409,0.029810123194344496,,0
9.096836,0.004358031254843386,,0
9.89953,0.001198256328168898,,0
7.663877,0.01537349699987669,,0
9.100302,0.0066120805653402705,,0
9.964536,0.0904326011077026,,0
7.429521,1.3356378341029749,,0
7.825645,1.6891182929399937,,0
8.95157,0.4254471941215915,,1
7.750184,0.01679950307565106,,0
5.347108,0.0010132541683927608,1.7588733999355248e+70,0
9.852615,0.18551991371027085,,0
9.616005,1.021746437252471,,0
7.792349,0.011242940895520017,,0
9.61153,5.339263930285465e-05,,0
9.338382,0.04467479525170249,,0
8.432724,0.02127314218111091,,0
9.16785,0.0044427268884559895,,0
10.08402,0.0007003791052274845,,0
10.39001,0.21414958326912195,,1
9.1072,0.058396507895343286,,0
9.072571,0.04893291808153096,,0
9.363748,0.0004985758160240394,,0
10.1708,0.16780423995601645,,0
10.28175,0.14153962892563007,,0
7.552237,0.02094255231218173,,0
8.122074,1.6608050565969916,,0
9.089753,0.10327870976895145,,0
7.585281,1.882846654296395,,0
7.649693,1.184938856035219,,0
9.16178,0.004440489524511518,,0
7.512071,0.9052933525193877,,0
9.246286,0.0004949145016915387,,0
9.924564,0.0007089631049259976,,0
9.104091,0.7496401082563658,,0
9.62298,0.0005815328848036284,,0
9.300821,0.0008534724506408978,,0
9.450616,0.11905402121073919,,0
8.177235,4.4312615636283805,,0
7.688455,1.182926824585968,,0
7.568896,0.016834487440275384,,0
7.688455,1.2398516399792672,,0
9.334591,0.008011989501357555,,0
9.730146,0.0006994101827735939,,0
9.49296,0.09935497597801836,,0
9.563389,0.834502690839338,,0
10.01135,0.000720237217140775,,0
9.936632,0.0008915704508200349,,0
9.957692,0.09958773337356554,,1
9.024854,0.5060101632235559,,1
9.638675,0.00045213439206999586,,0
8.725507328,0.0003374837338542617,,0
9.983915,0.09337949393354686,,0
8.043021,0.023211474615113185,,0
9.436519,0.8142049578021657,,0
8.236156,3.576536871517756,,1
10.163,0.0007377925524483392,,0
8.197539,0.023201995661023975,,0
9.53806,0.8165533697127352,,0
8.432724,0.036526767449987285,,0
9.852615,0.0857265198726826,,0
10.09349,0.0008048961936485649,,0
10.09349,0.0010480780288450566,,0
9.1072,0.10534662374288839,,1
8.947936,0.4662679964373173,,0
9.334591,0.006362612779883404,,0
9.852615,0.0857265198726826,,0
10.03924,0.12876393534321784,,0
8.769973,0.0028724475131757955,,0
9.1072,0.042595818523559884,,1
6.359574,0.0021429126929317782,3.0393284523375397e+198,0
9.256651,0.6222260343042724,,0
9.003685,0.003070559882238514,,0
7.707063,0.011843716441549313,,0
9.541728,0.0627254061057715,,0
10.10057,0.10822177874456279,,0
7.50769,0.9458502440147732,,0
7.429521,1.4716864029070684,,0
7.568896,0.012947848120947378,,0
9.138415,0.0003620666345963206,,0
9.217415,0.6770948676328363,,0
7.628518,1.4441226268259904,,0
9.177094,0.00443923545421243,,0
10.08439,0.0008379001699939945,,0
7.52564,0.009944600553269713,,0
7.81843,0.013268389690110467,,0
9.62298,0.00042801897214573664,,0
9.509259,0.005108977807298717,,0
9.489713,0.006504891888130302,,0
7.642044,0.00970452035863853,,0
9.349406,0.004490751417809369,,0
9.07875,0.06471264019560649,,0
9.61153,0.005492687250403816,,0
6.694562,0.006965386293581836,3.542983095600756e+279,0
9.348623,0.008030825320518855,,0
9.818202,0.0947484898762731,,1
9.25033,0.0051754861136665276,,0
9.9508,0.14249722859610633,,0
9.957739,0.0007593138970454512,,0
8.285261134,0.020478117102596765,,0
9.349406,0.005595820844584537,,0
9.481588,1.3338761244804098,,1
9.402612,1.6947881731485392,,0
9.583489,0.00047746925141726196,,0
10.28175,0.14153962892563007,,0
7.786967,1.919679146595566,,0
7.903596,2.436165533850486,,0
9.103312,0.9020550150726148,,0
9.61153,0.007530169990921686,,0
7.673223,0.029540214655525195,,0
8.237479,3.0156937614730572,,0
7.76811,0.018759559114397778,,0
9.620461,0.009600683980148393,,0
7.844241,0.02104334631570779,,0
9.677465,0.000536315430887817,,0
8.630522,0.3140676914509345,,0
9.536546,0.008253581533441277,,0
9.179056,0.005763801156120025,,0
9.981837,0.0005635613695976324,,0
7.955776,0.014987984301931849,,0
8.638348,0.524617830575192,,0
9.269741,0.005486387089801598,,0
9.137017,0.6227170282706528,,0
9.39466,0.9305052126075862,,0
9.263217,0.005655061442375433,,0
9.177094,0.00584146818403331,,0
10.16238,0.0008064982966303033,,0
7.81843,0.01634929032705397,,0
9.229162126,0.0005388733544719599,,0
9.713839,0.012259608948088724,,0
7.903596,2.652294994005423,,0
10.20322,0.14987636680243852,,0
8.488794,5.49325101647631,,0
8.177235,3.688368874371311,,0
9.160415,0.5292349746110332,,0
8.122074,1.9111448466805814,,0
7.638198,0.015889979541998285,,0
9.436519,0.8142049578021657,,0
9.884407,0.13366655680541306,,0
10.28288,0.0008802947141747753,,0
10.09349,0.0011462067797890895,,0
9.792724,0.13995142663498997,,0
9.463431,0.004280637631630048,,0
9.089753,0.10327870976895145,,1
9.399969,0.6787320829524416,,0
10.39946,0.000847106952644967,,0
10.08456,0.0008285078584273469,,0
8.304742,0.021564946317112508,,0
9.207536,0.8813578547209044,,1
8.521185,0.03534547234819457,,0
7.750184,0.014763372867739478,,0
9.143025,0.00543186861275699,,0
9.58953,0.000942240482623928,,0
10.18829,0.0009460914570711695,,0
9.951897,0.0009433917764426825,,0
8.744488,0.0039955387451597775,,0
10.08147,0.0007254637299003439,,0
8.663024,0.04758079499759822,,0
9.35496,0.08650993171310287,,0
9.192787,0.004679746130415677,,0
8.6174,0.0004170594928427067,,0
9.246286,0.00059281656888061,,0
9.195734,0.06399512399495262,,0
9.266153,0.0007210441853630207,,0
9.488578,1.164895678194315,,0
7.90581,0.018637038110858574,,0
9.483721,0.7080352767691597,,0
9.25033,0.0051754861136665276,,0
9.321882,3.583415247873632e-05,,0
9.579625,0.0006516144563850905,,0
9.204423,0.05927764704150129,,0
9.21164,0.0005007582795805353,,0
8.462103,0.03931407220665247,,0
9.884407,0.13366655680541306,,0
9.477922,0.005202616473871429,,0
9.662689,0.0008244186682505734,,0
9.130864,0.8068636668334832,,0
9.555914,0.006369207811272509,,0
9.096275,0.45754970273801066,,0
8.430109,0.027801263717159103,,0
8.432724,0.04203259322980414,,0
8.907071,0.4056608266832804,,1
9.024854,0.4368355264223437,,0
7.568896,0.01698668167397991,,0
7.955776,0.020531264738778292,,0
7.628518,1.6429640506241996,,0
7.680637,0.018822419646120827,,0
9.537628,0.07242557190918354,,0
9.068316,0.7291412284127735,,0
8.423761,0.021952537976065233,,0
9.598117,0.00047824472722609267,,0
10.04603,0.09453233284779211,,0
7.526179,0.01872895687551464,,0
9.618801,0.006083198590905174,,0
9.737551,0.0009137753510802335,,0
9.173054,0.000492902234025041,,0
9.136479,0.6548652604575,,0
9.842729,0.0007663582696172741,,0
8.351138607,0.00033149554637037864,,0
9.435242,0.006893399722487284,,0
7.50769,1.6971136805124172,,0
9.166179,0.003391903318261529,,0
9.319733,0.007173576079519482,,0
8.347353,0.02951603428328565,,0
9.319643,0.004163813364944306,,0
7.682022,0.018063817376245087,,0
10.57743,0.0007996091659287627,,0
9.315331,0.007201829051521009,,0
9.074062,0.040793416268756794,,0
9.633776,0.072887191402608,,0
9.160415,0.6329760081739602,,0
8.430109,0.031991859413726134,,0
8.829665,0.037641483998915856,,0
9.905935,0.19580886136248996,,0
7.516433,1.3701923585223656,,0
8.704336,0.03250223188143134,,0
9.790095,0.1161903213340546,,0
10.21116,0.17375467408831408,,0
9.081484,0.035653022073074435,,0
8.930362,0.6590987351398416,,0
7.766417,1.9721129252034595,,0
7.583248,0.010960977904737613,,0
7.568896,0.023148491260399015,,0
7.90581,0.018637038110858574,,0
9.246286,0.00059281656888061,,0
9.076123,0.007339705349521248,,0
9.509259,0.00557894308127587,,0
9.501741,0.12060666151279853,,0
10.24736,0.1247813193291388,,0
7.649693,1.619619386400018,,0
9.697447,7.50988863792852e-05,,0
9.896765,0.08536093723542806,,0
9.06543,0.4383096700293042,,0
8.6174,0.0003624291041142161,,0
9.981282,0.10660721804027067,,0
9.826714,0.0006890730345907138,,0
7.637716,0.01721380941158815,,0
9.620461,0.01006268818181197,,0
8.306719,2.841463363645708,,0
9.981837,0.0006163261177909176,,0
9.169831,0.06490017780248522,,0
9.015784,0.6860481821678415,,0
9.209239767,0.0853475604820807,,0
7.903596,2.0202581508122757,,0
7.550661,1.864455820731838,,0
9.276877,0.6875683878508597,,0
7.568896,0.016834487440275384,,0
7.585281,2.822392161126247,,0
8.988446,0.003947419975216584,,0
10.28514,0.0009305883387095968,,0
9.042632,0.5643999035417969,,0
8.228177,2.970506879268117,,0
9.429476,0.03939650447370033,,0
10.41214,0.18316864413604003,,0
10.10704,0.11440010607849373,,0
9.432844,0.00048628716424330723,,0
9.309914,0.0004556822497713697,,0
9.024854,0.4813317563546533,,0
10.11083,0.1092768750220063,,0
7.512071,2.339655645795197,,0
10.0429,0.0006734083292834198,,0
9.122711,0.004843216317563365,,0
7.429521,1.6118925025644355,,1
7.754053,0.01935440181454856,,0
7.837554,0.020086367060162993,,0
9.30556,0.007748555307360076,,0
7.390799,1.9135733160435693,,0
9.977342,0.08874599043755732,,0
8.965845,0.4538505652462755,,0
8.309677,0.02518521767401528,,0
9.996887,0.0006559328825442816,,0
7.52564,0.015441053064273675,,0
9.217415,0.7703241440291823,,0
8.521185,0.02334237325267424,,0
7.750184,0.017604407681543262,,0
8.236156,3.4328642736151216,,0
8.043021,0.018696694656104663,,0
9.563389,0.834502690839338,,0
9.286746,0.005331413713667525,,0
10.18829,0.0013028888131337586,,0
10.23286,0.0007769818993399368,,0
7.58121,1.0850809732063988,,0
9.250522,0.5309001457341017,,0
9.807362,0.12336769431753682,,0
8.462103,0.026260936378032687,,2
9.47884,0.8459618964493097,,1
9.40253,0.934330004866725,,0
9.596894,0.0005731571114712946,,0
9.992093,0.0007147513033196899,,0
10.01476,0.10479960765008224,,0
10.28038,0.0010629674574659334,,0
7.383989,0.011742006065228287,,0
8.065894,3.220937936475759,,1
10.1708,0.20099862387209552,,0
10.22662,0.0008137951450791574,,0
9.884407,0.13366655680541306,,0
10.163,0.0006746288520548711,,0
9.792333,0.13989803609500912,,0
9.489713,0.006504891888130302,,0
9.517457,0.0886262098119734,,0
9.074062,0.4087160670718316,,0
9.60245,0.0007627515975634535,,0
9.21164,0.00041805939208899704,,0
8.489822,0.00022704419042360319,,0
9.20140053,0.046997469958798374,,0
10.15203,0.0007368641040459103,,0
10.0429,0.0008768639731838143,,0
9.431562,0.0005026391315784763,,0
9.889236,0.1533335878931091,,0
9.241257,0.7950443839995901,,0
8.521185,0.023328372029509575,,0
9.638023,0.00045571535865482403,,1
8.626227,0.000281593228228643,,0
9.620926,0.08568328876445296,,0
9.969697,0.15892828952726548,,0
7.402452,1.132047267254394,,0
9.480673,0.7707947392511953,,0
8.394347,4.306392901612387,,0
9.1032,0.09102716123502048,,0
7.903596,1.9332940325369787,,0
9.074062,0.06749278494268601,,0
9.177094,0.00584146818403331,,0
9.137017,0.6199210972064656,,1
7.568896,0.014863813071511082,,0
7.90581,0.02048823659888569,,0
7.903596,1.9332940325369787,,0
9.982206,0.0009725830918682896,,0
7.550661,1.7938591079144819,,0
7.649693,1.0275642285510458,,0
8.562931,0.0002431854178911054,,0
7.786967,2.882500252985068,,0
10.05462,0.0008859524271181236,,0
8.136811,4.628931146016776,,0
8.521185,0.019604719017700136,,0
7.589842,1.3756539583728908,,0
9.268609,0.8935841418717583,,0
7.949091,4.2324275312810204,,0
9.827686,0.0009938581746044238,,0
8.767952,0.03749933748516583,,0
7.76811,0.017076503289072884,,0
9.250522,0.5814784745097625,,0
9.677465,0.00046999519838065003,,0
7.724888,0.02069620539699202,,0
8.636397,3.5796184612091344,,0
8.612503,0.38859431536512057,,0
9.563389,0.8070099256120057,,0
7.841493,0.017718996614218052,,0
7.707063,0.01410172977372827,,0
8.424200325,0.00029248768954797196,,0
8.98507,0.0057466903162225825,,0
9.372714,0.7269648058545956,,0
8.377701,4.039947725546359,,0
9.269175158,0.08278312299748185,,0
10.0429,0.0006734083292834198,,0
9.20140053,0.11623264809147417,,0
9.594718,5.046836365639912e-05,,0
9.276877,0.7206555600539009,,0
10.34003,0.0008418728440632179,,0
10.27602,0.0009630592963647118,,0
7.688455,2.5733067043921016,,0
9.304286,0.004528415148916163,,0
7.680637,0.015629320879787273,,0
9.97278,0.000698488140572999,,0
6.359574,0.4558509878499679,1.0667339392320936e+198,0
9.929837,0.0006858894064618492,,0
7.395722,1.6213118914123668,,0
9.578311,0.0007483843740643943,,0
9.174713,0.6784676117913813,,0
8.362409,0.025091974157726224,,0
9.521422,0.0005179670811957862,,0
8.205492,0.04271015216999894,,0
7.76811,0.01870336477071572,,0
7.400621,1.4794400873049813,,0
9.181118,0.005125326016661074,,0
9.961426,0.0008245287855339992,,0
8.304742,0.021564946317112508,,0
9.269741,0.00626995984047439,,0
10.22807,0.14803618837701205,,0
9.996887,0.0008546213202328998,,0
10.20218,0.1811339163589363,,0
9.480673,0.7354055468485238,,0
9.634366,1.1345576943831395,,0
9.550449,0.06972067198192128,,0
9.009203,0.00509616652935078,,0
10.40726,0.11638775923361006,,0
8.392763,0.038606524161550915,,0
9.263217,0.6497447174994709,,0
9.015784,0.714760743097212,,1
7.489971,0.01573105739082357,,0
8.240385,0.03539232394425456,,0
8.47658,0.023117650951622423,,0
9.078749952,0.06471263692602475,,0
9.424726,0.7018796950810358,,0
8.392763,0.03694466608067505,,0
8.927447,0.5249240249910123,,1
9.598117,0.0006810410498527875,,0
10.11083,0.07673706202925049,,0
7.786967,1.333968135700843,,0
9.566545,0.014175131046339353,,0
10.09394,0.11299096431062619,,0
8.17611,0.028995357167841344,,0
9.542302,0.04413889751358716,,0
9.072571,0.0560895960347568,,0
7.336286,0.994242764884703,,0
10.09658,0.17059748625236415,,0
9.523617,0.0714152012241038,,0
7.512071,2.132945223417744,,0
9.301369,0.00428706822839388,,0
9.960529,0.13690143851058945,,0
8.17611,0.03350972581424626,,0
7.688455,1.1890940650020487,,0
9.245804,0.006415621687281413,,0
9.525808,0.0004136379273924988,,0
9.169831,0.0496923184766776,,0
10.00969,0.000601440631945678,,0
9.074062,0.03441597005472082,,0
8.930362,0.47860391185828177,,0
7.81843,0.013140308508110737,,0
7.550661,1.968888608415021,,0
9.229162126,0.0005388733544719599,,0
9.562475,0.006057277503349838,,0
9.1072,0.10534662374288839,,1
9.536546,0.06892198860550353,,0
9.286746,0.006633393013914829,,0
9.559658,0.00784624068849624,,0
8.6174,0.00017765240856715506,,0
7.550661,2.351302019053743,,0
10.10704,0.10040399589381432,,1
5.843544,0.18528176911948666,2.691137911772385e+117,0
8.290293,0.03219184967910253,,0
9.583489,0.0006752613241974536,,0
9.242227,0.9059652530883037,,1
9.008224,0.0058595193955874566,,0
9.151969,0.005255473133203048,,0
9.436519,1.2170827980436933,,0
9.453992,0.006993371845536363,,0
9.983592,0.000776661352988847,,0
9.894497,0.17734524474407096,,0
9.253208,4.842923231178871e-05,,0
9.677465,0.000536315430887817,,0
7.585281,2.692808791988412,,0
10.05462,0.0007099277861153585,,0
8.939974,0.4195796968398734,,0
9.463431,0.0053789972812340525,,0
9.954988,0.2047815199174739,,0
10.39001,0.1873867678305909,,1
10.03907,0.10757829914426868,,0
8.663024,0.02760313113988836,,0
8.392763,0.024678225149316852,,0
7.552237,0.01455279519717791,,0
8.47658,0.029049359538976666,,0
8.177235,4.4312615636283805,,0
8.964823,0.5401131367467011,,0
9.269175158,0.06020312203897207,,0
8.571681,0.00028978526828721653,,0
9.899429,0.113393104620719,,0
8.432289,0.2759038337620904,,0
7.638198,0.018323578865204863,,0
9.560293,0.0066388339707033036,,0
9.29716,0.004875309700142186,,0
9.559658,0.005766322470761909,,0
9.981282,0.1212859791291985,,0
8.304742,0.02600448805810418,,0
9.499047,0.06000480711644824,,0
9.97278,0.0006121137921608845,,0
8.240385,0.026896467516463397,,0
7.76811,0.01650401099444422,,0
8.989195,0.5088347324212631,,0
7.438972,1.3519630232543767,,0
8.423761,0.019180281731624067,,0
7.81843,0.015774338771618678,,0
10.26535,0.13319640551442302,,0
8.907206,0.6429469690167879,,0
9.463431,0.004280637631630048,,0
9.240482,0.0003919919238706368,,0
9.113389,0.04480178822204118,,0
7.448334,0.02252491038891536,,0
6.555357,0.728016032301072,5.775428746331274e+242,0
9.884407,0.13366655680541306,,0
9.266153,0.0004823646767998434,,0
8.006368,0.022779009829972666,,0
9.987185,0.0010263076800680786,,0
9.570529,0.0931832498129812,,0
9.5261,0.007767647269083304,,0
7.90581,0.02048823659888569,,0
9.60245,0.0006947363479148345,,2
10.39001,0.17878335366236067,,0
9.559658,0.00784624068849624,,0
7.654917,1.864354625527167,,0
9.288227,0.005325044980527473,,0
9.981282,0.12750444425419216,,0
8.927447,1.0325157075228548,,0
9.31551087,0.0005236042673669186,,0
9.266153,0.0007210441853630207,,0
8.61559,0.0034725409989029977,,0
10.44973,0.0009527558156144752,,0
9.338382,0.06758658238863885,,0
9.421573,0.005944768210842629,,0
10.39946,0.0007034008714769869,,1
8.432289,0.21910528694727505,,0
9.713839,0.005258311846108836,,1
9.152605,0.00033779875216988773,,0
9.123474,0.6740587636796974,,0
8.781402,0.7664189038005765,,1
9.662689,0.0006550938405648226,,0
9.169831,0.04719794546423256,,0
7.516433,1.1362701926540733,,0
7.526179,0.025522765591901652,,0
9.987185,0.0012807778451687992,,0
9.112617283,0.05850070474040632,,0
8.552367,5.662247488345735,,0
9.445017,0.05219120968886228,,1
8.950533,0.4471677136076154,,0
9.842729,0.0006629832827421873,,0
10.1491,0.0010539736546932978,,0
9.537628,0.06910032542182741,,0
10.16238,0.0008089214243944922,,0
7.473637,2.3300403327550274,,0
9.987185,0.0010263076800680786,,0
9.827686,0.000634345979759675,,0
8.006368,0.02859807736127158,,0
9.792333,0.16059952496844584,,1
9.255313738,0.0004586364073287731,,0
9.459074,0.06682157933799125,,0
7.568896,0.012889713704940967,,0
9.29771,0.0076993087268106605,,0
9.97278,0.0006674191104815351,,0
9.372714,0.7902726924827884,,0
10.27794,0.14103920793165148,,0
10.20278,0.0006372591145038892,,0
9.770756,0.0791570448997787,,0
9.204423,0.05927764704150129,,0
7.512071,1.7014890145816661,,0
9.677465,0.0005874096684932653,,0
7.697575,1.5730565721028145,,0
7.594381,1.3796674675291773,,0
9.463509,0.08394027959339871,,0
9.212039,0.7694962944263496,,0
7.729296,0.016467029022716472,,0
9.344434,0.006403862271640967,,0
10.17519,0.21953724930837584,,0
8.795885,0.0002497870458097772,,0
8.043021,0.03045185012888023,,0
8.136811,2.027140111052459,,0
7.568896,0.01473063893639973,,0
7.690286,1.4985039931943314,,0
9.250522,1.260260789211164,,0
10.34538,0.0014647457115748788,,0
9.306378,0.07142175619199961,,0
9.453992,0.008364217798941085,,0
9.068316,0.5262979210386731,,0
8.6174,0.00020443066679312185,,0
9.25033,0.004753747573151859,,0
7.76811,0.02461124474459506,,0
10.41214,0.13340735689895247,,0
8.304742,0.021564946317112508,,0
8.325064,3.336426985494504,,0
9.263217,0.00454510565893932,,0
8.136811,1.765839098723239,,0
10.15203,0.0007700099866786616,,0
9.453992,0.006993371845536363,,0
9.960529,0.09076386464986122,,0
7.844241,0.02537550708091192,,0
9.30556,0.004953064193419588,,0
8.438799,0.0352275085943481,,1
7.552237,0.02276633898907044,,0
7.707063,0.011843716441549313,,0
9.548525,0.94442048353078,,0
8.638348,0.5477232032335612,,0
7.649693,2.0439642356924645,,0
10.08739,0.1469665109447155,,0
8.754161,0.04793941913791568,,0
8.304742,0.021564946317112508,,0
9.097843,0.004139010183228038,,0
10.18599,0.0006567040994162878,,0
8.853237,0.00034182852231864506,,0
7.90581,0.016990441088478803,,0
7.825645,1.670305715148442,,0
9.276596,0.6009260192427383,,0
7.955776,0.020531264738778292,,0
8.658866,0.03564966611508455,,0
7.615298,0.016886329784999113,,0
8.17611,0.02535144472427273,,0
9.276596,0.6009260192427383,,0
10.00143,0.0007170108338712992,,0
9.781433,0.09661854465281643,,0
8.067149,0.03159429376308604,,0
9.04523,0.711594497221666,,1
8.562931,0.00020193062321233342,,0
9.266153,0.000321726053802739,,0
8.065894,2.8311205908003116,,1
8.237479,2.3948722927946866,,0
10.29458,0.0009762785396332195,,0
9.560293,0.009033467949325531,,0
7.448334,0.02252491038891536,,0
9.333708,0.05623983028186499,,0
8.117909,0.023911617541148723,,0
7.680637,0.014291267604339788,,0
10.07874,0.0007250676641631941,,0
8.907071,0.38878146852860107,,0
9.492507,0.005268146058456862,,0
8.529912,0.023557691495026626,,0
8.489822,0.00023997738026512852,,0
9.348362,0.006617226851122387,,0
9.007857,0.4124198816213874,,0
10.09658,0.11412643356600513,,0
9.596894,0.0003511311745018151,,0
9.276877,0.7206555600539009,,0
10.28804,0.10260884367064756,,0
8.362409,0.021744221418632508,,0
9.204423,0.05102074363232946,,0
8.004032,2.7215392560706273,,0
10.04533,0.10789688755291421,,0
9.139489,0.007782369332313171,,0
10.05264,0.0007474559430905773,,0
9.372714,1.3704275716949372,,0
9.138414632,0.00041626745074362163,,0
10.28449,0.0008813365296153731,,0
9.250522,1.260260789211164,,0
7.615791,2.798113686691846,,0
8.795885,0.00033937603421671763,,0
10.11062,0.0006208714919455886,,0
10.28514,0.001161325156518969,,0
8.529912,0.027124906636994277,,1
9.471319,0.0058878832210564275,,0
10.29458,0.0007114804462109347,,0
7.623642,2.260965265914968,,0
9.968151,0.0006136413749172289,,0
7.90581,0.02673974130046101,,0
8.043021,0.03045185012888023,,0
9.229162126,0.0005156769891387158,,0
8.47658,0.025244200248365562,,0
5.921578,0.2021775659931538,1.8688498529689953e+127,0
8.641532,0.003087002726815725,,0
9.266153,0.00036822730306142426,,0
8.228177,2.473990922175126,,0
10.37586,0.0011398623336157764,,0
7.619724,1.0896748436193642,,0
9.431081,3.5818777654344014e-06,,0
9.332292483,0.00035721357965332013,,0
9.1072,0.058396507895343286,,0
9.099185,1.0326072400300317,,0
7.628518,1.1365552286265308,,0
9.755741,0.10257939840434852,,0
8.371242136,0.00021462220131141522,,0
9.677465,0.0010010677691183695,,0
9.008224,0.0058595193955874566,,0
6.694562,0.005365304159694451,2.966073590177539e+279,0
9.263217,1.2248571983861798,,0
9.541728,0.1091984169724113,,0
9.181118,0.005613610727893694,,0
10.03907,0.10725604786544252,,0
9.04523,0.7447199359450928,,0
9.276596,0.8982710236639445,,0
9.204423,0.07408642283512874,,0
9.300821,0.0005709566364559169,,0
8.043021,0.023211474615113185,,0
9.39466,0.9305052126075862,,0
10.48111,0.1538686317677285,,5
7.516977,1.572619569537894,,0
8.438799,0.03230840042699546,,0
9.638675,0.00045213439206999586,,0
9.06543,0.8660352999186945,,0
9.350276,1.163948329275366,,0
7.688455,2.6930967166613646,,0
9.414097,0.6916489938992366,,0
7.512071,1.7091629685940186,,0
8.136811,2.027140111052459,,0
9.266153,0.00036822730306142426,,0
9.21164,0.0005007582795805353,,0
7.615791,2.9327645389287307,,1
9.236008,0.004887726110141313,,1
8.291295852,0.032698028845359196,,0
9.381264,0.0771068040735244,,0
8.626227,0.00021528518187189288,,0
7.955776,0.023362889240561763,,0
8.17611,0.018479014179192448,,0
9.209239767,0.04766664401175725,,0
10.0745,0.1212052793725136,,0
9.899429,0.11210776359211881,,0
10.16157,0.0011116487944881732,,0
9.445017,0.05219120968886228,,0
9.534595,0.005208029041486273,,0
9.842729,0.0006629832827421873,,0
9.39466,0.8843276847072081,,0
9.884407,0.12714756190500498,,0
8.769818,0.046206219760800284,,0
9.266153,0.0007210441853630207,,0
9.113389,0.09680978310352868,,0
9.414097,0.9482124615284265,,0
7.468513,1.8576856968724897,,0
9.655411,0.11684517618255486,,0
10.10704,0.11474382171239339,,0
9.100302,0.0047941593004978324,,0
10.10704,0.23691513721858876,,0
9.04523,0.5659514079256007,,0
8.562931,0.00019352838398340307,,0
9.069353,0.6628575948750071,,0
9.345221,0.006122910434592149,,0
10.163,0.0007698245954975164,,0
9.436519,1.337038169379044,,0
9.254262,0.9643331086421447,,0
9.477998,0.8452440516012564,,0
9.068316,0.5799068239116323,,0
9.426338,1.1047743361550866,,0
9.069353,0.526873339994486,,0
9.097843,0.005173020081901178,,0
10.0429,0.0009589624086706918,,0
9.096836,0.005947794082202655,,0
9.104091,0.6575318708840552,,0
7.568896,0.021294090780328054,,0
9.957739,0.0006598517961355872,,0
9.842729,0.0005576601771276189,,0
7.707063,0.014165330552135137,,0
9.217415,0.4879980415061159,,0
9.662689,0.0007901149912488257,,0
10.16157,0.0008435334797227748,,0
7.90581,0.015710839639176306,,0
8.465479,0.028936175499835584,,0
9.499047,0.08313158198537449,,0
8.927447,1.0325157075228548,,0
7.638198,0.020940575598859982,,0
9.501741,0.10480846265924884,,0
9.483873,0.07504193418667193,,0
9.382022,4.260557896599616e-05,,0
7.707063,0.022193455960021913,,0
9.6839,0.000642742653331721,,0
7.90581,0.018637038110858574,,0
7.568896,0.014797076183306201,,0
9.492507,0.005752752920944565,,0
9.532134,1.016024885954494,,0
9.662116,0.005050439118106064,,0
10.14002,0.0006073229160181202,,0
9.420277,0.9527474455788032,,0
9.655411,0.08070897455866102,,0
9.173054,0.0005406709380065004,,0
7.568896,0.014797076183306201,,0
9.490091,0.09072296169596732,,0
7.90581,0.013614710968514618,,0
8.699181359,0.000514959759218859,,0
8.305484018,0.024113060116029403,,0
9.702717,0.006164179180835546,,0
7.512071,2.4544525896009164,,0
9.537628,0.07557000462208857,,0
9.072571,0.04893291808153096,,0
8.122074,2.0027123938093965,,0
9.586171,0.8567737749316623,,1
10.09601,0.0008056901847160636,,0
10.60574,0.000982614025366612,,0
7.766417,1.6439559779008028,,0
9.151969,0.0003519627387322824,,0
9.305378,0.006204399594102877,,0
9.122929,0.0058110400271908615,,0
9.489713,0.00569195908484368,,0
9.143025,0.003968083380080906,,0
9.139489,0.007782369332313171,,0
8.927447,0.5972008791695991,,1
8.756997,0.027539833817823853,,0
8.228177,1.8688674481175815,,0
8.438799,0.03230840042699546,,0
9.655411,0.09716881027205299,,0
9.173053787,0.0005406708431586776,,0
9.183071945,0.07217829269169042,,1
9.822169,0.1566613217937482,,0
9.842729,0.0008361012977495364,,1
9.096275,0.7468658012150157,,1
9.096612,0.00454912257900252,,0
9.559658,0.005766322470761909,,0
9.492507,0.005752752920944565,,0
9.521934,0.1398991535492231,,1
7.707063,0.022409779958066863,,0
7.3473,1.9856815899929254,,0
10.05462,0.0007099277861153585,,0
9.273597,0.0003888786108430086,,0
9.318836,0.00028119050424999333,,0
9.008224,0.0058595193955874566,,0
10.4254,0.0012864581973061776,,0
7.673223,0.02481014255813816,,0
8.304742,0.021564946317112508,,0
8.725507,0.00033748363801031946,,0
8.237479,2.7492548381573494,,0
9.842729,0.0008361012977495364,,1
10.09055,0.14161298684127915,,0
9.770756,0.09046235427587894,,0
9.393578,0.07819666526294586,,0
6.437752,0.5616194649777781,3.2369127036123466e+215,0
9.31551087,0.0006271816327280778,,0
7.468513,1.420247942849245,,0
9.022443,0.8283232261151156,,1
7.422971,1.8973919194747504,,0
8.432724,0.04203259322980414,,0
8.304742,0.033861177130827196,,0
7.649693,1.306551436604218,,0
9.501741,0.10038718093666368,,0
9.894497,0.17734524474407096,,0
9.510963,0.0006733116479762526,,0
9.960529,0.16398275010185334,,0
10.47802,0.001169327397103773,,0
8.392763,0.02475237098791333,,0
10.11241,0.1744743991215518,,0
9.983592,0.0011176733262193467,,0
9.169831,0.06490017780248522,,0
8.237479,3.0156937614730572,,0
10.05462,0.0007099277861153585,,0
7.707063,0.011843716441549313,,0
8.430109,0.031991859413726134,,0
10.01619,0.000796026255418266,,1
10.28175,0.11172938486015105,,0
8.362409,0.03406764273260442,,0
9.269175158,0.054555809873647686,,0
8.418698,0.021984356936955968,,0
7.786967,2.882500252985068,,0
10.10283,0.10456622470175163,,1
10.41214,0.1524607645229995,,0
7.454141,0.01104976999884306,,0
9.477998,1.398457893866087,,0
9.563389,0.9608669670420082,,0
8.498622,0.0002418630204398687,,0
9.297802,1.0564739725628844,,0
9.173054,0.000492902234025041,,0
8.236156,1.988528619161664,,0
8.342363,2.234097222555458,,0
8.228177,2.473990922175126,,0
9.792333,0.08889126166023015,,2
7.697575,1.0415610401200575,,0
9.889236,0.09323431689856444,,0
8.6174,0.0002794235917122981,,0
8.423761,0.04160759647507325,,2
7.550661,1.968888608415021,,0
8.638348,0.5465741913914637,,0
8.905851,0.42398937643758566,,0
7.285507,0.7790744514441045,,0
9.069353,0.762772771853294,,1
8.342363,3.526610527639664,,0
7.766417,1.433193998335943,,0
9.334591,0.005106116360012738,,0
9.730146,0.0005347168657024939,,0
7.46451,1.2823676466551837,,0
10.09349,0.000771404837726886,,0
9.177094,0.004862157000043349,,0
9.332292483,0.00044712306290091636,,1
7.637716,0.01576373319850418,,0
9.234057,0.7215845928743855,,0
10.32401,0.10778918540655413,,0
8.827761,0.004557082789937802,,0
10.32401,0.09366994054930243,,0
7.383368,0.8418606880084668,,0
10.05989,0.0010235395247900126,,0
9.07875,0.06471264019560649,,0
9.365205,0.004134125582722377,,0
7.74023,3.5620244101877625,,0
9.477922,0.006845980331367513,,0
8.529912,0.023557691495026626,,0
9.300821,0.0004358565884259885,,0
9.792333,0.08486093379429688,,0
10.09349,0.0008423649200728495,,0
9.527557,0.0006173141310582155,,0
10.10769,0.0006195134668043499,,0
7.872074,0.02386811179354657,,0
9.566545,0.006855073907227662,,0
9.753246,0.0005443824056409382,,0
9.301369,0.00428706822839388,,1
9.549808,0.000504971218925669,,0
9.684025,0.005323796385919253,,0
7.615791,2.9327645389287307,,1
9.677465,0.0005112314783019658,,1
10.09299,0.16270006530858436,,0
7.786967,1.6936027437839352,,0
9.480138,0.01018410168045599,,0
9.807362,0.07838787664289933,,0
9.900984,0.13602811070320367,,0
8.423761,0.025261531844370723,,1
8.767952,0.004328942412986999,,0
9.675583,0.0008327663543968553,,0
7.825645,1.400748410394173,,0
6.320768,0.42930826420705553,4.326860975241516e+190,0
9.625096,0.0058589670088720555,,1
10.52291,0.0009596624455132692,,0
8.325064,3.336426985494504,,0
9.236982,0.0046628360660490534,,0
8.822027,0.3122601425312543,,0
9.818202,0.09432307956291457,,0
9.137017,0.5941264689379605,,0
9.209239767,0.0853475604820807,,0
9.073718,0.004109480118220848,,0
10.16501,0.0007709755977056571,,0
7.58121,1.707370749580876,,0
9.429476,0.03939650447370033,,0
9.633776,0.0753702716940826,,1
9.16178,0.006667630994732329,,0
9.169830829,0.06210647092103628,,0
9.042632,1.1670833463678645,,0
9.602788,0.7217831299408434,,0
7.707063,0.019433482274063628,,0
7.697575,1.5098655209601055,,0
9.150272,0.006823476147790412,,0
10.16204,0.1652837695849172,,0
9.981837,0.0009723115088206033,,0
9.857862,0.11280380257196261,,1
9.792333,0.08889126166023015,,0
9.255313738,0.0006334985781070755,,0
9.594718,5.046836365639912e-05,,0
9.499047,0.06000480711644824,,1
9.173054,0.0005666891097943535,,0
9.770756,0.10409810682247428,,0
8.362409,0.029810123194344496,,0
9.957692,0.16353695644623384,,0
9.548525,0.94442048353078,,0
8.918115,0.003955534090802361,,0
7.949091,1.9586896679523418,,0
9.792333,0.08486093379429688,,0
9.973666,0.14487289067591858,,0
8.489822,0.00020854287800606305,,0
7.750184,0.020148892158243066,,0
8.571681,0.00033346576103630756,,0
8.698347,0.5094415403597472,,0
10.04429,0.000885716966418861,,0
9.822169,0.09115727297721293,,0
9.204423,0.07741900459951358,,0
8.907071,0.8778865825148401,,0
10.23599,0.16173410938841143,,0
8.432724,0.02127314218111091,,0
10.0745,0.22951895802576688,,0
8.521185,0.0225598167421706,,0
10.4146,0.0010567122568498875,,0
7.559559,0.008940612672216993,,0
8.61559,0.05192947781843102,,1
7.81843,0.021528647526844122,,0
7.619724,1.3091516645569434,,0
8.444407422,0.0001595125796880706,,0
9.97278,0.0006674191104815351,,0
9.542733,0.0991142320601116,,0
8.232972,0.01470158346039354,,0
8.246434,4.164986008064829,,0
9.40253,0.5963511670988136,,0
9.473704,0.004523557443904783,,0
9.499047,0.08687103630867808,,0
7.707063,0.018583934461398024,,0
7.654917,2.253343127530553,,0
9.243097936,0.05092741784491861,,0
9.334591,0.006362612779883404,,0
7.844241,0.024502727077610777,,0
9.477922,0.007475729205491995,,0
7.688455,1.3612341170492264,,0
9.549523,0.0047971437474198545,,0
10.09349,0.0008423649200728495,,0
7.754053,0.019296425616883554,,1
9.234252,0.5992934746693244,,0
8.641532,0.003243330159123669,,0
8.98507,0.005262594162241433,,0
8.47658,0.025244200248365562,,0
9.638675,0.00045213439206999586,,0
9.422221,0.004938843210925329,,0
7.81843,0.01722539057145648,,0
8.043021,0.03672092484622867,,0
8.626227,0.00018708509681213147,,0
9.072571,0.08827441735069387,,0
8.290293,0.02446426068411402,,0
9.885934,0.13314310251626052,,0
7.550661,1.2435487972982437,,0
9.590761,0.000402111850663648,,0
9.220885,0.0036874924993108783,,0
8.907206,0.8397147463816236,,0
9.981837,0.0007092274190832895,,0
9.686761,0.007987044713036713,,0
9.480673,0.005214390000695807,,0
7.58121,1.638784181068527,,0
9.39466,1.0634011452175147,,0
10.28175,0.16102823800677132,,0
9.07875,0.08112219098511499,,0
9.444384,0.052393032088989586,,0
9.477922,0.007475729205491995,,0
8.551981,0.046847692998668845,,0
9.147401,0.006024884053241963,,0
8.430109,0.021210184708908106,,0
7.750184,0.019227649228905644,,0
7.903596,1.5215435312316705,,0
9.237177,0.0067072118908798415,,0
8.043021,0.018696694656104663,,0
7.473069,0.8613617340970068,,0
9.62298,0.000513919954119451,,0
9.143025,0.003968083380080906,,3
7.568896,0.01698668167397991,,0
9.167224,0.0048155606177116205,,0
9.246286,0.00036426623816048404,,0
9.113389,0.09680978310352868,,0
9.445017,0.05203487068555489,,0
9.664532,0.0005264831512858398,,0
10.28038,0.0013365136703713154,,0
7.841493,0.023003291608303902,,0
9.900984,0.1554558177038023,,0
7.628518,1.1365552286265308,,0
8.430109,0.02027891096063599,,0
8.907071,0.8039341864674333,,0
8.291295852,0.027298037035054148,,0
9.152605,0.00033779875216988773,,0
9.770756,0.09046235427587894,,0
9.483873,0.1348478464881539,,0
7.429521,0.8935159942304499,,0
9.473704,0.007716020326707999,,0
7.454141,0.009602366832731996,,0
9.266153,0.00036822730306142426,,0
9.162934,0.614654309034649,,0
8.006368,0.029616732549109178,,0
9.616005,1.021746437252471,,0
9.542733,0.06935047833515476,,0
9.697447,0.006209314175837952,,0
8.6174,0.00022323585991639353,,0
9.451245,0.08663582034857494,,0
9.162934,0.842657013166577,,0
10.28148,0.0008053106427388357,,0
9.996887,0.0012824896034175743,,0
9.35496,0.08650993171310287,,0
9.096275,0.7468658012150157,,1
8.006368,0.029616732549109178,,1
10.2755,0.11642752553733912,,0
9.646593,0.0005982945142097424,,0
10.35727,0.0007448738173935221,,0
8.529912,0.01979743472375386,,0
9.596894,0.0004187021760546718,,0
7.383989,0.012304593822839693,,0
10.01476,0.10511447854321908,,0
9.306104994,0.00030390165447380965,,0
7.955776,0.022487257907139933,,0
7.90581,0.013614710968514618,,0
9.755741,0.11235203565034274,,0
7.766417,1.6439559779008028,,0
9.88206,0.17496377705486252,,0
9.523617,0.0714152012241038,,1
7.516433,0.9528966174895858,,0
8.342363,2.9574790087044853,,0
8.769973,0.02993907425175269,,0
7.65681,0.01286068943946497,,0
9.138415,0.0005001100970869075,,0
6.437752,0.0020947296757038124,1.3670566613262567e+215,0
9.857862,0.21457300910424373,,0
9.042632,0.6190976712903679,,0
9.563389,1.2063275823868775,,0
9.266153,0.0004823646767998434,,0
9.827686,0.0008636732505075039,,0
9.266153,0.0004823646767998434,,0
7.50769,1.5485654296619389,,0
7.76811,0.01559114994315309,,0
10.28459,0.14798619363693438,,0
7.457609,0.017383538120543725,,0
8.304742,0.02600448805810418,,0
9.453992,0.008364217798941085,,0
9.07932,0.004960266108010242,,1
9.266153437,0.0003682274342592824,,0
8.886824,0.5482711626954385,,0
9.112617283,0.046807282556995136,,0
8.529912,0.029593429782981507,,0
9.349406,0.005595820844584537,,1
9.236008,0.0005617081821354687,,0
9.889236,0.12250059179909109,,0
7.628518,1.0014029416928647,,0
10.03513,0.16030330828870176,,0
8.362409,0.022913999149011065,,0
9.900984,0.12978270613995535,,0
10.35313,0.0008930069725788299,,0
8.136811,4.823626289694489,,0
9.852615,0.10730360299994786,,0
7.81843,0.014306078134462347,,0
9.013717,0.043936995998479014,,0
7.50769,0.9472700839945536,,0
8.41671,0.025253049472002284,,0
10.2023,0.0010407750030217407,,0
10.05989,0.0010235395247900126,,0
7.585281,1.5019808587928771,,0
9.634366,1.1345576943831395,,0
10.09394,0.20334577469710863,,0
9.204422898,0.056302119558855154,,0
9.620461,0.01006268818181197,,0
9.382443,1.269390881972099,,0
7.750184,0.012418028241032273,,0
7.697575,1.7284422820524725,,0
8.98507,0.004185491297487935,,0
10.18829,0.0008246336623195841,,0
8.56274,0.024526637044115826,,0
9.122711,0.003390844578114458,,0
7.697575,1.0914647351719433,,0
9.059982,0.5717380732111086,,0
7.512071,1.5642457495124429,,0
8.950533,0.4890348341760762,,1
9.896765,0.10240019191050792,,0
7.825645,1.6891182929399937,,0
9.62298,0.0005620369089596595,,0
9.492507,0.00901309490307845,,0
10.26945,0.16102196720300616,,1
7.987864,2.153888104423111,,0
9.300821,0.0003808148365218497,,0
9.493412,0.06917600515593715,,0
7.90581,0.015734423582170386,,0
8.136811,1.9340688331051024,,0
8.636397,3.5796184612091344,,0
7.844241,0.02537550708091192,,0
7.342779,0.012926645492988498,,0
9.473704,0.006751729737059133,,0
10.09658,0.17059748625236415,,0
7.541683,0.010006330868931991,,0
9.498222,1.8668254979916072,,1
9.284427,0.905543676098617,,0
10.28038,0.000882642072053187,,1
9.975483,0.0879789463928473,,1
7.638198,0.013177208297181551,,0
10.10144,0.0012038276756233485,,0
9.961426,0.0006332162899753931,,0
9.253208,2.6805406568152176e-05,,0
9.503607,0.8652435616931102,,0
9.251962,0.7983614433942011,,0
9.099185,0.595464744515085,,0
8.98507,0.007182331788104324,,0
9.924564,0.0007057799384499982,,0
8.618305,0.03922706631834335,,1
9.563389,0.834502690839338,,0
9.069583,0.04672141024125787,,0
8.17611,0.018479014179192448,,0
7.619724,1.0913105823821567,,0
10.07979,0.13382088047348106,,0
8.95157,0.46920549924891947,,0
9.318836,0.00033530225899886315,,0
10.14843,0.001049662512398381,,0
9.842729,0.0008737111030475979,,0
9.069353,0.6628575948750071,,0
9.463586,0.7228367078975322,,0
9.113389,0.09680978310352868,,0
7.90581,0.018609103509880758,,0
9.618801,0.005821340965661144,,0
7.585281,2.822392161126247,,0
9.981837,0.0006485092293141543,,0
9.620926,0.06253696423482986,,0
8.41671,0.040912961486202055,,0
9.842729,0.0005576601771276189,,0
10.05989,0.0010235395247900126,,0
7.766417,1.188397212297984,,0
10.35727,0.0010135505399607554,,0
10.29819,0.0010695537097708434,,0
7.757051,0.020223399259826105,,0
9.318836,0.00033530225899886315,,0
9.424726,1.0996662622649944,,0
8.659733878,0.02287167306973696,,0
9.441531,0.0005323247116735011,,1
9.618336,0.0539298901224878,,0
7.628518,0.8702297327925035,,0
7.552237,0.02094255231218173,,0
9.002332,0.043513829097210986,,0
7.646354,0.012092089086782923,,0
9.47884,0.8107618157510367,,0
7.46451,2.0303497995292825,,0
7.390799,2.002652076307844,,0
10.14061,0.0008038399705081243,,0
9.541728,0.07941335607322536,,0
8.423761,0.04160759647507325,,0
9.034677,0.0003058135529199778,,0
10.07853,0.09260170563875489,,0
9.510963,0.0004903935810054764,,0
7.688455,2.5733067043921016,,0
9.618801,0.005821340965661144,,0
9.996887,0.0006233813626021429,,0
10.0745,0.22951895802576688,,0
7.955776,0.017026123372430552,,0
9.559658,0.00046395603838849563,,0
10.18829,0.0011322241392610955,,2
9.021719,0.04648532081753522,,0
9.957739,0.0007946607217702499,,1
9.420277,0.692875173847263,,0
9.444384,0.08233313236813412,,0
8.065894,2.2281521323563105,,0
7.76811,0.012512190911231996,,0
9.60245,0.0005765329066159331,,1
7.503841,0.02295680104838158,,0
9.492507,0.005268146058456862,,0
7.662468,1.6354808072815172,,0
9.929837,0.0008191083738148034,,1
9.488578,0.684978064674117,,0
7.619724,2.2537135968150914,,0
9.638023,0.0009706523790315055,,0
10.09658,0.17059748625236415,,1
7.649693,1.2391072677554718,,0
8.93142,0.5734125460877519,,0
9.548525,0.006726611294211089,,0
7.844241,0.020319569178631147,,0
7.903596,2.3312982486776503,,0
7.50769,0.9026043006315185,,0
9.309914,0.0006508607684236322,,0
7.724888,0.018867679320126122,,0
10.26085,0.0009913362735666689,,0
9.122055,0.8803599567989324,,0
7.903596,2.3312982486776503,,0
9.574428,0.011945568541319054,,0
8.798757,0.00021760361624285855,,0
9.680594,0.007613397459338023,,0
9.492507,0.005752752920944565,,0
9.977342,0.10142080515626371,,0
9.827254,0.09515739840250441,,0
10.29769,0.14979737176857508,,0
9.563389,0.834502690839338,,0
10.14282,0.0006359668949653362,,0
9.529812,0.09783916543707379,,0
9.852615,0.0857265198726826,,0
10.22973,0.14061246064571858,,0
8.205492,0.03255518494626213,,0
8.964696,0.0049090164528540784,,0
9.002332,0.07199371315072155,,0
9.289798,0.6323620953326411,,0
7.90581,0.018762325510310603,,0
9.372714,0.6935879597576,,0
9.380083,2.930457654473196e-05,,0
7.654917,1.864354625527167,,0
9.381854,0.08130378028468692,,0
9.302099,0.735615546975699,,0
8.362409,0.019972334487759227,,1
8.536015,3.3572828769689544,,0
7.65681,0.022069031330550288,,0
8.98507,0.004185491297487935,,0
7.562681,0.020100075076359223,,0
9.275847,0.00882510251748421,,0
9.29771,0.006408534060645981,,0
10.11241,0.15162009557312492,,0
9.490091,0.12389203316053125,,0
8.950533,0.4686863223819685,,0
10.29809,0.17135796291845523,,0
8.347353,0.028287885837090555,,0
9.212837,0.5884334994319902,,0
9.137017,0.7084590132133554,,0
8.362409,0.021744221418632508,,0
9.1072,0.058396507895343286,,1
9.160415,0.7005967834712387,,1
9.241257,0.9085936295560145,,0
7.682022,0.02595621026467497,,0
9.009203,0.0035465971559957873,,0
9.664532,3.602468589269394e-06,,0
7.473069,1.2933804176856882,,0
10.25446,0.0008659675907031649,,0
9.448175,1.1792203095352727,,1
8.236156,1.988528619161664,,0
9.169831,0.042770574879930745,,0
9.532134,0.7028567643385254,,0
10.1708,0.12829060750165844,,0
8.853237,0.00034182852231864506,,1
9.279307,0.005529305846651742,,0
9.929837,0.0008191083738148034,,0
10.05989,0.000820178518161966,,0
8.291295852,0.018098241812593546,,0
7.425358,1.021173825948974,,0
9.166179,0.00404463460795852,,0
9.957692,0.09051711945870372,,0
9.434843,0.005031131461651498,,0
9.173054,0.0005666891097943535,,0
10.29809,0.13002863805142822,,0
9.21164,0.0003834171299881437,,0
7.841493,0.023176464883398827,,0
7.611348,2.4108245457672117,,0
9.376956,3.4095822845779456e-07,,0
7.414573,0.020972246119421403,,0
8.065894,3.220937936475759,,0
10.163,0.0006455887497994049,,0
9.702717,0.008764898918958633,,0
10.16157,0.0011116487944881732,,0
9.022443,0.8283232261151156,,0
10.26945,0.19258561304151567,,0
8.551981,0.04910209810651156,,0
9.069353,0.5840345710550688,,0
9.664532,3.764516109826369e-06,,0
10.13974,0.1477719370675664,,0
9.057772,0.0062814949024963375,,0
9.138415,0.0004566093760398973,,0
7.512071,1.7091629685940186,,0
9.123474,0.6740587636796974,,0
9.08387,1.013073768050927,,0
10.28038,0.0013945398232283483,,0
9.969697,0.1732876778551007,,0
9.275941,0.6237795749104442,,0
8.246434,4.802866447344319,,0
9.39466,0.9268833095800798,,0
9.009203,0.0037116948165683665,,0
5.97381,0.002693575711797964,5.0761725308208e+134,0
8.641532,0.029420762390007477,,0
8.498622,0.0003031935967540988,,0
9.563389,1.2643784892595387,,0
9.686761,0.007987044713036713,,0
9.527557,0.0004939222029390398,,0
9.713839,0.006270211169553805,,0
8.325064,3.4812814875833964,,0
10.27794,0.16868581842726244,,0
9.532134,1.064918044741553,,0
10.29819,0.0007133675223848043,,0
9.47884,1.16325142871514,,0
10.07192,0.1991459625110634,,0
10.09658,0.17059748625236415,,0
10.09658,0.11412643356600513,,0
9.276877,1.4901935619201052,,0
10.12033,0.0009021458366946617,,0
7.654917,2.0450350892694766,,0
9.243097936,0.07002843959937652,,0
10.03907,0.09413396681712619,,0
9.072571,0.08827441735069387,,0
9.458606,1.14487787658218,,0
7.682022,0.018063817376245087,,0
7.583248,0.010944548762817372,,0
9.209239767,0.04766664401175725,,0
7.786967,2.2890984747985788,,0
9.276877,0.7904965543616284,,0
8.636397,4.738668644906865,,0
9.07875,0.03614203342007119,,0
7.550661,1.968888608415021,,0
6.694562,0.005365304159694451,3.3581460627645906e+279,0
7.688455,1.4105669662350953,,0
9.996887,0.0011144970105685396,,0
9.566545,0.966797530441544,,0
9.807362,0.12336769431753682,,0
8.529912,0.035692920717805734,,0
8.117909,0.026189653558414863,,0
8.122074,1.6608050565969916,,0
8.392763,0.024678225149316852,,0
7.647309,0.0106365370225833,,0
8.465479,0.028936175499835584,,0
8.444407422,0.00018174830468369532,,0
8.6174,0.0003624291041142161,,0
7.390799,1.9135733160435693,,0
9.981837,0.0009723115088206033,,0
9.334591,0.007644138212871628,,0
9.39466,0.9268833095800798,,0
7.642524,0.03148358518775978,,0
9.529812,0.11258685424027212,,1
10.4254,0.0013503892157526191,,1
9.168789,0.004059428129777716,,0
9.521422,0.0007069158893452662,,0
8.498622,0.0002418630204398687,,0
9.644458,0.006777820596423782,,0
8.432724,0.02217677004396475,,0
8.626227,0.000281593228228643,,0
7.58121,1.1370698129456944,,0
7.680637,0.01565278245288779,,0
7.541683,0.02258120627503004,,0
7.76811,0.011973590609161781,,0
9.493412,0.07520021245804319,,0
8.571681,0.00033346576103630756,,0
9.481588,0.6801710848916345,,0
10.18524,0.10733512452651002,,0
9.357898,0.006483619956544591,,0
7.649693,1.2391072677554718,,0
7.732808,3.5295178535119835,,0
9.905935,0.11291541361032267,,0
9.078294,0.509269095990039,,0
10.09254,0.1622409111559576,,0
8.418698,0.03125974451712923,,0
8.347353,0.02951603428328565,,0
8.306719,2.841463363645708,,0
8.423761,0.020850600695600612,,1
9.960529,0.1492706707225523,,0
8.950533,0.4471677136076154,,0
9.398147,0.0004689793618582797,,0
8.17611,0.023026269572885956,,0
9.770756,0.09005618824062175,,0
9.755741,0.08975979135500352,,0
8.64453044,0.0002496292590583721,,0
9.303557,0.00584379295408928,,0
7.697575,1.0914647351719433,,0
7.654917,1.864354625527167,,0
10.08147,0.0007254637299003439,,0
9.549808,0.0006090506512446473,,0
9.096275,0.45754970273801066,,1
9.438909,0.0006101808000876075,,0
9.097843,0.0038280543560108974,,0
8.304742,0.021564946317112508,,0
9.899429,0.09853980553301163,,0
7.955776,0.017026123372430552,,0
9.444384,0.07182794504473242,,0
10.10908,0.13758345002145825,,0
7.987864,2.450457224960216,,0
7.673223,0.029540214655525195,,0
10.10144,0.0006166252648482636,,0
9.600895,0.00521246887478431,,0
10.09055,0.12306318123102908,,0
10.48111,0.20277544771590605,,0
9.163249,0.7009864284556854,,0
9.241257,0.7619629572911815,,0
9.97278,0.0006674191104815351,,0
9.574428,0.009942916382122515,,0
7.81843,0.013268389690110467,,0
9.147401,0.006579101822737332,,0
9.730146,0.0006994101827735939,,0
7.688455,2.1339862878164664,,0
7.534763,0.01870858800040582,,0
7.841493,0.017718996614218052,,0
9.471319,0.0004331793419231088,,0
9.376956,3.4095822845779456e-07,,0
10.32401,0.15326636149426093,,0
7.585281,1.3669538668604713,,0
9.414097,0.6916489938992366,,0
9.903438,0.0006636165846645671,,0
9.169831,0.0621064819887928,,0
8.927447,0.5008233969363358,,1
9.996887,0.0006817468972191993,,0
9.47884,0.7735376308555529,,0
7.50769,1.5485654296619389,,0
7.707063,0.02676238799734361,,0
9.089189,0.0007172483839511018,,0
9.097843,0.0043251926081769015,,0
9.893942,0.1682014427943711,,0
9.662689,0.000660619805385179,,0
7.701652,3.1052079790377736,,0
9.365205,0.004134125582722377,,0
7.53048,0.011887494940643806,,0
9.008224,0.004862572339348215,,0
9.167224,0.0029501395372051537,,0
9.435242,0.006893399722487284,,0
8.347353,0.03843366048325021,,0
9.207536,0.07421481067010918,,0
9.792333,0.13989803609500912,,0
8.704336,0.03549205115392925,,0
9.247154,0.760209463685649,,0
7.468513,0.9915672210544505,,0
8.6174,0.00019399432000503388,,0
9.022443,0.7950487614376277,,0
9.532134,0.6797010858457861,,0
8.41671,0.03142007185039699,,0
8.309677,0.0395180378523751,,0
9.207536,0.8434188870251267,,0
9.981837,0.0006485092293141543,,0
8.228177,1.8688674481175815,,0
7.680637,0.0180121889695738,,0
8.426612,0.00015000746829220822,,0
9.096612,0.00454912257900252,,0
8.236156,4.124294512548355,,2
9.334591,0.005106116360012738,,0
8.761393,0.002883975121087661,,0
8.342363,3.0858810840703703,,0
8.342363,3.0858810840703703,,0
7.81843,0.015598651860588397,,0
9.166179,0.003391903318261529,,0
10.3728,0.0979867884416348,,0
8.362409,0.029810123194344496,,0
7.90581,0.018762325510310603,,0
9.753246,0.0005443824056409382,,0
10.28148,0.0009669319247543323,,0
8.240385,0.026896467516463397,,0
9.618801,0.005570755274889416,,0
9.188912,0.005135128628613368,,0
9.595331,0.0007280205965209833,,0
9.197356,0.07376558802198122,,0
10.39946,0.001097101475781559,,0
10.36287,0.2614335028226919,,0
8.304742,0.026911915414468947,,0
9.223553,0.004252607524724695,,0
9.008224,0.004077840609054831,,0
9.21164,0.00041805939208899704,,0
9.240482,0.0003919919238706368,,0
7.701652,0.01606577828007039,,0
9.660078,0.12255595931923874,,0
8.177235,3.688368874371311,,0
9.243097936,0.046150206687032326,,0
9.837187,0.07752392178043797,,0
8.562931,0.0002629395581813901,,0
9.542733,0.09090118561282537,,0
7.647309,0.013850134768104018,,0
9.792333,0.09765236182371954,,0
7.50769,1.0334771319720994,,0
8.693497,0.2789647050134836,,0
7.903596,1.946290592412636,,0
9.250522,0.6685251076946359,,1
8.17611,0.034964585959264084,,0
9.996887,0.0006233813626021429,,0
10.28148,0.0007363666015001045,,0
7.786967,2.882500252985068,,0
9.300821,0.0004358565884259885,,0
7.673223,0.02717378015997263,,0
7.90581,0.021446273421119516,,0
9.414097,1.0338847543145593,,0
9.600624,0.0770127476734985,,0
8.423761,0.025261531844370723,,0
9.288227,0.004861860378556831,,0
7.688455,1.1873117609667623,,0
8.807921,0.0045275650094214,,1
9.276596,1.1355493604751394,,0
8.93142,0.35128766048984533,,0
7.688455,1.1873117609667623,,0
8.98507,0.004768940161800186,,0
9.649885,0.007381712078347561,,0
9.560293,0.0060795844174318485,,0
9.825472,0.0006242134273194741,,0
8.627302,4.076697436664995,,0
7.673223,0.02717378015997263,,1
7.688455,1.4264541182347714,,0
7.903596,2.1994895279258584,,0
8.829665,0.02725145025482321,,0
7.589842,1.3872581208733321,,0
6.495266,0.007714712721910017,1.4323676828644345e+228,0
8.99293,0.004382985496324737,,0
7.837554,0.019189079270779945,,0
8.618305,0.026202818356440068,,0
9.884407,0.1268427736486392,,0
9.372714,0.8320379612293947,,0
9.266153,0.000321726053802739,,0
9.072571,0.08827441735069387,,0
8.927447,0.6560608460820659,,1
7.825645,1.52501870054679,,0
8.521185,0.02334237325267424,,0
9.770756,0.17130297790201715,,0
6.489205,0.004373992333257384,6.089579205427986e+226,0
7.628518,1.4441226268259904,,0
9.286746,0.007254459912620485,,0
9.47884,0.7735376308555529,,0
7.550661,1.0930470177106804,,0
7.90581,0.018762325510310603,,0
7.729296,0.011528937057146268,,0
8.56274,0.03227392902049928,,0
10.28148,0.0011033740635022465,,0
8.424200325,0.00019684617354504046,,0
10.04533,0.08229217516468397,,0
9.275941,0.6237795749104442,,0
10.03513,0.17610276162331878,,0
8.700015,0.32332158428644747,,0
10.28459,0.12840880750457218,,1
9.094256,1.0709101631020186,,0
9.015298251,0.05279587059700942,,0
8.311643949,0.016148684222939347,,0
9.770756,0.09046235427587894,,0
8.290293,0.03219184967910253,,0
8.065894,3.220937936475759,,0
9.436519,1.337038169379044,,0
10.40665,0.18998920063373206,,0
9.42311,0.007097509287491369,,0
7.697575,1.0415610401200575,,0
9.492507,0.007886705620695782,,0
7.81843,0.015774338771618678,,0
9.463431,0.0003766653987312289,,0
8.489822,0.0003754197262313186,,0
8.659734,0.023900498002386146,,0
10.28038,0.0008421176775289975,,0
8.362409,0.021744221418632508,,0
9.753246,0.0007451994878388532,,0
9.981837,0.0006485092293141543,,0
9.302099,0.7050069265104858,,0
9.489713,0.00569195908484368,,0
9.61153,0.005492687250403816,,0
9.094256,0.45248933129143326,,0
8.043021,0.03045185012888023,,0
8.41671,0.040912961486202055,,0
8.562931,0.0002323684338546036,,0
8.602086,0.6292762943306094,,0
8.839132,0.003661994158143528,,0
10.18524,0.128954024920477,,0
8.76155,0.032407989174461194,,0
9.770756,0.17130297790201715,,0
8.620291,0.533667726895809,,0
9.21164,0.00041805939208899704,,0
8.489822,0.0002715495615894312,,0
9.618867,0.005059069028514469,,0
9.924564,0.0008900730045905299,,0
10.08739,0.15403883471880248,,0
9.007979,0.4739355713690495,,0
9.309914,0.00541157656358,,0
9.212837,0.6704599170171693,,0
9.827686,0.000634345979759675,,0
9.306104994,0.000744865856700355,,0
9.649885,0.008410707534956636,,0
9.975203,0.0007050392858134451,,0
7.468513,2.5467841967745626,,0
9.601504,0.8699596712652594,,1
8.6174,0.00019399432000503388,,0
8.432071,0.030457202390923973,,0
7.533694,2.3012933860123863,,0
8.562931,0.00021133069658518845,,0
7.825645,1.4681552381174805,,0
9.694432,0.00617618778523395,,0
10.08427,0.0007269873403496273,,0
9.15440474,0.0003344661693731895,,0
8.347353,0.02372272977357021,,0
9.418979,0.7962657852794013,,1
9.414097,0.9482124615284265,,0
10.10908,0.16594072433341686,,0
9.549523,0.005465855703183465,,0
8.136811,2.2255987653891616,,0
8.304742,0.03066338098183572,,0
8.043021,0.02119248741968711,,0
7.663877,0.01537349699987669,,0
9.334591,0.008011989501357555,,0
7.642044,0.013276450056782164,,0
9.39466,0.891787323880652,,0
9.269175158,0.08278312299748185,,0
7.649693,1.9312957968718159,,0
9.266153437,0.00029418263299798637,,0
8.571681,0.0002341683250378561,,0
9.566545,1.9991734406884873,,0
9.430038,0.006471425076578805,,0
9.068316,0.7619397179130303,,1
8.117909,0.028513122799964735,,0
10.46442,0.0008804839482781505,,0
7.594381,1.3796674675291773,,0
9.122711,0.003390844578114458,,0
9.022443,0.4605417196068876,,0
10.18524,0.09392118234682924,,0
9.6839,0.0006716547314658313,,0
9.25033,0.006439386488052554,,0
7.766417,1.8606120985732393,,0
10.03924,0.09844330211093337,,0
9.008224,0.005365918618880496,,0
9.1072,0.10534662374288839,,0
9.499047,0.06611691918838619,,0
9.705159,0.0005480198224514927,,0
9.432844,0.0005798673220770296,,0
7.559559,0.014506605804445068,,0
7.402452,0.9811084593231264,,0
9.078749952,0.05662533490024679,,2
9.100302,0.005250894088106869,,0
9.489713,0.0052124734418097785,,0
7.750184,0.01679950307565106,,0
9.053336,0.004756000632989909,,0
9.618801,0.005821340965661144,,0
8.067149,0.020135340946141684,,0
9.143025,0.004146577114910658,,0
9.510297,0.0006171914385484373,,0
10.34003,0.000968771705686206,,0
9.770756,0.0791570448997787,,0
7.526179,0.014211774656810172,,0
9.166179,0.00404463460795852,,0
9.261129,0.05418614490261407,,0
7.526179,0.016388351731372482,,0
8.698014,0.004044344993003694,,0
9.471319,0.004703921619092077,,0
7.526179,0.013561987223679914,,0
10.10267,0.09474312242734668,,0
9.167224,0.004048119571571416,,0
9.541728,0.07941335607322536,,0
9.638023,0.0004956987588229113,,0
8.228177,2.9500809323578716,,0
9.240482,0.0003919919238706368,,0
6.495266,0.008386550140220259,2.0075976281405078e+228,0
9.975064,0.10126047328961096,,0
9.160415,0.5292349746110332,,1
9.289798,0.6115288699680134,,0
7.552237,0.01455279519717791,,0
8.131825,0.02105007689735328,,0
7.585281,1.5554809796056877,,0
9.924564,0.0009301105843596482,,0
8.471568,0.003345539889517688,,0
8.620291,0.533667726895809,,0
9.166179,0.003391903318261529,,0
8.423761,0.021952537976065233,,1
10.4254,0.0007167650756194489,,0
7.955776,0.016317674304920902,,0
8.562931,0.00022269969149428677,,0
8.043021,0.018724760742391076,,0
7.448334,0.013047829853535278,,0
9.684025,0.005323796385919253,,0
7.489971,0.02066904015715511,,0
9.451245,0.05010963775444889,,0
9.521934,0.07439002284154114,,0
9.065661,0.006424283978929209,,0
9.639717,0.06905507004784699,,0
9.59281,0.006508368994513218,,0
9.480138,0.005216506085641469,,0
9.169830829,0.049692309621201254,,0
8.043021,0.023211474615113185,,0
9.453835,1.0805568391752423,,0
9.969697,0.1903668673550767,,0
9.326967,1.088570890211316,,0
9.620926,0.07445968289270515,,0
9.15440474,0.0004777252309458297,,0
9.138415,0.00047858233657954377,,0
7.90581,0.02457797943159224,,0
7.844241,0.0161849924459491,,0
9.240482,0.004655205045610827,,0
10.41832,0.25292110466763645,,0
10.09349,0.0011462067797890895,,0
8.562931,0.0002323684338546036,,0
10.38381,0.26652567424985957,,2
7.955776,0.016317674304920902,,0
7.512071,1.3593460773330996,,0
9.269741,0.00626995984047439,,0
9.822169,0.1566613217937482,,0
8.17611,0.0333592708256992,,0
9.445017,0.000369839586979688,,0
10.02473,0.0007655318958217494,,0
9.300821,0.0004358565884259885,,0
7.482682,0.013664225901224123,,0
7.825645,1.670305715148442,,0
10.16157,0.000970682655601953,,0
9.311813,0.658577255782845,,0
7.825645,1.52501870054679,,0
8.612503,4.6148558361125485,,0
9.273597,0.00044308748806319424,,0
8.418698,0.027353135125710474,,0
7.649216,1.3421801528576873,,0
7.81843,0.013140308508110737,,0
9.435562,4.2937521895574096e-07,,0
9.929837,0.0010283557018707,,0
8.347353,0.03843366048325021,,0
10.38319,0.0010415841243625718,,0
9.167224,0.006878168911795278,,0
9.157889,0.8725299686674296,,0
10.17519,0.0009835013178246537,,0
9.522007,0.0005402196695286012,,0
9.29771,0.004921584586564879,,0
10.52291,0.000877504078657828,,0
9.69935,0.010534260584960703,,1
9.430038,0.0049698832226834164,,0
9.807362,0.13019968113640143,,0
7.987864,2.450457224960216,,0
7.680637,0.027372769180689868,,0
9.173054,0.00042872292427684314,,0
9.138415,0.0004162675773857472,,0
9.581145,0.06505039513304825,,0
7.344719,0.7299382483911411,,0
9.303557,0.0046967936062148235,,0
9.263217,0.00474243622245212,,0
7.512071,1.0417518410900701,,0
7.786967,2.882500252985068,,0
8.394347,3.6114185306072892,,1
9.234252,0.5717783516401483,,0
9.586171,1.125715272642127,,0
7.58121,1.0850809732063988,,0
7.594381,0.014450438366871895,,0
7.766417,0.9855115020664834,,0
9.096836,0.005947794082202655,,0
7.550661,1.9765822668701132,,0
9.074062,0.040793416268756794,,0
8.17611,0.028995357167841344,,0
7.766417,1.188397212297984,,0
7.496097,0.01195935139144459,,0
9.147401,0.005459723977548268,,0
10.60574,0.0010713945464971627,,0
9.300821,0.0003808148365218497,,0
10.47802,0.0011728406465342893,,0
9.349406,0.004490751417809369,,0
7.680637,0.015605894472665438,,0
9.246286,0.00036426623816048404,,0
7.841493,0.023176464883398827,,0
9.321882,4.0768161382907336e-05,,0
8.122074,2.867103993019094,,0
9.256651,1.015669648273374,,0
9.69935,0.0004536782005020259,,0
9.62139,0.9733256179516382,,0
7.844241,0.0161849924459491,,0
7.825645,3.1889977186217924,,0
9.792333,0.11149880168838261,,0
7.642524,0.024070001277241956,,0
9.620926,0.09348096284938014,,1
9.162934,0.9187922268231535,,0
7.649693,1.1254592504442875,,0
9.096612,0.004153429483681055,,0
8.394347,3.6114185306072892,,0
9.905935,0.10386988252793176,,0
8.47658,0.023187108038014072,,0
9.269741,0.004409538121395602,,0
7.628518,1.254205066179139,,0
7.533694,1.6811386078594805,,0
8.043021,0.025555351630505124,,0
9.420277,0.6335569281619013,,0
9.436519,0.8142049578021657,,0
7.533694,1.5257274407053927,,0
9.477998,1.1675063215359103,,0
9.072571,0.0560895960347568,,0
7.637716,0.012615319824115985,,0
8.418698,0.03561728850441612,,0
9.281917,0.00037131183573146286,,0
7.825645,1.400748410394173,,0
9.024854,0.6895620972868403,,0
9.315331,0.005745029399500067,,0
8.76155,0.02976713616949203,,0
10.2914,0.0009348759647142708,,0
10.16612,0.11512285067513589,,0
8.064007,1.8599259445816427,,0
7.588324,1.3230209779364506,,0
8.423761,0.025261531844370723,,0
9.289798,0.9141202850867615,,0
9.97278,0.0006674191104815351,,0
7.512071,1.5642457495124429,,0
9.276877,0.627762115562292,,0
9.40253,0.934330004866725,,0
9.078294,0.5591269518601885,,0
7.841493,0.023176464883398827,,0
8.638348,0.2792954147138751,,0
10.0429,0.0007047561635269643,,0
9.21164,0.00041805939208899704,,0
9.072571442,0.05608962214808453,,0
7.680637,0.013791448052148261,,0
9.254262,0.9643331086421447,,0
9.807362,0.08611376584781034,,0
9.884407,0.13366655680541306,,1
7.841493,0.017718996614218052,,0
9.276877,1.4901935619201052,,0
10.17519,0.0007791619957845693,,0
9.06543,0.5258025014819542,,0
8.17611,0.041818370118521055,,0
9.234057,1.188502769662318,,0
10.14002,0.0006346417309583299,,0
7.786967,3.475916067861984,,0
7.649693,1.8605854103874724,,0
10.04107,0.10283467181360323,,0
9.266153,0.0007210441853630207,,0
10.45734,0.0008759933379538539,,0
9.009203,0.00408118993316511,,0
9.62139,1.1606305103052088,,0
9.60245,0.00048349086347371445,,0
9.024854,0.6333712572155997,,0
8.741456,0.46692047097907796,,0
9.483873,0.12896577766847236,,0
9.900984,0.09922217828505545,,0
8.850518,0.00039244193994725663,,0
7.50769,1.0334771319720994,,0
8.325064,3.336426985494504,,0
7.583248,0.01640590781238274,,0
10.07874,0.0007250676641631941,,0
9.697447,7.50988863792852e-05,,0
9.884407,0.12714756190500498,,0
9.167224,0.006878168911795278,,0
7.680637,0.018822419646120827,,0
9.97278,0.0006674191104815351,,0
9.857862,0.11331256353717435,,0
9.181118,0.005125326016661074,,0
9.1072,0.058396507895343286,,0
8.290293,0.028151856564126714,,0
9.204423,0.056302125521189066,,0
9.269175,0.06338479772600121,,0
9.421573,0.005680342558206735,,0
9.349406,0.005109083538124983,,0
8.417373,0.3558940949091423,,0
7.766417,1.9721129252034595,,0
7.342779,0.008608849821479029,,1
9.969697,0.11592611995045414,,0
9.565214,0.0072668586350144275,,0
9.453992,0.008364217798941085,,0
9.1072,0.058396507895343286,,0
8.571681,0.0002244246900432912,,0
9.991178,0.0007114767948649978,,0
9.662116,0.006022335817327763,,0
7.844241,0.0161849924459491,,1
7.707063,0.016297267713891984,,0
7.766417,1.188397212297984,,0
7.90581,0.02048823659888569,,0
7.76811,0.012493436694044499,,0
9.549808,0.0005819598362234752,,0
7.732808,2.590008807304173,,0
9.975203,0.0007675883031579487,,0
10.07874,0.001185316350490075,,1
6.555357,0.665689316758461,6.696081438947269e+242,0
9.042158,1.0608885730846223,,0
9.929837,0.0006858894064618492,,1
7.550661,1.042862384571495,,0
9.212837,0.5359623522153509,,0
7.429521,1.4716864029070684,,0
8.043021,0.018724760742391076,,0
9.638675,0.0004952087858456458,,0
6.555357,0.5342281903014643,2.852761565381093e+242,0
8.521185,0.019604719017700136,,0
9.122929,0.005611171724345012,,0
10.0242,0.0009598446499445741,,0
9.717218,0.0008981102731514408,,0
8.927712,0.003750320391107619,,0
10.0846,0.1013988023800729,,0
9.453835,0.8606877501055374,,1
7.750184,0.016121427812644893,,0
7.512071,2.132945223417744,,0
9.900984,0.1554558177038023,,1
8.562931,0.0002629395581813901,,0
8.703839,0.02827498180244636,,0
9.157889,0.8725299686674296,,0
8.841304,0.0036523253772878417,,0
9.596894,0.0005731571114712946,,0
9.372714,1.3704275716949372,,0
9.181118,0.004505028133578526,,1
10.16157,0.0008164776937040672,,0
8.362409,0.019912507269993003,,0
7.81843,0.013268389690110467,,0
9.289798,0.9581095897456046,,0
8.043021,0.018696694656104663,,0
9.730146,0.0005347168657024939,,0
9.463431,0.004674405448446931,,0
9.042632,0.5643999035417969,,0
9.181118,0.004505028133578526,,0
9.522007,0.0003309528282108043,,0
8.562931,0.00022269969149428677,,0
9.981837,0.0012679747676159511,,0
9.822169,0.06639264546269298,,0
9.187993,0.0037451035815715596,,0
7.585281,1.9730583669528516,,0
9.62298,0.0006965694645888447,,0
8.562931,0.00019352838398340307,,0
10.16612,0.09156048800038148,,0
9.281917,0.0005067623911051471,,0
10.05462,0.0007099277861153585,,1
9.490091,0.08655763442619695,,0
9.600895,0.004773375066665522,,0
10.1491,0.0007029759869361884,,0
9.421573,0.005680342558206735,,0
9.686761,0.009127764551630363,,0
9.42311,0.005687347199659704,,0
9.29771,0.006408534060645981,,0
9.453992,0.006993371845536363,,0
9.074062,0.05634653243710401,,0
9.986541,0.14027221902437403,,0
9.717218,0.0008981102731514408,,0
8.430109,0.033300801877943646,,0
9.996887,0.0007173461291687894,,0
9.595331,0.0005532607114606158,,0
8.432724,0.022296848522303146,,0
7.526179,0.028038282883743198,,0
9.162934,0.842657013166577,,0
9.957739,0.0009475836883536585,,0
9.247251,0.005876833991561271,,0
7.688455,0.9846113613048068,,0
10.1708,0.10102803591390772,,0
10.17519,0.0009369397486426197,,0
9.770756,0.0791570448997787,,0
9.389741,0.8082106702168642,,0
7.680637,0.015060097458514835,,0
10.25446,0.0011889757292395345,,0
8.950533,0.4890348341760762,,0
7.987864,2.153888104423111,,0
8.043021,0.015528029596591011,,0
9.697447,0.006209314175837952,,0
9.521934,0.08889197169103268,,0
7.390799,0.774895064300989,,0
8.471568,0.0024257192600756396,,0
8.725507,0.00029354091378701514,,0
10.38319,0.0010415841243625718,,0
8.228177,2.9500809323578716,,0
9.212039,0.049612168569655744,,0
8.997766,0.9671277683138242,,0
9.595331,0.0005733115806660678,,0
9.969697,0.1732876778551007,,0
8.237479,2.3948722927946866,,2
9.276877,0.7904965543616284,,1
9.256651,0.6222260343042724,,0
10.09055,0.23303715212496973,,0
9.266153,0.0007210441853630207,,0
9.189423,0.5986913645238845,,0
9.39466,0.5915981939500453,,0
10.45734,0.0009551405341496449,,0
10.39001,0.17878335366236067,,0
10.4254,0.001077229921699975,,0
7.468513,1.355311698961483,,0
7.792349,0.01760425185875076,,0
9.16178,0.006667630994732329,,0
7.754053,0.01246493967684694,,0
8.246434,4.164986008064829,,0
7.673223,0.03245169070631269,,0
7.534763,0.014991489445630942,,0
9.29771,0.005358213134592971,,0
8.432071,0.03659173875702892,,0
7.512071,1.1427112847363368,,0
8.562931,0.0002323684338546036,,0
7.903596,1.6140157056389084,,0
9.542733,0.05568846556907361,,0
10.16624,0.0009243315573551279,,0
9.424726,1.0996662622649944,,0
7.81843,0.013268389690110467,,0
9.463431,0.008732939082460103,,0
9.463431,0.004674405448446931,,0
9.268609,0.930982519691139,,1
9.969697,0.11592611995045414,,0
9.40253,0.6166673269250508,,0
9.957692,0.14886487244232555,,0
9.480138,0.00682319505670503,,0
9.175231195,0.041532509121828376,,0
9.430038,0.006471425076578805,,0
8.136811,2.2235966275974666,,0
10.35313,0.0008190084398646502,,0
8.641532,0.004267809205041998,,0
10.04533,0.19417814796710062,,0
10.06437,0.0009026958890633099,,0
7.550661,1.2435487972982437,,0
9.138415,0.00047858233657954377,,0
9.436519,1.1162298999002307,,0
7.955776,0.018648185209529943,,0
9.896513,0.0006908480647754851,,0
9.532134,1.016024885954494,,0
9.857862,0.12410773874864775,,0
9.555914,0.009152024388056849,,0
9.49296,0.06862789282766714,,1
8.698014,0.0032505350298515177,,0
8.043021,0.023211474615113185,,0
7.589842,0.828970445010581,,0
9.42311,0.004991537197435158,,0
10.18829,0.000905365963975693,,0
9.542302,0.08271007524759522,,0
9.069353,0.50449613468443,,0
10.22807,0.1770543521864513,,0
8.465479,0.04554006826903482,,0
7.585281,1.3793119797530784,,1
7.512071,1.0984540241030394,,0
9.400051,0.9347787187121502,,0
9.957739,0.0007593138970454512,,0
8.065894,2.8311205908003116,,1
9.297802,1.1605997788667908,,0
8.418698,0.025048931003852373,,0
9.822169,0.07587492714973433,,0
8.521185,0.019604719017700136,,0
9.289336378,0.0004454472058897143,,0
10.21116,0.15204011269052792,,0
9.498222,0.7887856986782078,,0
7.750184,0.019227649228905644,,0
9.638023,0.0005704174157390287,,0
9.600895,0.004773375066665522,,0
9.546241,0.0054516796730967555,,0
7.58121,0.942946825955347,,0
9.053336,0.004368445006022335,,0
8.362409,0.02401186397104743,,1
7.825645,1.400748410394173,,0
8.609408,0.0027758686917604817,,0
9.169831,0.042770574879930745,,0
9.097843,0.004139010183228038,,0
7.844241,0.030578110830408872,,0
9.695417,0.000779633604381423,,0
9.480673,0.011301349139488,,0
7.550661,1.1353820763007765,,0
9.234057,1.188502769662318,,0
9.463586,0.8310444997989702,,0
9.896765,0.08536093723542806,,0
7.623642,2.96178412269123,,0
8.626227,0.00042029782894602145,,0
10.39946,0.0012624719700828641,,0
7.585281,1.3120421407074603,,0
7.766417,1.6439559779008028,,0
9.563389,0.9608669670420082,,0
9.618801,0.007614319670712942,,0
10.11083,0.1092768750220063,,0
9.332292483,0.00035721357965332013,,0
7.649693,1.184938856035219,,1
9.217415,0.6770948676328363,,0
8.362409,0.029810123194344496,,0
10.2914,0.0008535583132781653,,0
9.096612,0.005465383945905873,,0
7.58121,1.875648776845984,,0
9.113389,0.0431312612964261,,0
9.62298,0.0005333444814407301,,0
8.394347,4.306392901612387,,0
9.483873,0.05697696593593901,,0
9.463431,0.004280637631630048,,0
9.563389,0.834502690839338,,0
8.520986,5.707561354745165,,0
9.770756,0.09046235427587894,,0
7.542213,1.244422156894678,,0
9.559658,0.007174510410901773,,0
10.35727,0.0010135505399607554,,0
7.649693,1.619619386400018,,0
9.889236,0.13356868781437603,,0
8.438799,0.01861424730334891,,0
9.560293,0.008260097086239744,,0
7.751045,0.018312585681445382,,0
8.964823,0.47474538564951274,,0
7.955776,0.018648185209529943,,0
9.729253,0.09607752775797938,,0
7.697575,1.7284422820524725,,0
10.04107,0.15557416614402653,,0
7.903596,2.436165533850486,,0
9.268609,0.5176195439471164,,0
10.28514,0.0009305883387095968,,0
10.29819,0.0007133675223848043,,0
8.521185,0.0225598167421706,,0
9.302099,0.7050069265104858,,0
7.844241,0.02104334631570779,,0
9.969697,0.10536737901823362,,0
8.693497,0.5067335223586057,,0
8.432724,0.022296848522303146,,0
9.266153,0.00036822730306142426,,0
9.957739,0.0007593138970454512,,0
8.869117,0.051764787614232345,,0
7.81843,0.01722539057145648,,0
9.755741,0.08975979135500352,,0
7.628518,1.6429640506241996,,0
9.266153437,0.0003682274342592824,,0
8.250881,2.1137526353939156,,0
7.825645,2.644565217119941,,0
8.205492,0.029723460437538554,,0
9.563389,0.9608669670420082,,0
9.480138,0.005216506085641469,,0
7.468513,1.8576856968724897,,0
10.14553,0.0007598832396311214,,0
8.930362,0.47860391185828177,,0
9.453835,0.7474981116757713,,0
9.827686,0.0009938581746044238,,0
9.138415,0.0004566093760398973,,0
9.996887,0.0006817468972191993,,0
9.483873,0.05465534859227177,,0
7.512071,1.7914113244873184,,0
8.136811,2.451808676387428,,0
9.559658,0.005766322470761909,,0
9.208939391,0.0002807341924578901,,0
8.306719,2.594306375879939,,0
7.751045,0.018312585681445382,,0
7.50769,0.9472700839945536,,0
9.563389,1.2063275823868775,,0
8.177235,2.1365327843237507,,0
9.463431,0.00036045144395901367,,0
10.00143,0.0007148630246943099,,0
8.309677,0.031382713698368446,,0
10.34003,0.0012089759842652318,,0
9.39466,0.7039643234872355,,0
9.668208,0.0005052697090446411,,0
7.642044,0.00970452035863853,,0
7.613325,0.018403609257509345,,0
9.899429,0.11210776359211881,,0
9.200997,0.0004029407934028649,,0
9.094256,0.05729791213404032,,0
9.274723,0.004383858276581068,,0
9.490091,0.10368012995291255,,0
8.98507,0.004185491297487935,,0
9.266153,0.000321726053802739,,0
9.668208,0.0005102967218193571,,0
7.784889,0.012844353688185022,,0
9.827686,0.0009510765133546377,,0
9.269175158,0.06020312203897207,,1
9.435242,0.006893399722487284,,0
8.17611,0.018479014179192448,,0
10.28038,0.00139663320260522,,0
10.29819,0.0010695537097708434,,0
9.270683,3.151813554558655e-07,,0
7.468513,1.8576856968724897,,0
7.697575,1.5098655209601055,,0
9.773891,0.0908763212613758,,0
9.600895,0.004773375066665522,,0
8.347353,0.03373155167091185,,0
8.117909,0.02291666626662052,,0
9.256651,0.6222260343042724,,0
9.269175158,0.07921963716441847,,0
9.078294,0.4858872264663387,,1
9.957739,0.0007946607217702499,,1
9.204423,0.07741900459951358,,1
10.18524,0.22161816972866116,,0
9.414097,1.1357841730074434,,0
9.209239767,0.04951283190151291,,0
9.996887,0.0011144970105685396,,0
9.269175158,0.07921963716441847,,0
9.614672,0.005753951883031969,,0
8.703839,0.02827498180244636,,0
9.23815,0.004303717156189239,,0
9.097843,0.003790343594159704,,0
8.927447,0.4572606314356072,,1
8.205492,0.04271015216999894,,0
9.6839,0.0005836750554219943,,0
8.306719,3.266827035675105,,0
8.602086,3.4480716782437266,,0
7.688455,2.5733067043921016,,0
10.26945,0.12710846765054287,,0
9.128371,0.8079055949977928,,1
9.072571,0.04893291808153096,,0
9.167224,0.0048155606177116205,,0
8.841304,0.003976348971388944,,0
9.600895,0.004988092717929903,,0
7.306531,1.882853411481125,,0
7.76811,0.01559114994315309,,0
9.137017,0.7084590132133554,,0
9.574428,0.8590785627975718,,0
9.242227,0.5327226612123347,,0
9.313979,0.00396631896982438,,0
9.38505,0.0005518093744732219,,0
9.1072,0.042595818523559884,,0
9.094256,0.041669280789139326,,0
9.315331,0.006254711555919782,,1
10.00969,0.0005755509929255044,,0
10.05989,0.0010235395247900126,,0
9.510297,0.0007102231731002288,,1
10.39946,0.0007361448886905682,,0
7.475339,0.014656203009925803,,0
8.228177,2.5930443357950064,,0
9.387398,0.0048503832715542355,,0
10.35727,0.0007783799957946304,,0
9.453992,0.006423497949512435,,0
9.173054,0.0005406709380065004,,0
9.62139,1.1200388820479432,,0
9.438909,0.0005063637612910223,,0
9.024854,0.5060101632235559,,0
9.719204,0.009361274906630392,,0
7.90581,0.022473815972714525,,0
9.574428,0.0057595559299408235,,0
9.022443,0.4605417196068876,,0
10.47802,0.0011189924802401077,,0
6.378426,0.005845024870828116,1.680835876477624e+202,0
7.642044,0.00970452035863853,,0
9.289614,0.000377361841033853,,0
9.39466,0.704386828820254,,0
9.646593,0.0007444034291783281,,0
9.499047,0.06000480711644824,,0
8.117909,0.026189653558414863,,0
9.042632,0.6190976712903679,,0
8.371936,0.00017821763169537205,,0
9.522813,0.10253497493069856,,0
10.1708,0.16780423995601645,,0
8.853236765,0.0003418284537693881,,0
7.688455,1.4264541182347714,,0
8.562931,0.0002629395581813901,,0
6.437752,0.39049864992353744,5.97999719724485e+214,0
8.626227,0.00042029782894602145,,0
9.548525,0.006726611294211089,,0
9.267949,0.005553675684294716,,0
9.560293,0.008260097086239744,,0
10.12033,0.0008994434547842326,,0
9.157889,0.7284339833304248,,0
9.532134,0.8092866024621844,,0
9.957692,0.09958773337356554,,0
8.725507,0.00033748363801031946,,0
9.263217,0.6199132466171628,,0
8.430109,0.01843187452646192,,0
9.444384,0.14910840728723887,,0
9.389741,0.7711036150519827,,0
8.246434,2.449081156882041,,0
9.444384,0.1295767807625307,,0
10.11083,0.08691101675727146,,0
8.478868077,0.00036899781720878017,,0
10.04533,0.11298736815045186,,0
8.131825,0.016918441046518427,,0
10.07874,0.0006062333514688739,,0
7.707063,0.016297267713891984,,0
9.957692,0.16353695644623384,,0
8.043021,0.026710233039286286,,0
7.903596,2.652294994005423,,0
8.342363,2.234097222555458,,0
7.494986,1.6698684109462159,,0
10.1708,0.17466992702076753,,0
7.732808,3.5295178535119835,,0
10.12033,0.0009021458366946617,,0
10.09658,0.17880698003476697,,1
7.707063,0.016297267713891984,,0
7.647309,0.012683411557975227,,1
9.317399,0.003983305600750322,,0
9.977992,0.0011052927710770563,,0
10.09658,0.17059748625236415,,0
8.362409,0.021744221418632508,,0
7.585281,2.6847424711434633,,0
9.694432,0.008454520070196052,,0
9.857862,0.12410773874864775,,0
9.492507,0.007886705620695782,,0
10.09254,0.10308793238358317,,0
9.240482,0.0003150531129675144,,0
10.20218,0.17988839432866913,,0
9.62298,0.0005815328848036284,,0
7.955776,0.02448226146675178,,0
8.462103,0.03931407220665247,,0
9.300821,0.00034821261770080823,,0
8.41671,0.025253049472002284,,0
10.60574,0.000982614025366612,,1
7.90581,0.013635148359178327,,0
8.612503,0.3085969042661901,,0
10.22973,0.14040170006470287,,0
9.981837,0.0012679747676159511,,0
9.448175,0.9844752365478069,,0
7.559559,0.008940612672216993,,0
10.14002,0.0012390009352295128,,0
7.32449,0.7798515258496777,,0
9.542733,0.10888290558873213,,0
10.28514,0.0007792383812720627,,0
7.627057,1.4384578262052108,,0
8.430109,0.023335632333710003,,0
9.920148,0.10022728387338192,,0
7.513709,0.012105293705968863,,0
5.181784,0.0491525854076338,3.648494462025697e+58,0
10.01998,0.0011323951923467854,,0
8.471777,0.0334047937853355,,0
7.496097,0.011476638283585434,,0
8.886824,0.8989882704001617,,0
7.825645,1.670305715148442,,0
9.169831,0.04719794546423256,,0
8.6174,0.0004170594928427067,,0
9.20392,0.005387244552278152,,0
9.529812,0.10748216872330023,,0
8.362409,0.019972334487759227,,0
9.987185,0.0010660578418297862,,0
9.173054,0.0005666891097943535,,0
10.19377,0.09396814413212488,,0
8.430109,0.027801263717159103,,0
9.534595,0.005208029041486273,,0
8.704336,0.048657636295590403,,0
7.903596,2.0202581508122757,,0
9.471319,0.008788082548946776,,0
8.997766,0.5107246580225066,,0
10.38943,0.0008727393513674372,,0
9.021598,0.06983312107962888,,0
8.306719,3.266827035675105,,0
9.350276,0.6712040819126529,,0
7.81843,0.013268389690110467,,0
10.01476,0.2170331329049447,,0
9.335915,0.006044269321648201,,0
9.21164,0.0003834171299881437,,0
9.489713,0.00569195908484368,,0
9.595331,0.00048078940160196703,,0
10.38381,0.26652567424985957,,0
9.272564,0.9440861046034025,,0
7.837554,0.014041838386457926,,0
7.512071,2.132945223417744,,0
10.20218,0.11481666364844575,,0
9.480673,1.5938728869421426,,1
7.50769,1.5541503119651996,,0
10.05857,0.0008613756004425114,,0
7.473069,0.8613617340970068,,0
9.021719,0.040493302149538876,,0
10.12033,0.0009021458366946617,,0
10.08988,0.0008388322754653955,,0
9.435242,0.005986843980239909,,0
7.707063,0.019433482274063628,,0
9.422221,0.0005415234737163621,,0
10.39001,0.17878335366236067,,0
10.22807,0.1347547904674209,,0
8.53149,0.00021542942933018883,,0
8.529912,0.023557691495026626,,0
9.435242,0.007160389592463513,,0
10.28288,0.0008411388554344731,,1
10.21116,0.10964461746261424,,0
9.345221,0.009138877304252788,,0
10.01619,0.0009978791427148594,,0
9.151969,0.0003519627387322824,,0
10.60574,0.00146442271611901,,0
9.586171,1.125715272642127,,0
7.50769,1.5485654296619389,,0
10.35313,0.0008190084398646502,,0
9.563389,0.9608669670420082,,0
9.510297,0.0007444005390847377,,0
10.28449,0.0007723513313629393,,0
8.693497,0.321014170973625,,0
7.532624,2.5307455626505333,,0
9.300820725,0.0004358564910652857,,0
8.489822,0.0003008298041175736,,0
9.523617,0.07751804507885013,,0
7.786967,2.3148804874799347,,0
7.81843,0.014306078134462347,,0
8.964696,0.00341635299595415,,0
9.792724,0.09768962976881516,,0
8.250881,2.315127746330348,,0
8.930362,0.7918510840809191,,1
9.581145,0.07485570141976523,,0
9.510297,0.0007778854283129993,,0
8.17611,0.027664104862469147,,0
9.483416,1.336335680770279,,0
10.07853,0.16120995131774446,,0
8.61559,0.004171962724087738,,0
8.930362,0.40378128152023124,,0
9.024854,0.6895620972868403,,0
8.562931,0.00021133069658518845,,0
10.17519,0.0008166568364202375,,0
9.501741,0.12060666151279853,,0
7.642044,0.011537375320483224,,0
9.160835,0.00035454688910400604,,0
9.372714,1.3704275716949372,,0
8.304742,0.021564946317112508,,0
7.680637,0.01203896766024175,,0
9.981837,0.0009723115088206033,,0
7.81843,0.01634929032705397,,0
7.754053,0.01935440181454856,,0
9.975064,0.16653344173844062,,0
9.445017,0.05203487068555489,,0
9.957739,0.0007946607217702499,,0
9.889236,0.13356868781437603,,0
9.21164,0.00041805939208899704,,0
9.996887,0.0009834418106680878,,0
9.240482,0.0004096246437035913,,0
9.924564,0.0009301105843596482,,0
7.750184,0.019227649228905644,,0
9.763938,0.0006901641566158074,,0
9.490091,0.10368012995291255,,0
7.559559,0.010629191364683502,,0
9.16178,0.00531091758557593,,0
9.348362,0.004653764107002485,,0
7.647309,0.012740615522374267,,0
10.09658,0.17059748625236415,,0
9.245804,0.0070162992374024884,,0
9.123474,0.5352946235706072,,0
9.560293,0.009033467949325531,,0
9.207536,0.05126271757159601,,0
8.551981,0.03560199818877662,,0
9.311813,1.0750063367080385,,1
9.542733,0.06935047833515476,,0
9.112838,0.5038457958664364,,0
8.246434,2.449081156882041,,0
10.08147,0.0009026285139779787,,0
9.309914,0.00541157656358,,0
7.568896,0.016255472252249884,,0
9.520395,0.0886217363280233,,0
7.647309,0.01062059417717273,,0
7.638198,0.01732912640534708,,0
9.717218,0.0004807237877746225,,0
9.159889,0.004979378700063872,,0
9.581145,0.11358622944187034,,0
9.414097,1.0338847543145593,,0
7.90581,0.02038197429001886,,0
9.929837,0.0006858894064618492,,0
9.590761,0.000402111850663648,,0
7.872074,0.02386811179354657,,0
7.837554,0.014041838386457926,,0
9.240482,0.0003150531129675144,,0
10.11241,0.15162009557312492,,0
9.053336,0.0039884676595878365,,0
10.05462,0.0006511000097164222,,0
9.183071945,0.06315798876913536,,0
9.616005,1.021746437252471,,0
8.767952,0.004328942412986999,,0
9.929837,0.0010746135630038066,,0
8.006368,0.019045664501263306,,0
9.053336,0.004756000632989909,,0
9.62298,0.0006691896629005962,,0
7.754053,0.01246493967684694,,0
9.60245,0.00079229390731713,,0
9.162934,0.5586705875511419,,0
9.905935,0.09910094590909191,,0
9.713839,0.006270211169553805,,0
8.394347,3.6114185306072892,,0
9.195734,0.03908766299890579,,0
10.4667,0.0013809370764814924,,0
9.414097,0.9482124615284265,,0
7.81843,0.015774338771618678,,0
9.250522,0.5814784745097625,,1
7.688455,1.708629739373845,,0
9.096275,0.7781237075557732,,0
8.756997,0.04178901304098061,,0
7.707063,0.016261453135402996,,0
8.754161,0.03159308010185593,,0
8.930362,0.47860391185828177,,0
7.949091,2.062204823102426,,0
9.548525,0.9051235868585816,,0
9.349406,0.006722902906446573,,0
8.043021,0.03045185012888023,,0
7.383989,0.014061951491895923,,0
10.10057,0.07599614599854673,,0
8.659733878,0.02390049478465226,,0
8.612503,8.699631159958619,,1
7.583248,0.014272598388789883,,0
9.313979,0.005937798566266228,,0
9.620926,0.09797945459239302,,0
9.5261,0.006446048592466756,,0
7.611348,1.9347320165675432,,0
9.58953,0.0006557374835951176,,0
8.246434,2.449081156882041,,0
9.929837,0.0008191083738148034,,0
7.872074,0.0313133127148755,,0
9.770756,0.09005618824062175,,0
10.41832,0.25292110466763645,,0
7.58121,1.1441415455037895,,0
7.81843,0.021528647526844122,,0
8.325064,3.496982555184056,,0
9.332204,0.040714538687331596,,0
8.602269,0.3640436276931545,,0
8.471777,0.019379182369779403,,0
9.113389,0.07722691640001292,,0
8.043021,0.027989984559373585,,1
8.304742,0.023548665230462434,,0
10.09601,0.00073450682117821,,0
10.09658,0.17059748625236415,,0
8.402679805,0.018558676444459295,,0
9.436519,1.1162298999002307,,0
10.27781,0.0011592527235944243,,0
8.658866,0.0506905641167599,,0
7.623642,2.352060684440228,,0
7.90581,0.014992512307932736,,0
9.436519,1.1162298999002307,,0
9.583489,0.0005170294121400384,,0
9.311813,0.658577255782845,,0
7.638198,0.015228804890374054,,0
10.05989,0.0010235395247900126,,0
7.949091,2.062204823102426,,0
8.362409,0.026220670244140647,,0
9.826714,0.13267562273530867,,0
9.542302,0.08271007524759522,,0
8.237479,5.206094231768872,,0
8.236156,3.576536871517756,,1
7.438972,1.3519630232543767,,0
8.205492,0.03255518494626213,,0
9.42311,0.00621051558787869,,0
10.26085,0.0009913362735666689,,0
8.562931,0.00033090263861952125,,0
10.28309,0.0015873338132035716,,0
8.798757,0.00027115080269189196,,0
8.043021,0.03672092484622867,,0
7.825645,1.400748410394173,,0
9.422221,0.005168751324024687,,0
7.697575,1.4408318031501754,,0
9.266153,0.00036822730306142426,,0
9.138415,0.0004566093760398973,,0
9.534595,0.005925123206867262,,0
9.919115,0.14344408191640196,,0
10.156,0.0006711262604307994,,0
8.551981,0.03560199818877662,,0
9.381854,0.05930493440622481,,0
9.521934,0.06802136392863437,,0
9.103312,0.5304233761187943,,0
9.855347,0.0983774572650621,,0
8.95157,0.5850169593713416,,0
9.300821,0.0008534724506408978,,0
10.05462,0.0007099277861153585,,0
9.918475,0.0007724497207375119,,0
10.29008,0.0006796274568224146,,0
8.177235,3.8427348777921484,,0
9.827686,0.0005512533561475897,,0
10.09394,0.23399689678386645,,0
7.766417,1.5520948255677693,,0
9.905935,0.11291541361032267,,0
9.827254,0.10469300920423338,,0
9.303557,0.004301139830615792,,0
7.344719,1.096041069874797,,0
7.638198,0.01748579248284931,,0
10.07874,0.0007250676641631941,,0
9.315331,0.008987502747002026,,0
8.626227,0.00022496921632507842,,0
10.10908,0.16479967448460667,,0
7.701652,3.3959403214952935,,0
9.266153,0.0007210441853630207,,0
10.10267,0.14333280798749137,,0
7.707063,0.011843716441549313,,0
8.430109,0.02027891096063599,,0
9.183072,1.1751362798317588,,1
7.680637,0.013107029557135292,,1
9.476697,0.00713195328720923,,0
9.473704,0.004523557443904783,,0
9.266153,0.000321726053802739,,0
10.08402,0.0013693915106390679,,0
8.636397,4.966702900462521,,0
7.841493,0.03040591978102853,,0
9.827254,0.09515739840250441,,0
9.15440474,0.00036578134489479743,,0
9.268609,1.0735653608992977,,0
7.552237,0.02276633898907044,,0
9.620461,0.006413045940980186,,0
7.550661,1.4211540110291734,,0
10.09055,0.12391525345008485,,0
10.01284,0.0699176244027687,,0
9.680594,4.338721436947448e-05,,0
9.276596,0.6009260192427383,,0
7.76811,0.012493436694044499,,0
9.957692,0.14886487244232555,,0
9.987185,0.0012807778451687992,,0
10.4352,0.12872113763338805,,0
7.825645,2.644565217119941,,0
9.668208,0.0006634757894930504,,0
10.10144,0.0006166252648482636,,0
9.981837,0.0006163261177909176,,0
8.529912,0.023557691495026626,,0
9.436519,1.2170827980436933,,0
9.668208,0.000689586652695994,,0
9.096612,0.004153429483681055,,0
7.468513,0.9403825334806566,,0
9.697447,0.010591485791838271,,0
7.87967,0.0315423083823276,,0
9.996887,0.0006817468972191993,,0
8.489822,0.0003754197262313186,,0
9.07875,0.03614203342007119,,0
9.527557,0.0004939222029390398,,0
9.23815,0.004290825352095662,,0
9.825472,0.000596448165992381,,0
9.332292483,0.0005857153175031659,,0
9.345221,0.004891688520934144,,0
7.628518,1.976844642177948,,0
8.306719,3.266827035675105,,0
9.541728,0.0625375118697289,,1
8.246434,4.802866447344319,,0
7.673223,0.018882820561044636,,0
9.266153,0.00036822730306142426,,0
10.01135,0.0007560296734454198,,0
10.34721,0.0007394252556949838,,0
9.424726,0.7257909420958238,,0
7.754053,0.01935440181454856,,0
9.372714,0.7902726924827884,,0
9.542733,0.06935047833515476,,0
8.228177,2.5814018515202504,,0
10.05989,0.0008583586521451858,,0
8.362409,0.03406764273260442,,0
7.568896,0.01944188201993633,,0
7.81843,0.018809921901326996,,0
9.600895,0.009738173903557037,,0
8.95157,0.4077445344287725,,0
9.473704,0.004924874191369726,,0
8.205492,0.021778791901437642,,0
10.55122,0.0013418162877451402,,0
7.585281,1.3120421407074603,,0
9.450774,0.0075714970328440295,,0
9.492507,0.00901309490307845,,0
9.234057,0.6304599404232841,,0
9.183072,0.5682942911058003,,0
8.236156,3.4328642736151216,,0
9.123147,0.06806579260499837,,0
8.228177,2.5814018515202504,,0
9.639717,0.08808518018050915,,0
9.255313738,0.0006334985781070755,,0
9.521934,0.06464571553024012,,0
10.60574,0.00146442271611901,,0
8.347353,0.03843366048325021,,0
10.14002,0.0006346417309583299,,0
7.637716,0.01576373319850418,,0
10.09254,0.14879690708835022,,0
7.611348,1.4637019725610523,,0
9.62298,0.000513919954119451,,0
9.596894,0.0003511311745018151,,0
8.489822,0.00020854287800606305,,0
9.490091,0.10368012995291255,,0
7.588324,1.3230209779364506,,0
8.600063,0.002477769826823075,,0
9.510963,0.0005132218948575134,,0
10.0745,0.10605794883605534,,0
7.65681,0.016696102826864425,,1
9.581145,0.04588610184819846,,0
7.784889,0.019943520688757543,,0
9.303557,0.0046967936062148235,,0
10.22807,0.1176314886127725,,0
7.550661,1.042862384571495,,0
9.297802,0.6423878193059631,,0
9.21164,0.0005007582795805353,,0
9.510963,0.0004678783354965375,,0
9.517457,0.10647685479582088,,1
9.350276,0.6712040819126529,,0
9.275472,0.006058966912718075,,0
10.14002,0.0006631894105273164,,1
9.207536,0.6748319756842881,,0
10.05989,0.000820178518161966,,0
7.600902,0.012113361100614808,,0
9.143025,0.004152801647815587,,0
7.701652,3.3959403214952935,,0
9.008224,0.004862572339348215,,0
9.096275,0.7468658012150157,,0
7.534763,0.009983988599960247,,0
9.303557,0.004487878359972882,,1
8.552367,0.4967446816716631,,0
10.55122,0.000986121343817968,,0
8.997766,0.513028097836137,,0
10.16157,0.0008435334797227748,,0
7.448334,0.018861481473210366,,0
9.973014,0.1447824119725459,,0
8.950533,0.4890348341760762,,0
8.6174,0.00024282205237049714,,0
8.915029,0.8518850602671759,,0
8.117909,0.028513122799964735,,0
9.660078,0.10675833582863958,,0
7.750184,0.014088365390367435,,0
10.09254,0.11324825280643605,,0
9.217415,0.4879980415061159,,0
9.594718,5.7108140816814544e-05,,0
10.39946,0.0008791248807557642,,0
9.375177,0.05863835291656304,,0
9.562475,0.005324189227529449,,0
9.078294,1.0530821798869716,,0
9.372714,0.7902726924827884,,0
7.568896,0.014215452910882258,,0
9.579625,0.0007190659387325693,,1
9.966134,0.16551093024514454,,0
9.163249,0.7975053368282397,,0
10.01284,0.0994164660964505,,0
9.902337,0.09436472842886491,,0
9.372714,0.7269648058545956,,0
9.468388,0.6971712925344449,,0
7.707063,0.016227339915236453,,0
9.460943,0.0073751444052883594,,0
7.750184,0.014763372867739478,,0
8.499029221,0.00015313708911271785,,0
9.730146,0.0006077948357516368,,0
7.457609,0.01903965050516049,,0
10.39001,0.13668441905007864,,0
8.189522,0.03508306516039453,,0
9.197356,0.08835761054321653,,0
9.113389,0.07722691640001292,,0
9.274723,0.004383858276581068,,0
8.489822,0.00022704419042360319,,0
10.29769,0.10353228806055251,,0
10.4352,0.19502901467337042,,0
9.899429,0.0777859313325403,,0
9.438909,0.00044441344289101027,,0
9.1032,0.038461507543530615,,0
9.305378,0.004532431961796748,,0
10.15203,0.0007051450204865669,,0
9.560293,0.0060795844174318485,,0
9.566545,0.0063216186445643535,,0
9.964536,0.13072617052137758,,0
9.167224,0.004048119571571416,,0
9.957739,0.0006598517961355872,,0
9.07875,0.03754185893316629,,0
10.21746,0.0006432533771762461,,0
9.204423,0.07408642283512874,,0
7.457609,0.022737684845919523,,0
9.807362,0.14162309677023174,,0
7.569412,0.01401943574490648,,0
8.842171,0.3625390831659875,,0
9.300821,0.0008534724506408978,,0
9.217515,0.05453349325835382,,0
9.633776,0.072887191402608,,0
8.471568,0.00265681512101934,,0
9.620461,0.0072960590328742985,,0
7.526179,0.023478164575189635,,0
9.204423,0.07408642283512874,,1
9.433164,0.0005791465825587765,,0
9.595331,0.0005532607114606158,,0
9.668208,0.000551748520697388,,0
9.480673,0.00546531692365416,,0
9.981837,0.0009723115088206033,,0
9.884407,0.111759396697095,,0
8.191463,0.014682445371384339,,0
8.47658,0.03955121586439988,,0
9.103312,1.0402075198240377,,1
7.903596,1.946290592412636,,0
9.480138,0.01018410168045599,,0
7.258412,0.7151557657623868,,0
9.21164,0.0005007582795805353,,0
9.421573,0.005680342558206735,,0
9.173054,0.000492902234025041,,0
8.869117,0.030030398210375647,,0
10.34003,0.000968771705686206,,0
9.468388,1.5742451041888912,,0
9.534595,4.2012061691918755e-05,,0
8.489822,0.00026142427703547714,,0
8.529912,0.0340541658400507,,0
9.301369,0.00392592935940669,,0
9.242227,0.9059652530883037,,0
9.520395,0.06734826614250064,,0
9.169831,0.0496923184766776,,0
9.139381,0.6568556983787283,,0
8.700015,5.327553706467467,,0
7.583248,0.014272598388789883,,0
9.246286,0.00059281656888061,,0
9.089528,0.057150875158297774,,0
9.255313738,0.0004586364073287731,,0
9.536546,0.06559997173406452,,0
7.697575,1.8112561097935618,,0
9.097843,0.0043251926081769015,,0
9.396322,0.00533471934219587,,0
8.304742,0.023548665230462434,,0
10.1491,0.0010539736546932978,,0
9.969697,0.10536737901823362,,0
9.560293,0.009033467949325531,,0
8.136811,2.44446427247244,,0
9.490091,0.05996796398269568,,0
9.444384,0.0826548585426224,,0
9.169830829,0.06210647092103628,,0
9.563389,0.8070099256120057,,0
8.330382,0.0001716424321869606,,0
9.601504,1.0938368669249938,,0
9.250522,0.5309001457341017,,0
9.122711,0.004843216317563365,,0
10.10908,0.13758345002145825,,0
7.707063,0.01841742944771427,,0
9.212837,0.6134286271379231,,0
7.707063,0.01700483080769525,,0
10.08406,0.16985575172630246,,0
7.81843,0.017799751407470716,,0
8.423761,0.0361574407814617,,0
9.581145,0.05980338586904897,,0
9.147401,0.0005539938102763474,,0
9.319733,0.009411235920332854,,0
9.463509,0.6106998464351349,,2
9.563389,0.9608669670420082,,0
7.425358,1.075142031713199,,0
8.761863,0.03351329112978341,,0
9.680594,7.02924782395065e-05,,0
9.303557,0.004301139830615792,,0
7.688455,1.4105669662350953,,0
9.884407,0.07666523274341971,,0
7.688455,1.4264541182347714,,0
9.015784,0.6860481821678415,,0
8.6174,0.0002136264395968906,,0
6.320768,0.42930826420705553,4.047066635365361e+190,0
7.90581,0.02048823659888569,,0
9.492507,0.00901309490307845,,0
9.304013,1.5323744222013702,,0
9.58953,0.0005234076109765789,,0
9.549808,0.0006368291666776502,,0
7.732808,1.9594450124040055,,0
9.315961,0.007755838795552296,,0
8.787983,0.7719253952151351,,0
8.471777,0.019379182369779403,,0
6.437752,0.45003461947489704,3.0131920732178194e+215,0
10.163,0.0006455887497994049,,0
8.347353,0.03373155167091185,,0
9.62298,0.0005620369089596595,,0
7.585281,1.5019808587928771,,0
8.693497,0.38532428116073647,,0
9.40253,0.5963511670988136,,0
9.996887,0.0012824896034175743,,0
8.769973,0.003136678565537384,,0
7.569412,0.01401943574490648,,0
9.97278,0.000698488140572999,,0
9.256651,1.0581775615922482,,0
8.930362,0.7918510840809191,,0
8.246434,4.164986008064829,,1
9.029657,0.08104797099938899,,1
7.786967,2.2890984747985788,,0
9.549808,0.0005802165729172134,,0
9.021598,0.6601772841221545,,0
7.383989,0.015474177612456735,,0
9.269175158,0.08278312299748185,,0
10.28148,0.0011033740635022465,,0
7.81843,0.016437815297123706,,0
9.169831,0.06490017780248522,,0
7.494986,2.289297100607855,,0
8.6174,0.00017765240856715506,,0
9.361085,0.046345026110037206,,0
9.300821,0.00034821261770080823,,0
8.237479,3.288165817440114,,0
8.604654,0.0002992101449016264,,0
10.2294,0.0008154679428649107,,0
8.325064,3.496982555184056,,0
10.2914,0.0006802863839849648,,0
8.304742,0.018926615155304752,,0
9.517457,0.12252653707037023,,0
8.237479,5.684993063251128,,2
9.905935,0.11888290133946756,,0
9.009203,0.004666869928846334,,1
7.443664,1.0993105043149607,,0
7.689371,0.026222946066706217,,0
9.981837,0.0006485092293141543,,0
9.852615,0.09797008998225588,,0
8.394347,3.768212081121083,,0
10.17519,0.0007791619957845693,,0
10.10704,0.11440010607849373,,0
7.729296,0.011511656615132102,,0
9.583489,0.0004149258223418709,,0
9.639717,0.07608904528334556,,0
10.10267,0.13675202576210688,,0
9.270683,3.034291696249907e-07,,0
9.549808,0.0006974992479066082,,0
9.418086,0.007068970779700595,,0
9.197356,0.07354462287136501,,0
9.493412,0.13040618198010684,,0
7.680637,0.013107029557135292,,0
9.668208,0.0005814310335754138,,0
7.468513,1.4796883096541276,,0
8.47658,0.025244200248365562,,0
9.080232,0.00043483798174837935,,0
9.854822,0.08208888338936063,,0
9.924564,0.0005936580540330133,,0
7.494986,1.6723750931042392,,0
9.566545,0.8421760639507022,,0
9.276596,1.1355493604751394,,0
10.10357,0.0006754332623426089,,0
8.065894,2.8311205908003116,,0
9.957739,0.0006963937676666352,,0
7.443664,1.089461098585312,,0
9.157889,0.7284339833304248,,0
9.068316,0.7619397179130303,,0
10.27794,0.16868581842726244,,0
10.32193,0.0009494593412587297,,0
9.275472,0.004833347583668616,,0
9.078294,0.4858872264663387,,0
10.09658,0.17880698003476697,,0
9.559658,0.005280572521294334,,0
8.347353,0.03843366048325021,,0
6.359574,0.002562968033687074,2.411638970675575e+198,0
7.697575,1.5730565721028145,,0
9.960529,0.13690143851058945,,0
8.065894,2.2281521323563105,,0
9.300821,0.0004358565884259885,,0
9.103312,0.501536060711431,,0
10.10704,0.10040399589381432,,0
9.315331,0.008987502747002026,,0
9.705159,0.0005244297378686303,,0
7.872074,0.02368977057065451,,0
7.955776,0.018648185209529943,,0
9.246286,0.00041504420133283326,,0
7.903596,1.6140157056389084,,0
9.334591,0.005106116360012738,,0
6.359574,0.0023611905804710267,1.6347936479494942e+198,0
7.628518,1.5090826633283148,,0
9.924564,0.0005936580540330133,,0
7.429521,1.3356378341029749,,0
10.35313,0.0010607106519991546,,0
8.6174,0.00019399432000503388,,0
9.857862,0.21457300910424373,,0
9.969697,0.11592611995045414,,0
9.074062,0.06749278494268601,,0
7.468513,0.9854385228804994,,0
7.285507,1.2697897497923671,,0
8.571681,0.0002244246900432912,,0
7.642044,0.00970452035863853,,0
9.483721,1.5987764843197505,,0
8.98507,0.004185491297487935,,0
9.12913,0.5156043761764436,,0
9.981282,0.1212859791291985,,0
10.14002,0.0008301120041578768,,0
9.173054,0.0005921801204425418,,0
9.150909,0.00399400689087841,,0
7.53048,0.012403603091128618,,0
7.729296,0.013747543322729285,,0
10.16157,0.0008473379339835939,,0
8.309677,0.028652973422691456,,0
10.09658,0.11801442941919547,,0
8.562931,0.0002323684338546036,,0
9.266153,0.0004823646767998434,,0
8.219595,0.018320310573897842,,0
9.996887,0.0012824896034175743,,0
10.29769,0.19711425317790113,,0
9.263217,1.2248571983861798,,0
9.432844,0.0005798673220770296,,0
8.347353,0.02702962943265757,,0
8.325064,3.496982555184056,,0
9.389741,0.7711036150519827,,0
9.187072,0.003922353819350984,,0
9.021719,0.05099035929440139,,0
7.473637,1.86990116704666,,0
8.240385,0.03709547367844998,,0
9.987185,0.0010263076800680786,,0
9.25033,0.004753747573151859,,0
7.949091,2.818699794688003,,0
9.305378,0.00038165380624697004,,0
9.270683,2.420509411832414e-07,,0
9.349406,0.004490751417809369,,0
7.628518,1.810316982666685,,0
8.136811,2.2235966275974666,,0
9.217415,0.4879980415061159,,0
10.17206,0.0007773530711487833,,0
8.219595,0.027426516799797185,,0
7.559559,0.012674652315929678,,0
7.589842,1.2055419587653804,,0
7.987864,2.153888104423111,,0
7.754053,0.019325391974645938,,0
8.699181359,0.000514959759218859,,0
8.72258,0.05357738240593601,,0
8.17611,0.023026269572885956,,0
9.755741,0.16880380397339353,,0
9.208839,0.667684654983414,,0
9.620926,0.09348096284938014,,0
8.620291,0.447543352901446,,0
9.501741,0.06334744149878961,,0
7.585281,1.3162474003847242,,0
9.261129,0.06006487611549525,,0
9.279307,0.004444032933984639,,0
7.533694,2.3012933860123863,,0
7.766417,1.712758997000036,,0
9.807362,0.11314489803021822,,0
9.15440474,0.0002935464052220719,,0
9.39466,1.017625934297274,,0
8.043021,0.015504755012498235,,0
7.680637,0.013107029557135292,,0
7.688455,2.1339862878164664,,0
6.437752,0.002768829068766777,5.802652260223345e+214,0
7.903596,2.0202581508122757,,0
7.680637,0.011984914017681867,,0
9.483873,0.1348478464881539,,0
9.139489,0.006477669711435921,,0
9.951658,0.11842105032812106,,0
9.966134,0.10564001573874474,,0
10.44973,0.0009527558156144752,,0
9.59281,0.008882551851213855,,0
8.829665,0.03607523937262022,,0
8.767329,0.004521240663026042,,0
9.618801,0.007614319670712942,,0
9.240482,0.0004899195711918743,,0
9.094256,0.041669280789139326,,0
7.837554,0.017455265120340454,,0
9.069583,0.5548526167210897,,0
9.069583,0.06453466511169721,,0
7.76811,0.01710213726468183,,0
10.28148,0.0011033740635022465,,0
8.432724,0.025519563308885152,,0
9.221874,0.7157516100222852,,0
10.09601,0.0008056901847160636,,0
9.094144,0.45175793533993536,,0
9.008224,0.004267668186061892,,0
9.246286,0.00036426623816048404,,0
9.523617,0.161258835662909,,0
9.403272,0.6810146387443529,,0
9.169831,0.0496923184766776,,0
9.173054,0.000492902234025041,,0
8.988446,0.003777499167091651,,0
9.957739,0.0006963937676666352,,0
9.113389,0.0431312612964261,,0
10.09394,0.11299096431062619,,0
9.276877,0.627762115562292,,0
9.168789,0.0003418244796556222,,0
9.190954,0.9906271209699923,,0
9.042632,0.4916480175967167,,0
10.163,0.0006746288520548711,,0
7.628518,1.5090826633283148,,0
10.25446,0.0011889757292395345,,0
7.688455,1.182926824585968,,0
8.886824,0.6567280376194438,,0
10.08147,0.0009871392147134312,,1
9.424726,0.8356935800132013,,0
8.430109,0.038320364961898376,,0
10.16157,0.0011116487944881732,,0
8.240385,0.03709547367844998,,0
9.792333,0.1283054621078991,,0
10.41832,0.22131291406834444,,0
9.258273,0.00746270290108646,,3
9.996887,0.0006233813626021429,,0
9.459074,0.06682157933799125,,0
10.01476,0.0910719659040723,,0
8.237479,5.684993063251128,,0
8.498622,0.0003031935967540988,,0
8.006368,0.019045664501263306,,0
9.463586,1.5666319561248854,,0
7.90581,0.013635148359178327,,0
9.549808,0.0006674746656186997,,1
8.498622,0.0002101815192333726,,0
9.137017,0.5941264689379605,,0
9.246286499,0.0004539038681759914,,0
9.903438,0.0006656104236817052,,0
9.167224,0.0029501395372051537,,0
8.362409,0.019972334487759227,,0
9.332292,0.0003906583817879788,,0
9.276877,0.7904965543616284,,0
10.08402,0.0013693915106390679,,0
9.236885,0.0037305083993241644,,0
9.254262,0.5337549205377444,,0
9.068316,0.5799068239116323,,0
10.14002,0.0008301120041578768,,0
7.589842,1.1947407594414505,,0
7.688455,2.233325493346715,,0
7.526179,0.01624151830732268,,0
7.623642,2.6936356690123144,,0
9.383032,0.9214903792190774,,0
9.536762,0.9440618745910474,,0
9.266153,0.000321726053802739,,0
9.16178,0.008320851752027712,,0
10.06603,0.1210674655234272,,0
9.884407,0.12714756190500498,,0
9.436519,1.1162298999002307,,0
9.099185,0.595464744515085,,0
9.217415,0.7756577604384933,,0
8.6174,0.00024282205237049714,,0
9.269741,0.005024218651400277,,0
5.220356,0.041775104675525095,1.1608811482995631e+61,0
8.562931,0.00030257348965235733,,0
9.348362,0.005081855127567845,,0
9.097843,0.003790343594159704,,0
8.418698,0.03125974451712923,,1
8.250881,2.4265363447598123,,0
10.4254,0.001761019422789672,,0
10.09394,0.08617739063619047,,1
9.139381,0.6192223132210406,,0
9.289336378,0.00032785739240608503,,0
8.521185,0.026860862552135257,,0
10.48111,0.10821275011794113,,0
10.14553,0.0006969159319913903,,0
8.827761,0.003960153074742207,,0
9.286746,0.006633393013914829,,0
7.356918,1.608759987155937,,0
8.6174,0.0002136264395968906,,0
9.21164,0.0003505921243087996,,0
9.075665,0.0005204390239159172,,0
10.20218,0.11481666364844575,,0
8.394347,3.768212081121083,,0
10.02473,0.0006698614372225408,,0
9.446519,0.8187949232154713,,0
8.309677,0.03138271369836856,,0
8.239065,0.02434983126101715,,0
8.602086,3.964243890507094,,0
9.169830829,0.04719793705326881,,0
10.18829,0.0007867725848479084,,0
9.229162126,0.0004920009165645968,,0
9.089753,0.04363812757610646,,0
9.068316,0.5833967240859308,,0
9.211639528,0.00038341698156377826,,1
9.138415,0.0003620666345963206,,0
9.753246,0.0005443824056409382,,0
7.526179,0.02143598007655593,,0
8.498622,0.0003149366585572512,,0
9.276877,0.6875683878508597,,0
8.385032,0.0001445050061849484,,0
9.169831,0.042770574879930745,,0
9.022443,0.8283232261151156,,0
8.17611,0.023026269572885956,,0
9.414097,0.9482124615284265,,0
9.094256,0.6804566967491309,,0
7.550661,1.042862384571495,,0
9.492507,0.005283974227013944,,0
8.698347,0.371264633748596,,0
7.707063,0.019433482274063628,,0
9.345221,0.004681120688833384,,0
9.884407,0.14596229234391853,,0
9.28619,0.0700598555368328,,0
8.237479,2.62302939385029,,0
9.39466,0.9347019215775524,,0
9.169831,0.04719794546423256,,0
9.510297,0.0006171914385484373,,0
9.792333,0.09765236182371954,,0
9.468388,0.7274397206732307,,1
10.29769,0.10519160807727126,,0
8.055475,2.524190619946648,,0
10.01476,0.09197805611257484,,0
7.76811,0.02461124474459506,,0
9.633776,0.11419561770831008,,0
9.376956,2.294671707870439e-07,,0
9.521422,0.0004545971719451875,,0
10.18829,0.0009931078238063515,,0
7.642044,0.015831344331481926,,0
9.638675,0.00045213439206999586,,0
8.529912,0.027124906636994277,,0
9.534595,0.008171900337000776,,0
9.574428,1.6847296355610177,,0
9.072571,0.04893291808153096,,0
9.537628,0.06910032542182741,,0
9.289614,0.00046951700514534506,,0
9.471319,0.0004331793419231088,,0
9.096612,0.005728389201774542,,1
7.637716,0.015130490320649548,,0
8.423761,0.019180281731624067,,0
10.28175,0.184856480135505,,0
7.583248,0.010944548762817372,,0
10.16204,0.10549502679036474,,0
9.096836,0.004758918365716589,,0
8.43815,5.982490926664596,,0
9.100302,0.005250894088106869,,0
9.138415,0.0004162675773857472,,0
10.05462,0.0006511000097164222,,0
7.825645,2.014168938064703,,0
9.88206,0.15926651026957778,,0
7.701652,0.01606577828007039,,0
7.663877,0.013492649461269806,,0
10.00969,0.0006863089086585548,,0
9.618801,0.005570755274889416,,0
7.356918,2.1074183929363373,,1
10.23556,0.0007785320786684582,,0
7.589842,0.828970445010581,,0
10.29769,0.14979737176857508,,0
7.697575,1.0415610401200575,,0
9.123474,0.5352946235706072,,1
7.585281,1.3120421407074603,,0
9.080232,0.006502704888134441,,0
9.072571,0.0560895960347568,,0
9.361085,0.05493298428279581,,0
7.766417,1.8606120985732393,,0
9.253208,2.9491544784487663e-05,,0
9.522813,0.11179915015459511,,0
9.489713,0.0052124734418097785,,0
8.432724,0.02127314218111091,,0
10.36904,0.1838036401690481,,0
7.825645,1.52501870054679,,0
9.680594,0.00991361950144966,,0
9.388738,0.05878001482572681,,0
9.362203,0.005667531949378673,,0
7.446585,2.2574422982516964,,0
7.526179,0.023478164575189635,,0
9.207536,0.07102015677387409,,0
7.724888,0.018867679320126122,,0
9.987185,0.0010263076800680786,,0
9.317399,0.004956064744435018,,0
9.982206,0.0007094255182955585,,0
9.21164,0.0005007582795805353,,0
9.166179,0.00404463460795852,,0
10.07853,0.09260170563875489,,0
8.237479,3.0021536276963827,,0
9.996887,0.0009834418106680878,,0
7.724888,0.02715199079059654,,0
9.537628,0.10391356420852896,,0
7.512071,0.8265488644095754,,0
8.64453044,0.00027300138090074474,,0
9.204423,0.05102074363232946,,0
10.09349,0.0008423649200728495,,1
10.29008,0.0008116301778582243,,0
9.281172,0.6034025918335377,,0
9.113389,0.09680978310352868,,0
9.905935,0.11291541361032267,,0
9.842729,0.0006659734303006568,,0
7.550661,1.0930470177106804,,0
8.886824,0.4380223721327618,,1
7.628518,1.2655438598093294,,0
8.191463,0.027678407255487383,,0
8.371242136,0.00018667689332543922,,0
9.463431,0.008732939082460103,,1
7.532624,1.1767000442840974,,0
9.242227,0.8695718406346867,,0
9.350276,1.163948329275366,,0
9.269741,0.004409538121395602,,0
7.707063,0.011843716441549313,,0
10.50941,0.23943147043412058,,1
10.07192,0.09616236220207988,,0
9.436519,0.8142049578021657,,0
9.889236,0.1533335878931091,,0
9.089528,0.057408633618076965,,0
6.437752,0.5886457219707484,3.094109078198947e+215,0
7.637716,0.01443581013429477,,0
8.240385,0.03539232394425456,,0
7.754053,0.01246493967684694,,0
8.521185,0.029305356161587727,,0
9.981837,0.0005635613695976324,,0
7.402452,1.2466098345181993,,0
7.844241,0.02104334631570779,,0
7.955776,0.020531264738778292,,0
7.903596,1.946290592412636,,0
10.09349,0.0011462067797890895,,0
9.583489,0.0005170294121400384,,0
7.613325,0.018542155224884716,,0
9.113389,0.0431312612964261,,0
9.541369,0.0006620375984439642,,0
8.499029221,0.0003753404675339583,,0
7.563201,1.9081361385632416,,0
10.29809,0.13002863805142822,,1
9.753246,0.00045652887518279087,,0
9.532134,1.016024885954494,,0
7.473637,1.4146548479391745,,2
9.684025,0.01040916486633457,,0
7.841493,0.023176464883398827,,0
10.35313,0.000711726984317983,,1
7.533694,1.390928217465907,,0
9.078749952,0.037541857036378024,,0
8.520986,5.707561354745165,,0
10.1589,0.0009563407154889959,,0
9.492507,0.005283974227013944,,0
9.266153,0.0004823646767998434,,0
9.258273,0.00746270290108646,,0
9.20140053,0.0644309282140486,,0
9.680594,4.338721436947448e-05,,0
10.09055,0.10768366399692095,,0
9.122711,0.003390844578114458,,0
10.0745,0.1212052793725136,,0
9.826714,0.10097845955802091,,0
9.601504,1.1430402250630738,,0
8.489822,0.0003754197262313186,,0
9.421573,0.005443986148678197,,0
9.468388,1.5742451041888912,,0
9.483416,1.2799631668461127,,0
9.140347,0.8180916454746411,,0
9.07875,0.06471264019560649,,0
9.311813,0.658577255782845,,0
7.955776,0.018648185209529943,,0
9.104091,1.1402390765859471,,0
10.20218,0.11481666364844575,,0
9.348362,0.004653764107002485,,0
10.22807,0.24346099866386142,,1
7.503841,0.018214431775960514,,0
10.18829,0.0009931078238063515,,0
9.435242,0.005498989740645267,,0
8.290293,0.021503448227656572,,0
10.00582,0.0009812294731629913,,0
7.844241,0.030578110830408872,,0
10.0846,0.1536321763529531,,0
7.3473,1.892809485284831,,0
10.10283,0.1573890239211109,,0
8.347353,0.02702962943265757,,0
9.629971,0.006645226721021162,,0
9.618801,0.005821340965661144,,0
9.451245,0.05010963775444889,,0
7.476472,0.010693206479760377,,0
7.473069,1.2933804176856882,,0
9.957739,0.0007593138970454512,,0
7.777793,2.0898514377183908,,0
9.590761,0.00047949347456578586,,0
9.309914,0.00033288455425248015,,0
9.122711,0.0028436232419078128,,0
9.807362,0.08611376584781034,,0
10.22807,0.1842985063024797,,0
9.584108,0.000564018876590481,,0
9.022443,0.4870678559203207,,0
9.969697,0.1732876778551007,,0
9.560293,0.008260097086239744,,0
8.311643949,0.027836234577833237,,0
10.09658,0.11801442941919547,,0
9.207536,0.8813578547209044,,0
7.563201,2.8554427843661787,,0
9.138414632,0.00047858219097924334,,0
8.626227,0.000281593228228643,,0
7.680637,0.027372769180689868,,0
9.616005,0.11236681296356692,,0
7.615791,2.2388123107364857,,0
8.246434,2.315702080803695,,0
9.792333,0.07724744522060331,,0
7.707063,0.017783969628254497,,0
9.022564,0.09620983679847749,,0
7.550661,0.9988698644725406,,0
9.563389,0.834502690839338,,0
9.173054,0.00042872292427684314,,0
7.955776,0.018648185209529943,,0
9.969697,0.15892828952726548,,0
7.585281,2.157790560320256,,0
7.81843,0.01634929032705397,,0
9.304013,1.5323744222013702,,0
8.907206,0.6429469690167879,,1
9.694432,0.008454520070196052,,0
9.435242,0.008602599214563812,,0
8.950533,0.4686863223819685,,0
7.701652,2.282064909398843,,0
9.940109,0.10247818234389483,,0
10.09658,0.17880698003476697,,0
6.378426,4.144412477016909e-05,1.630988406182028e+202,0
8.432724,0.022296848522303146,,0
8.342363,3.5670439200990773,,0
9.634366,0.008393840452342418,,0
8.444407422,0.00018174830468369532,,0
9.173054,0.00042872292427684314,,0
7.872074,0.0313133127148755,,0
7.76811,0.017076503289072884,,0
7.638198,0.015228804890374054,,0
10.20218,0.10404636603856367,,0
8.065894,2.2281521323563105,,0
10.22807,0.18557456332995903,,0
9.837187,0.08833059676910068,,0
10.22807,0.1347547904674209,,0
9.179056,0.0058159095023522685,,0
9.488578,0.684978064674117,,0
9.009203,0.0042290974275116106,,0
10.15203,0.0007700099866786616,,0
9.268609,1.0735653608992977,,0
9.207536,0.07421481067010918,,0
10.29819,0.0010695537097708434,,0
9.072571,0.035692848314913136,,0
9.246286499,0.0004539038681759914,,0
9.675583,0.0006120127501688178,,1
7.623642,2.966230132549044,,0
8.626227,0.00022496921632507842,,0
8.432724,0.018486585234740567,,0
9.147401,0.00040349073017353535,,0
9.563389,0.834502690839338,,0
9.842729,0.0006629832827421873,,0
8.306719,2.978200289430567,,0
10.53803,0.0011163605704948027,,0
8.551981,0.031293229529335616,,0
7.649693,1.8605854103874724,,0
9.686761,0.007987044713036713,,1
9.463431,0.005850937927328311,,0
8.309677,0.028652973422691456,,0
9.520395,0.0886217363280233,,1
7.611348,1.7717518877165794,,0
9.138415,0.00047858233657954377,,0
7.647309,0.015192394839514588,,0
7.46451,1.2823676466551837,,0
9.529812,0.06845831100076796,,0
7.550661,1.042862384571495,,0
7.724888,0.02069620539699202,,0
7.732808,3.2273497067981016,,1
9.458606,1.3713531776964756,,0
9.239025,3.0191182715933986e-05,,0
9.889236,0.09323431689856444,,0
7.53048,0.016346061839886305,,0
8.362409,0.03406764273260442,,0
9.857862,0.21457300910424373,,0
9.590761,0.00047949347456578586,,0
7.568896,0.020285971865724294,,0
9.957739,0.0006963937676666352,,0
9.755741,0.11235203565034274,,0
9.229162126,0.0004920009165645968,,0
8.043021,0.015528029596591011,,0
10.28148,0.0009669319247543323,,0
10.01476,0.18860408472109005,,0
9.122711,0.0028436232419078128,,0
9.450774,0.005814709376813502,,0
9.504203,0.006113389684821807,,0
10.22662,0.0006767545621992053,,0
9.555914,0.006369207811272509,,0
9.303557,0.00584379295408928,,0
9.236885,0.004250533584945582,,0
8.043021,0.03045185012888023,,0
7.649693,1.9312957968718159,,0
6.694562,0.006965386293581836,7.876897079318502e+279,0
10.05264,0.0011693173132193426,,0
7.50769,1.283934219599788,,0
10.14843,0.0007043137853786092,,0
9.147401,0.0005539938102763474,,0
9.387398,0.005526516707303092,,0
7.837554,0.014062916949007343,,0
9.987185,0.0008913372506523607,,0
7.512071,1.3687579990548657,,0
9.600895,0.0004200227577064536,,0
9.550449,0.05785829658919856,,0
7.872074,0.01824777826063388,,0
9.07932,0.006449221269488619,,0
9.069353,0.6628575948750071,,0
8.930362,0.40378128152023124,,0
8.237479,2.7492548381573494,,0
9.317399,0.005663896186282813,,1
10.09658,0.17880698003476697,,0
8.72258,0.03307001593941775,,0
9.468388,1.5742451041888912,,1
10.29458,0.0007434845121385863,,0
8.562931,0.0002431854178911054,,0
9.827686,0.0007541524342326032,,0
9.167224,0.004048119571571416,,0
8.95157,0.9207060645753142,,1
8.17611,0.028995357167841344,,0
9.069583,0.06434135123216678,,0
9.981837,0.0005635613695976324,,1
9.830594,0.0007558399669047607,,0
8.997766,0.46770166059491075,,0
9.246286,0.0004949145016915387,,0
10.06824,0.0006884138659189729,,0
9.300821,0.00034821261770080823,,1
9.668208,0.000689586652695994,,0
7.50769,1.2397738365639868,,0
9.187072,0.004270333544757068,,0
9.842729,0.0006659734303006568,,0
10.16157,0.0011116487944881732,,0
9.350276,0.6174346522887995,,0
9.532134,0.8092866024621844,,0
9.39466,0.704386828820254,,0
9.069583,0.04672141024125787,,0
9.451245,0.05010963775444889,,0
10.35313,0.00097808285854529,,0
7.534763,0.018077763910441493,,0
9.435242,0.005986843980239909,,0
9.966134,0.13817724379980442,,0
8.587279,0.5175503434056803,,0
7.903596,1.5215435312316705,,0
9.737551,0.0005377989302332992,,0
9.421573,0.005944768210842629,,0
9.300821,0.0008534724506408978,,0
7.589842,1.1947407594414505,,0
7.955776,0.014987984301931849,,0
8.536015,3.6826477076826487,,0
9.286746,0.007254459912620485,,0
10.20541,0.18086694499000877,,0
8.228177,3.5574094759078965,,0
9.138414632,0.0004566092371244856,,0
8.656781,0.03596477623674719,,0
7.949091,2.8144749144483057,,0
9.188912,0.004702549895026055,,0
8.520986,5.707561354745165,,0
7.729296,0.011528937057146268,,0
7.637716,0.010611220027359067,,0
8.305484018,0.021036386046024307,,0
7.76811,0.01710213726468183,,0
9.929837,0.0010283557018707,,0
9.620461,0.007991147319243254,,0
9.365205,0.007072937197423831,,0
8.665786,0.0231634479003089,,0
7.844241,0.013532367665754564,,0
7.663877,0.00991595476961399,,0
10.38319,0.0008674848344366157,,0
8.6174,0.0003624291041142161,,0
10.16157,0.0008473379339835939,,0
9.207536,0.8813578547209044,,0
9.382022,4.260557896599616e-05,,0
8.250881,2.4265363447598123,,0
8.228177,3.5574094759078965,,0
7.707063,0.022409779958066863,,0
9.744023,0.0007069814316133355,,0
8.325064,2.5203567767054116,,0
9.135832,0.00047299865820058505,,0
8.521185,0.030715588776878213,,0
9.240482,0.0003919919238706368,,0
9.702778,0.000572468528395319,,0
9.236885,0.005304441690802759,,0
9.363748,0.0005210029303192303,,0
7.750184,0.017604407681543262,,0
10.11241,0.18978237500315365,,0
7.473069,0.8613617340970068,,0
7.526179,0.01872895687551464,,0
10.32401,0.1331900868832651,,0
9.229162126,0.0004920009165645968,,0
9.549808,0.0005802165729172134,,0
10.48111,0.1538686317677285,,0
9.489713,0.00569195908484368,,0
8.006368,0.019045664501263306,,0
9.755741,0.10257939840434852,,0
10.16157,0.0009750605704728858,,0
9.488578,0.010960378497598003,,0
9.349406,0.006722902906446573,,0
7.697575,1.8112561097935618,,0
10.08147,0.0009871392147134312,,0
9.094256,0.039935441413426274,,0
7.680637,0.013107029557135292,,0
8.462103,0.03931407220665247,,0
8.309677,0.028652973422691456,,0
10.28459,0.11769764236426357,,0
9.826714,0.09191895109329275,,0
9.069007,0.5277884789728331,,0
8.511778559,0.035184844248781044,,0
9.541728,0.06901104516323117,,0
9.616005,0.9217450211040957,,0
9.675206,0.11351346303466102,,0
8.704336,0.03250223188143134,,0
10.08739,0.09831776608330417,,0
8.669571,0.39668739009766035,,0
9.489713,0.00569195908484368,,0
7.649693,1.785844075645769,,0
9.480138,0.00682319505670503,,0
7.751045,0.02420571023897459,,0
9.39466,0.6736614452809481,,0
9.51731,0.00046953754529643703,,0
9.335298,0.058478139625297035,,0
8.17611,0.018479014179192448,,0
8.136811,2.027140111052459,,0
9.454854,0.004892246640549381,,0
9.274723,0.006242802634553983,,0
7.654917,2.0450350892694766,,0
7.463937,1.8468370914715313,,0
7.707063,0.017783969628254497,,0
7.395722,1.6213118914123668,,0
9.015784,0.6860481821678415,,0
9.300821,0.00034821261770080823,,0
9.473704,0.006751729737059133,,0
7.680637,0.011600505719837574,,0
7.825645,1.400748410394173,,0
9.483416,1.1123015105046157,,0
8.950533,0.4471677136076154,,0
9.209239767,0.0853475604820807,,0
9.574428,0.009942916382122515,,0
10.05857,0.0008613756004425114,,0
10.28459,0.16922327269219478,,0
10.27602,0.0010078906741132923,,0
7.90581,0.018609103509880758,,0
9.649885,0.008410707534956636,,0
7.724888,0.016414258360112375,,0
10.60574,0.0009389069629999327,,0
9.633776,0.08678318855387372,,0
9.521934,0.05911128367141573,,1
7.707063,0.01700483080769525,,0
7.766417,1.6354295946250132,,0
10.14061,0.0012594119790369702,,0
8.306719,2.594306375879939,,0
7.533694,1.8248016690298279,,0
9.253208,4.842923231178871e-05,,0
7.611348,2.4108245457672117,,0
9.981837,0.0006485092293141543,,0
9.6839,0.0006716547314658313,,0
9.490091,0.09072296169596732,,0
9.404179,0.005360465829330652,,0
7.477604,1.9566947269891348,,0
9.999298,0.0006809441591176774,,0
9.668208,0.00044345324083334855,,0
8.430109,0.027801263717159103,,0
8.304742,0.026911915414468947,,0
7.58121,1.707370749580876,,0
7.468513,1.6255260134902525,,0
9.680594,7.02924782395065e-05,,0
9.981282,0.12750444425419216,,0
8.761393,0.003740688153846722,,0
10.28175,0.16928433231687798,,0
10.09394,0.09819034135627817,,0
8.228177,3.5788180943929957,,0
9.69935,0.0004536782005020259,,0
9.616005,1.2769997184195843,,0
10.23599,0.16173410938841143,,0
9.156518,0.5507969644195171,,0
10.06824,0.0005764509227224976,,0
8.659733878,0.031355796960630435,,0
9.434843,0.007531881678445525,,0
9.40253,0.710045959828371,,0
9.900984,0.13602811070320367,,0
9.006754,0.004042384112454682,,0
8.462103,0.026260936378032687,,0
9.007122,0.8149788659901759,,0
9.074062,0.05634653243710401,,0
8.325064,3.9784825174127514,,0
7.786967,2.882500252985068,,0
10.08326,0.0006708545567279906,,0
9.668208,0.0006634757894930504,,0
10.01619,0.0007278770666853066,,0
8.521185,0.030715588776878213,,0
8.197539,0.014107947553193926,,0
7.642044,0.011537375320483224,,0
8.362409,0.019972334487759227,,0
9.30556,0.006449524544339964,,0
7.477604,1.8737779481540873,,0
7.628518,1.1365552286265308,,0
10.05462,0.0007099277861153585,,0
9.633776,0.0753702716940826,,0
9.072571,0.03729839668479384,,0
8.602086,7.4731391185954275,,1
7.468513,1.6255260134902525,,0
9.618867,0.005059069028514469,,0
7.512071,1.1894651575134318,,0
9.896765,0.08536093723542806,,0
9.563389,1.2063275823868775,,0
9.483873,0.06556533194274121,,0
9.053102,0.656105337202619,,0
9.332292483,0.00035721357965332013,,0
7.615791,2.9327645389287307,,1
10.02959,0.0010071024416398813,,0
8.641532,0.0028184881631770917,,0
8.177235,3.8427348777921484,,0
9.414097,1.0338847543145593,,0
9.97278,0.0006121137921608845,,0
7.512071,0.9545681484259306,,0
9.177094,0.003901972391179643,,0
9.639327,0.0004142586307581736,,0
9.639717,0.09566995534287397,,0
9.29771,0.0006483209247983795,,0
9.349406,0.004490751417809369,,0
10.0745,0.12066108098005476,,0
10.09299,0.12345891339185144,,0
9.69935,0.0006210354323625078,,0
9.983592,0.0008519300446354733,,0
8.703839,0.02827498180244636,,0
9.753246,0.0007451994878388532,,1
10.0202,0.0008632947571967426,,0
10.08402,0.001050080143455094,,0
7.825645,1.4681552381174805,,0
9.372714,0.7902726924827884,,0
7.90581,0.013028651541171705,,0
8.065894,2.3635686146059665,,0
8.205492,0.021778791901437642,,0
8.136811,1.9340688331051024,,0
9.350276,0.6174346522887995,,0
9.309914,0.0004556822497713697,,0
9.276596,1.033671008514045,,0
8.136811,1.765839098723239,,0
8.006368,0.03568889194740352,,0
9.348362,0.004653764107002485,,0
9.680594,0.00991361950144966,,0
9.62298,0.0005815328848036284,,0
8.641532,0.0035523189971081526,,0
10.09349,0.000771404837726886,,0
8.562931,0.00030257348965235733,,0
10.32193,0.0012512429648585826,,0
7.516433,2.1694010978042746,,0
7.568896,0.012889713704940967,,0
8.304742,0.02721502310168038,,0
9.578311,0.0007483843740643943,,0
10.09055,0.15510431522932813,,0
9.521422,0.0004545971719451875,,0
8.430109,0.021210184708908106,,0
8.136811,1.765839098723239,,0
9.450774,0.00828039610921163,,0
8.602269,0.3323782796238681,,0
9.073718,0.004878298683213567,,0
9.655411,0.0772811273761064,,0
9.253208,0.5331742670567436,,0
8.236156,3.576536871517756,,0
9.852615,0.18551991371027085,,0
9.053336,0.004756000632989909,,0
9.245804,0.004722016367472249,,0
7.611348,1.7717518877165794,,0
7.688455,1.2878726225820873,,0
8.006368,0.029616732549109178,,0
10.32401,0.1755242715087231,,1
8.423761,0.04160759647507325,,0
9.790095,0.1161903213340546,,0
9.289798,0.6323620953326411,,0
7.680637,0.013087383750837855,,0
7.766417,1.8606120985732393,,0
8.177235,2.2595921239281336,,0
10.34003,0.0010506128991004768,,0
10.1577,0.1509700778449274,,0
7.680637,0.01565278245288779,,0
9.792333,0.13989803609500912,,0
9.302099,0.7050069265104858,,0
8.288534,0.015560428411965893,,0
10.2023,0.000912073801801812,,0
8.17611,0.028995357167841344,,0
9.30556,0.0062090407414314985,,0
7.619724,1.04141393546803,,0
10.20218,0.15018030823155903,,0
10.01284,0.13101577749435103,,0
9.069007,0.869306350564322,,0
8.228177,1.8688674481175815,,0
9.414097,0.9482124615284265,,0
9.317399,0.0045385701954614045,,0
8.246434,4.802866447344319,,1
8.665786,0.041474364550554775,,0
7.619724,1.04141393546803,,0
9.319643,0.003984577677762601,,0
9.008224,0.0058595193955874566,,0
8.117909,0.028513122799964735,,0
7.585281,1.3793119797530784,,0
10.1708,0.1162563959208716,,1
9.852615,0.0857265198726826,,0
9.246286,0.00045390368311037964,,0
9.991178,0.0007445967544254762,,0
9.08387,0.62156738172264,,0
8.529912,0.02047188271712995,,0
8.362409,0.03406764273260442,,0
7.550661,1.864455820731838,,0
7.585281,2.953777351641209,,0
9.894497,0.17734524474407096,,0
9.173054,0.0005406709380065004,,0
9.1072,0.042595818523559884,,0
8.122074,1.7564635809950315,,0
9.403272,0.9364384552310174,,0
9.220687,1.0186190063792753,,0
9.275191,0.0004281466209646181,,0
10.16238,0.0008064982966303033,,0
9.237177,0.004480270164192663,,0
9.236008,0.00041157137923999624,,0
9.344434,0.009201819978944202,,0
7.395722,2.2193972078966024,,0
9.138415,0.0004162675773857472,,0
9.549523,0.0047971437474198545,,0
9.204423,0.05102074363232946,,0
7.563201,2.0953632386085457,,0
8.41671,0.025253049472002284,,0
9.042632,1.1670833463678645,,0
9.256651,1.2202407153500643,,0
9.97278,0.0006674191104815351,,0
9.238442,0.9114042527911044,,0
8.703839,0.03517998730357264,,0
10.16624,0.0006202178799528397,,0
9.42311,0.007097509287491369,,0
9.309914,0.0004556822497713697,,0
7.662468,1.8820033719583815,,0
10.28175,0.184856480135505,,0
6.437752,0.44936007358158514,1.825319438076562e+215,0
8.304742,0.018926615155304752,,0
9.600895,0.00040194244021593464,,0
9.303557,0.004487878359972882,,0
9.753246,0.0007451994878388532,,0
9.072571,0.03729839668479384,,0
8.362409,0.03406764273260442,,0
9.583489,0.0004940317384060604,,0
7.844241,0.0161849924459491,,0
8.240385,0.03539232394425456,,0
8.043021,0.03045185012888023,,0
10.21116,0.13881531565357205,,0
10.00893,0.15695910915380226,,1
8.658866,0.03128816093735854,,0
9.068316,0.7291412284127735,,0
9.015784,0.8242285530499334,,0
8.432724,0.04203259322980414,,0
10.29809,0.09144655642922624,,1
9.143346,0.04838110356489065,,0
8.930362,0.6590987351398416,,0
9.305378,0.00038165380624697004,,0
8.237479,2.3948722927946866,,0
9.499047,0.06611691918838619,,1
8.362409,0.021744221418632508,,0
10.01998,0.0011323951923467854,,0
10.10704,0.10040399589381432,,0
9.175231195,0.03974469896791919,,0
9.639717,0.07946401700481695,,0
9.305378,0.0038009789514145066,,0
9.003685,0.002575026736158599,,0
7.541683,0.014957576781385618,,0
7.589842,1.1947407594414505,,0
9.332204,0.05590116633246508,,0
7.707063,0.018583934461398024,,0
9.899429,0.1286969715996703,,1
9.884407,0.09712009609274082,,0
9.276596,0.6915060020742204,,0
7.800163,0.01768492445709272,,0
7.825645,1.4681552381174805,,0
9.560293,0.009033467949325531,,0
9.414097,1.0338847543145593,,0
9.889236,0.08486959152205616,,0
7.76811,0.01870336477071572,,0
9.100302,0.0063085027392433875,,0
7.81843,0.01722539057145648,,0
9.451245,0.07580872260241292,,0
7.473069,1.24142420099877,,0
9.498222,0.06961601717195771,,0
7.463937,2.301300724868351,,0
9.981282,0.1392333386313844,,0
10.27794,0.18420291007717596,,0
9.616005,1.0156343133370629,,0
9.276596,1.1355493604751394,,0
9.828063,0.0009513521829431627,,0
9.770756,0.09046235427587894,,0
9.297802,1.1605997788667908,,0
9.122711,0.003543372752298772,,0
9.47884,0.8459618964493097,,0
9.961426,0.0008245287855339992,,0
10.14002,0.0012390009352295128,,0
7.649693,1.619619386400018,,0
9.39466,1.0634011452175147,,0
10.02473,0.000699993382117771,,0
9.488578,0.64767356737584,,0
9.241257,0.7950443839995901,,0
9.327234,0.0075987397576960485,,0
9.151969,0.0003519627387322824,,0
9.258273,0.004763190266387118,,2
9.42311,0.008086887460543089,,0
10.29157,0.000849067474248338,,0
8.927712,0.0032865595034097224,,0
10.04429,0.0006460632754347363,,0
7.532624,1.6854185795572447,,0
8.246434,2.315702080803695,,0
9.501741,0.10480846265924884,,0
10.29458,0.0009762785396332195,,0
9.973014,0.13278509685881457,,0
8.228177,2.5814018515202504,,0
10.14002,0.0006346417309583299,,0
7.429521,2.014576412355812,,0
9.39466,0.7039643234872355,,0
8.93142,0.661827821259961,,0
8.767952,0.058751886653402766,,1
9.563389,0.834502690839338,,0
9.444384,0.14910840728723887,,0
9.021598,0.5536365426554667,,0
9.215925,0.04326164706024108,,1
9.981837,0.0012679747676159511,,0
10.16157,0.0009750605704728858,,0
9.372714,0.8320379612293947,,0
9.618801,0.011364911175715942,,0
10.18829,0.0009931078238063515,,0
8.394347,3.768212081121083,,0
9.06543,0.5258025014819542,,0
9.177094,0.003901972391179643,,1
9.644458,0.006777820596423782,,0
10.09658,0.17880698003476697,,0
7.585281,2.936107749347019,,0
9.241257,0.7986301456403037,,0
9.349406,0.006722902906446573,,0
7.766417,1.3653427811638146,,0
9.542733,0.1252952615244889,,0
8.767952,0.002891638411153509,,0
9.889236,0.12250059179909109,,0
9.399886,0.0069081459426971505,,0
8.498622,0.00022882820709397067,,0
9.560293,0.008260097086239744,,0
9.510963,0.0006733116479762526,,0
9.42311,0.007097509287491369,,0
8.17611,0.0210233919359858,,0
7.496097,0.01095190611527161,,0
7.53048,0.014303253119507293,,0
9.737551,0.0009137753510802335,,0
7.594381,0.012720625750275619,,0
10.04107,0.11347954161748042,,0
9.389741,0.8045818930730269,,1
8.587279,0.44881321652108624,,0
8.250881,2.661699605040755,,0
9.414097,0.6916489938992366,,0
9.173054,0.000492902234025041,,0
8.006368,0.029616732549109178,,0
9.332292483,0.0008755338943256767,,0
7.872074,0.0313133127148755,,0
7.955776,0.018648185209529943,,0
9.744023,0.0005648184781535028,,0
8.907206,1.0573935527580585,,0
9.319733,0.0065496020110846235,,0
8.430109,0.03488236766759112,,0
9.275472,0.006058966912718075,,0
9.854822,0.1483096924410031,,1
10.16204,0.1576951615872001,,0
10.35727,0.0010135505399607554,,0
9.008224,0.004267668186061892,,0
9.697447,0.010591485791838271,,0
9.42311,0.004991537197435158,,0
8.798757,0.00029564964857287736,,0
9.072571,0.03729839668479384,,0
9.477998,1.164009051099909,,0
8.394347,2.7280870244449633,,0
9.561279,0.006628082025115661,,0
8.489822,0.00023997738026512852,,0
8.571681,0.0003049171787123438,,1
8.70118,0.002613444344741365,,0
10.07979,0.16029280802184806,,0
10.46484,0.00115826087676906,,0
10.29458,0.0009762785396332195,,0
7.844241,0.02535775044150427,,0
10.18524,0.10807829788529258,,1
9.550449,0.06972067198192128,,0
9.86204,0.0006512917081965872,,1
10.17206,0.0007108025261167879,,0
8.362409,0.02401186397104743,,0
8.003363,0.025857570117650584,,1
7.837554,0.020086367060162993,,0
9.389741,0.7711036150519827,,0
9.208939391,0.00046031373395448596,,0
7.654917,3.0845782801961383,,0
9.275941,0.5238980271082189,,0
9.450774,0.005572762026513305,,0
7.512071,0.8265488644095754,,0
10.22807,0.18557456332995903,,1
9.924564,0.0008900730045905299,,0
7.844241,0.016318255013820438,,0
7.563201,2.61098337375832,,0
9.434843,0.005046247518785112,,0
10.09601,0.0008452219726635278,,0
7.642044,0.011537375320483224,,0
7.516433,0.9987519171683967,,0
8.136811,1.765839098723239,,0
8.609408,0.004168114354132007,,0
8.571681,0.00033346576103630756,,1
10.26085,0.0007943735402117765,,1
10.55122,0.0011269604427049072,,1
9.220885,0.0036764465989479137,,0
7.589842,1.3756539583728908,,0
7.627057,1.4384578262052108,,0
9.300821,0.0005709566364559169,,0
9.289614,0.0004906369856969542,,0
9.39466,0.6736614452809481,,0
9.247154,0.6055238828602012,,0
8.309677,0.0395180378523751,,0
8.122074,1.6608050565969916,,0
9.173054,0.0005666891097943535,,0
9.992093,0.0007793300611526873,,0
7.637716,0.017239649500927455,,0
9.463509,0.9968552648603282,,0
9.826714,0.16606964065383703,,0
8.290293,0.03374098616165112,,0
10.50941,0.23943147043412058,,1
8.246434,3.9976748963656332,,0
9.95323,0.09446750554936356,,0
10.09254,0.11324825280643605,,0
8.626227,0.000281593228228643,,0
9.542302,0.0627614746021101,,0
10.44973,0.0009986043396241703,,3
9.140347,0.04779754920685039,,0
10.22807,0.21207855742721415,,0
9.163249,0.7325184487524647,,0
9.889236,0.12250059179909109,,0
9.563389,0.9608669670420082,,1
9.183071945,0.040311603093020835,,0
6.320768,0.0029042501279550456,5.206184944139085e+190,0
9.07875,0.06471264019560649,,0
9.450616,0.09562911748219981,,0
7.707063,0.022409779958066863,,0
7.754053,0.01935440181454856,,0
9.523617,0.07092413247116898,,0
8.006368,0.03568889194740352,,0
9.361085,0.05493298428279581,,0
9.022564,0.06113176436110486,,0
7.697575,1.5011336478489063,,0
8.53149,0.0002476789576174414,,0
9.139489,0.006477669711435921,,0
9.371779,0.9131724163012217,,0
10.28175,0.14153962892563007,,0
9.348362,0.004653764107002485,,0
8.228177,2.253608264175849,,0
9.677465,0.0007330562793744387,,0
10.28449,0.0008421343305102264,,0
9.042632,0.5643999035417969,,1
9.488578,1.118100805281204,,0
9.276596,1.033671008514045,,0
9.634366,0.857051626195859,,0
9.807362,0.12336769431753682,,0
9.138415,0.0003620666345963206,,0
9.332292483,0.0003906585345392213,,0
9.63587,0.007018329833452017,,0
10.29458,0.0011140395634975317,,1
7.468513,2.322238204685564,,0
9.436519,1.337038169379044,,0
9.256651,1.015669648273374,,0
8.842171,0.8186300595889602,,0
9.16785,0.006018080483954499,,0
9.790095,0.09282625757554523,,0
9.07875,0.03754185893316629,,0
9.532134,0.7028567643385254,,0
7.841493,0.03040591978102853,,0
7.468513,2.5467841967745626,,0
7.74023,3.0954368332870237,,0
9.717218,0.00046003053116235623,,0
8.240385,0.023641294712113764,,0
9.63587,0.005127023489235647,,0
9.286746,0.006633393013914829,,0
8.228177,2.473990922175126,,0
9.893942,0.1682014427943711,,0
9.113389,0.09680978310352868,,0
9.827686,0.0009938581746044238,,0
10.35313,0.0007760324907927667,,0
7.638198,0.015163461618064018,,0
7.513709,0.012105293705968863,,0
9.138415,0.0004162675773857472,,0
8.498622,0.0002418630204398687,,0
10.20218,0.15018030823155903,,0
8.571681,0.0002450690958171341,,0
9.473704,0.004924874191369726,,0
9.885934,0.13314310251626052,,0
9.269175158,0.06338480805097757,,0
9.755741,0.11235203565034274,,0
7.619724,1.5681229692693242,,0
9.884407,0.14596229234391853,,0
10.27781,0.0012113986410125484,,0
9.204423,0.05102074363232946,,0
7.356918,2.2055208362694385,,0
9.924564,0.0009301105843596482,,0
10.28459,0.0903073618046523,,0
9.212039,0.04475647547959844,,0
9.096612,0.00454912257900252,,0
9.574428,0.8590785627975718,,0
9.309914,0.00027916297357127715,,0
9.555914,0.006665700833482258,,0
9.649691,0.08816295287166352,,0
9.755741,0.10257939840434852,,0
9.157889,0.5313372816050018,,0
9.483721,1.0158631441214263,,0
9.208939391,0.0006880821861015889,,0
7.662468,2.1456377614013817,,0
9.62298,0.0006965694645888447,,0
7.825645,3.1889977186217924,,0
7.494986,1.6698684109462159,,0
9.069353,0.5075322106120974,,0
7.825645,1.6891182929399937,,0
9.435242,0.007160389592463513,,0
7.90581,0.013635148359178327,,0
9.677465,0.000536315430887817,,0
9.444384,0.08233313236813412,,0
8.347353,0.02702962943265757,,0
7.786967,2.760351594498874,,0
7.583248,0.013070287213638229,,0
8.304742,0.023548665230462434,,0
9.527557,0.0005161399867589277,,0
9.770756,0.09005618824062175,,0
9.263217,0.6199132466171607,,0
9.389741,0.8082106702168642,,0
7.754053,0.01935440181454856,,0
10.09349,0.000771404837726886,,0
10.34003,0.0007686448169548529,,0
9.212837,0.5826367490469021,,0
9.827686,0.0007575537674466284,,0
9.61153,4.1164362562619055e-05,,0
9.453835,0.7228717200322569,,0
10.09646,0.09842485083952192,,0
9.69935,0.0008870382792583392,,0
9.563389,0.8070099256120057,,0
9.221874,0.6747438878031001,,0
8.250881,2.1137526353939156,,0
9.574428,1.6847296355610177,,0
9.300821,0.0004358565884259885,,0
9.581145,0.06534378153546325,,0
9.123474,0.5352946235706072,,0
9.668208,0.00044345324083334855,,0
9.770756,0.09046235427587894,,0
9.372289,0.578272224062998,,0
7.663877,0.013492649461269806,,0
9.240482,0.004263054653895446,,0
9.07932,0.004147307755486557,,0
10.55122,0.0011269604427049072,,0
7.628518,2.463300108604275,,0
8.136811,2.027140111052459,,0
8.76155,0.04442955814200074,,0
8.960339,0.0342949327973579,,0
8.306719,3.266827035675105,,1
8.304742,0.021564946317112508,,0
7.589842,0.02383626112617377,,0
9.204423,0.07408642283512874,,0
9.173054,0.00042872292427684314,,0
8.423761,0.0361574407814617,,0
10.16084,0.0012602392141968521,,1
10.16624,0.0006762554136896033,,0
8.620291,0.6720101274465671,,0
9.022564,1.1425656765558072,,0
9.5261,0.006446048592466756,,0
9.855137,0.0007004813072835709,,0
9.350276,1.163948329275366,,0
10.04429,0.000885716966418861,,0
7.688455,1.4105669662350953,,0
10.20541,0.11926663899449211,,0
9.169831,0.04719794546423256,,0
9.537628,0.16354029951753862,,0
8.325064,3.0143989876437804,,0
9.35496,0.08650993171310287,,0
9.563389,1.2063275823868775,,0
10.18829,0.000948933993114543,,0
7.800163,0.016949062983135987,,0
7.568896,0.014797076183306201,,0
7.649693,2.9326052007141143,,0
9.481588,1.1102542942132603,,0
7.844241,0.016318255013820438,,0
9.453992,0.010048896437610687,,0
8.562931,0.00022269969149428677,,0
8.438799,0.021420047264021327,,0
9.517457,0.054294755347340865,,0
9.662689,0.0006550938405648226,,0
9.096612,0.003650756383885076,,0
7.496097,0.009653432152289592,,0
9.620461,5.1732676519153955e-05,,1
7.327123,1.1290571770679667,,0
9.433164,0.00042307759865268797,,0
7.628518,1.6429640506241996,,0
9.490091,0.05996796398269568,,0
10.09349,0.000771404837726886,,0
7.724888,0.013209686276503,,0
9.381264,0.05607508109853145,,0
10.29157,0.0007763773347514149,,0
9.39466,1.0665961387472211,,0
9.279307,0.0071998650488966425,,0
9.574428,0.010359048367976988,,0
10.28148,0.0008402740550023084,,0
7.285507,1.2253804110486324,,0
9.581145,0.09870763304230777,,0
7.74023,1.7184608538417512,,0
7.53048,0.016346061839886305,,0
8.250881,2.1137526353939156,,0
9.21164,0.00030769945427630877,,0
9.792333,0.1283054621078991,,0
8.839132,0.0040410633023195,,0
9.100302,0.0047941593004978324,,0
7.583248,0.014956432912314408,,0
9.899429,0.1286969715996703,,0
10.46442,0.0008051041899358524,,0
10.29809,0.09144655642922624,,0
7.724888,0.02715199079059654,,0
9.436519,1.2170827980436933,,0
8.362409,0.025021814898884328,,0
10.39946,0.000802656586222217,,0
9.894497,0.1544852106838978,,0
9.123474,0.5352946235706072,,0
8.575273,0.03158082605143732,,0
8.043021,0.018696694656104663,,0
9.697447,0.009267841005144618,,0
7.512071,2.2355868328254545,,0
9.250522,0.6094603869397438,,0
8.438799,0.020479559098665886,,0
9.094144,0.45175793533993536,,0
9.069353,0.5805408552572728,,0
10.02473,0.000911481120079572,,0
10.21116,0.15204011269052792,,1
9.463431,0.0053789972812340525,,0
7.750184,0.012418028241032273,,0
10.29458,0.0008187247400824727,,0
9.204423,0.05927764704150129,,0
7.468513,1.8604743163595348,,0
9.905935,0.19580886136248996,,0
9.414097,0.6916489938992366,,0
7.949091,3.3813522819939945,,0
9.792333,0.09765236182371954,,0
9.548525,0.00669640954828091,,0
9.894497,0.14168387847969788,,0
10.22662,0.0006767545621992053,,0
8.489822,0.00026142427703547714,,0
8.741456,0.5083442855457733,,0
7.903596,2.652294994005423,,0
8.669571,0.47515855104699395,,0
9.510963,0.0004903935810054764,,0
9.04523,0.7436036934323523,,0
8.523573,0.3058051089832804,,0
9.068316,0.5262979210386731,,0
10.4146,0.0008115270522916379,,0
10.08739,0.15403883471880248,,0
7.649693,2.0439642356924645,,0
7.872074,0.02386811179354657,,0
8.947936,0.8398812967594809,,0
9.675583,0.0008327663543968553,,0
9.977992,0.0009199925112455213,,0
9.381264,0.12135152835022617,,0
7.649693,1.619619386400018,,0
9.919115,0.15758189418340499,,0
7.844241,0.0161849924459491,,1
7.90581,0.013614710968514618,,0
8.521185,0.023328372029509575,,0
9.173054,0.0005666891097943535,,0
9.04523,0.5608806976776359,,1
7.559559,0.013840569779832407,,0
9.211639528,0.00030769933516296545,,1
8.17611,0.023026269572885956,,0
10.4254,0.001117945760572612,,0
9.169831,0.0621064819887928,,0
7.680637,0.03268932897806774,,0
7.58121,1.198960119340262,,0
9.936632,0.0007454473136587095,,0
8.136811,1.9340688331051024,,0
9.289798,0.6323620953326411,,0
10.43632,0.0009407310771306256,,1
9.255313738,0.0004586364073287731,,0
10.05989,0.000820178518161966,,0
7.987864,2.153888104423111,,0
10.09601,0.00073450682117821,,0
9.444384,0.052393032088989586,,0
9.078294,0.4436236432634908,,0
8.98507,0.007182331788104324,,0
9.288227,0.006705453554101824,,0
7.628518,2.6939323289209014,,0
8.131825,0.019468625346176875,,0
7.766417,1.188397212297984,,0
9.362203,0.0003962752397379169,,0
10.11241,0.16531917858165676,,0
8.41671,0.03590752629412685,,0
8.875986,0.00026485887843044885,,0
7.786967,1.919679146595566,,0
8.325064,4.002425168643024,,0
9.534595,5.5282519760494664e-05,,0
8.006368,0.029616732549109178,,0
10.29819,0.001230771819098969,,0
9.488578,0.005284546545598396,,0
7.615791,2.798113686691846,,0
8.257126,0.0001840455075598765,,0
9.169831,0.042770574879930745,,0
9.29771,0.004921584586564879,,0
7.526179,0.01299767924869172,,0
7.76811,0.012493436694044499,,0
8.658866,0.03128816093735854,,0
9.276596,0.8982710236639445,,0
8.529912,0.029593429782981507,,0
8.571681,0.00028978526828721653,,0
7.786967,1.6936027437839352,,0
9.999298,0.0008497823895629105,,0
9.453992,0.008052340715473085,,0
9.563389,0.8070099256120057,,0
9.987185,0.0008187042142688135,,0
7.473069,0.9082453476033006,,0
9.333708,0.07028969694969504,,0
7.550661,2.351302019053743,,0
7.81843,0.013268389690110467,,0
9.746483,0.15332565380622123,,0
7.701652,3.1052079790377736,,0
8.304742,0.026911915414468947,,0
10.05462,0.0006511000097164222,,0
7.601902,0.010731710416667045,,0
9.684025,0.007287690232152903,,0
9.899429,0.11210776359211881,,0
7.786967,1.6085900676319818,,0
9.20140053,0.0644309282140486,,0
7.707063,0.016297267713891984,,0
9.258273,0.00746270290108646,,0
7.649693,2.0439642356924645,,0
8.462103,0.026339837479643385,,0
8.822027,0.511238713364076,,0
9.300821,0.0005709566364559169,,0
7.433075,2.325370110520841,,0
7.642524,0.024070001277241956,,0
7.50769,0.7470889483170018,,0
9.822169,0.06639264546269298,,0
7.473069,1.24142420099877,,0
8.98507,0.005960319529133679,,2
9.435242,0.005986843980239909,,0
8.432724,0.025519563308885152,,0
6.57647,0.005291465715212027,4.7371800403495434e+247,0
9.275191,0.0005633863962077004,,0
9.288227,0.004861860378556831,,0
9.220885,0.005503843616781496,,2
9.594718,4.0562608839799366e-05,,0
9.918721,0.13816735831018584,,0
7.627057,2.4944582857327045,,0
9.60245,0.0009518737572553064,,0
9.246286,0.00041504420133283326,,0
10.50197,0.0008271886630901603,,0
8.684401,0.002571749478816635,,0
9.649691,0.07404602351741102,,0
9.509259,0.00557894308127587,,0
8.402679805,0.021562105792887563,,0
8.462103,0.028676630598149917,,0
9.975483,0.1816528667595964,,0
8.342363,3.526610527639664,,1
10.38381,0.12869825780145913,,1
9.029657,0.0413280404013482,,0
7.619724,1.5681229692693242,,0
7.903596,2.436165533850486,,0
8.562931,0.00020193062321233342,,0
8.236156,1.988528619161664,,0
9.604407,0.0005525654931999344,,0
9.127828,0.0002871689509898598,,0
9.151969,0.0004832457455013539,,0
7.688455,1.1890940650020487,,0
8.658866,0.03128816093735854,,0
9.211639528,0.00041805923025428713,,0
9.981837,0.0007756304910440571,,0
9.1072,0.058396507895343286,,0
9.300821,0.0008534724506408978,,0
8.043021,0.027989984559373585,,0
7.697575,1.5011336478489063,,0
10.35313,0.00097808285854529,,0
7.429521,0.7437197137995286,,0
10.4254,0.0008248059428224217,,0
10.45077,0.1978276657916224,,0
8.850518,0.00039244193994725663,,0
7.697575,1.587277981600088,,0
8.006368,0.022779009829972666,,0
9.664532,4.1169777144008016e-06,,0
7.637716,0.01377577940352152,,0
9.857862,0.11331256353717435,,0
6.694562,0.006965386293581836,7.955424751632909e+279,0
9.069583,0.03941721000231544,,0
7.623642,1.7928236425383342,,0
7.448334,0.018861481473210366,,0
9.975483,0.08771540506331901,,0
9.151969,0.003993907340854009,,0
7.903596,1.9332940325369787,,0
9.236008,0.00036121829330184983,,0
9.258273,0.004375048772618014,,0
8.228177,2.9500809323578716,,0
8.562931,0.00022269969149428677,,0
9.269175158,0.054555809873647686,,0
7.512071,1.1427112847363368,,0
9.929837,0.0006858894064618492,,0
9.245804,0.004927027696279857,,0
7.219642,0.6194424927445591,,0
9.31551087,0.0005236042673669186,,0
9.827686,0.000634345979759675,,0
7.623642,1.9648026955904174,,0
6.57647,0.006994298242201115,3.561002229810101e+247,0
9.842729,0.0005576601771276189,,0
9.578311,0.0006499638299164793,,0
9.744023,0.0005648184781535028,,0
10.11241,0.18978237500315365,,0
7.688455,2.5733067043921016,,0
9.250522,0.5309001457341017,,0
9.400051,0.6787886664698038,,0
7.680637,0.013676085091279253,,0
8.465479,0.018413655935217245,,0
7.729296,0.013747543322729285,,0
9.269175158,0.06338480805097757,,0
9.289798,0.9581095897456046,,0
7.619724,1.0896748436193642,,0
7.496097,0.014947043417565498,,0
9.162934,1.009348155249519,,0
7.844241,0.024502727077610777,,0
9.157889,0.7284339833304248,,0
10.08402,0.0007659537331576277,,0
9.100302,0.0047941593004978324,,0
9.600895,0.004773375066665522,,0
10.01284,0.07918744431186812,,0
9.256651,1.0581775615922482,,1
9.560293,0.008260097086239744,,0
9.072571,0.03729839668479384,,0
10.0846,0.1465785233227339,,0
10.13974,0.112131256650505,,0
9.350276,1.163948329275366,,0
9.919115,0.13155766678831793,,0
7.550661,1.4374478652619715,,0
7.327123,1.1290571770679667,,0
7.448334,0.011417209532389545,,0
8.122074,4.153712275704072,,0
9.966134,0.16551093024514454,,0
10.28175,0.184856480135505,,0
8.205492,0.029723460437538554,,0
8.177235,3.8427348777921484,,0
9.620461,0.007991147319243254,,0
9.042158,0.7065274906751674,,0
9.365205,0.007072937197423831,,0
9.638675,0.0004146685237955531,,0
9.744023,0.0007069814316133355,,0
10.09658,0.11412643356600513,,0
9.143025,0.00543186861275699,,0
9.275191,0.0004281466209646181,,0
8.562931,0.00030257348965235733,,0
9.618801,0.005570755274889416,,1
10.29769,0.19711425317790113,,0
8.769973,0.042570624870810404,,0
10.39946,0.001097101475781559,,1
10.32401,0.13339002192738575,,0
9.719204,0.005974984413454844,,0
9.122711,0.003543372752298772,,0
9.204423,0.07408642283512874,,0
9.072571442,0.08827445844813356,,0
9.273597,0.0005339313328542524,,0
7.955776,0.02030259750056792,,0
9.827686,0.000634345979759675,,0
9.946834,0.08141935656522359,,0
9.830594,0.0006357654269665059,,0
9.890149,0.0006905995580412286,,1
9.537628,0.10391356420852896,,0
9.350276,0.7066766714776931,,0
9.240482,0.0004096246437035913,,0
8.641532,0.003708771274263122,,0
8.626227,0.00017903182377859784,,0
7.949091,1.9586896679523418,,0
7.786967,2.2890984747985788,,1
9.07875,0.06471264019560649,,0
9.697447,0.006190714147303259,,0
8.362409,0.019912507269993003,,0
9.581145,0.07519331112828244,,0
9.234252,0.657372888016122,,0
9.559658,0.007174510410901773,,0
9.253208,4.4084295361975085e-05,,1
7.473069,1.2933804176856882,,0
8.56274,0.033725686349343725,,0
7.754053,0.01246493967684694,,0
9.426338,1.1080936356232798,,0
7.825645,2.644565217119941,,0
9.344784,0.007938975646690102,,0
9.695417,0.0004976136990790912,,0
7.688455,2.5733067043921016,,0
9.596894,0.0004187021760546718,,0
10.24736,0.14196247468113193,,0
9.375177,0.05863835291656304,,0
9.326967,1.1958601605633763,,0
9.618801,0.011364911175715942,,0
10.09349,0.0011462067797890895,,1
9.521934,0.06802136392863437,,0
10.18524,0.128954024920477,,1
10.01619,0.0007278770666853066,,0
9.268609,0.930982519691139,,0
10.29157,0.0007763773347514149,,0
9.228279,0.004856909584688565,,0
9.266153,0.0007210441853630207,,0
9.099185,0.5477627109063913,,0
7.583248,0.013696516116434729,,0
9.339085,0.0046579499498644586,,0
9.008224,0.005365918618880496,,0
9.363748,0.0004985758160240394,,0
10.27781,0.0009233707865249943,,0
8.122074,2.9870983319447855,,0
9.435242,0.006893399722487284,,0
10.28459,0.10391975171602608,,0
7.589842,1.1467469836478554,,0
10.05264,0.0009732834589909131,,0
10.55122,0.0010304794040686609,,0
9.269741,0.005486387089801598,,0
9.638023,0.0011169626951313247,,0
8.630522,0.3140676914509345,,0
8.117909,0.028513122799964735,,0
9.618801,0.006083198590905174,,0
10.10144,0.0008065464488832717,,0
8.93142,0.35128766048984533,,0
8.136811,1.765839098723239,,0
8.840291,0.36650063005753614,,0
9.450774,0.005814709376813502,,0
7.489971,0.027035124719843175,,0
8.006368,0.022779009829972666,,0
9.598117,0.00045834518675915304,,0
9.17108,0.007242957457856979,,0
9.201401,0.07385430179516064,,0
9.473704,0.006751729737059133,,0
9.349406,0.007046422501152218,,0
9.483721,0.05688285163098001,,0
9.559658,0.0055098341555641465,,0
9.501741,0.06334744149878961,,0
9.504203,0.006113389684821807,,0
10.20218,0.10404636603856367,,0
9.884407,0.1268427736486392,,0
7.903596,2.652294994005423,,0
10.29809,0.10357072564474462,,0
9.364091,0.00039986716395371295,,0
7.568896,0.01473063893639973,,0
9.246286,0.0004949145016915387,,0
9.996887,0.0006233813626021429,,0
9.180396,0.006699949559110022,,0
9.521422,0.0005179670811957862,,0
10.09055,0.10768366399692095,,0
9.335298,0.06482251539338886,,0
9.677465,0.0005874096684932653,,0
9.755741,0.08874234022397537,,0
9.248888,0.6062459731281329,,0
9.103312,0.501536060711431,,0
9.21164,0.0005007582795805353,,0
8.462103,0.03931407220665247,,3
9.677465,0.0006696950626713803,,0
8.043021,0.03672092484622867,,0
9.309914,0.0004556822497713697,,0
7.690286,1.7048331940800998,,0
8.498622,0.0002634784378021539,,0
9.236982,0.00510705981974483,,0
8.6174,0.0002136264395968906,,0
7.550661,1.968888608415021,,0
9.069583,0.06453466511169721,,0
10.1708,0.1162563959208716,,1
9.04688,0.0035079005890138715,,1
9.100302,0.0066120805653402705,,0
9.263217,0.7063278761083227,,0
8.659734,0.03135580118207486,,0
8.53149,0.00028475620177426645,,0
9.471319,0.004501436409033166,,0
9.349406,0.007046422501152218,,0
8.750208,0.3601864971995308,,0
7.58121,1.0850809732063988,,0
7.285507,1.5989566701958542,,0
8.950533,0.4471677136076154,,0
8.246434,2.449081156882041,,0
8.587279,0.4957177946232692,,0
7.53048,0.016459239681100947,,0
7.568896,0.025430000677389986,,0
9.162934,0.842657013166577,,0
7.585281,0.9050951609833585,,0
8.394347,4.306392901612387,,0
8.950533,0.4890348341760762,,0
9.453992,0.010048896437610687,,0
9.20392,0.003977024948554202,,0
8.562931,0.0002431854178911054,,0
8.462103,0.04492895777613375,,0
10.28148,0.0009266983374923694,,0
9.303557,0.00584379295408928,,0
9.103312,0.501536060711431,,0
7.949091,2.062204823102426,,0
9.649885,0.006459200836637959,,1
9.755741,0.19424827663088803,,0
9.138415,0.0004566093760398973,,0
8.304742,0.023548665230462434,,0
9.349406,0.006722902906446573,,0
9.60245,0.0006628391941935003,,0
8.418698,0.03561728850441612,,0
10.08147,0.0009026285139779787,,0
7.637716,0.016476117933692445,,0
8.795885,0.00031125382538572716,,0
9.274723,0.005708345470523229,,0
7.649693,1.0275642285510458,,0
9.581145,0.09894481586715187,,0
7.697575,1.8112561097935618,,0
7.615791,2.2388123107364857,,0
7.688455,2.5733067043921016,,0
9.275191,0.0005633863962077004,,0
9.344434,0.009201819978944202,,0
9.97278,0.0008329038423353846,,0
9.430038,0.007077327349229587,,0
9.702717,0.006164179180835546,,0
8.136811,2.027140111052459,,0
9.07932,0.006449221269488619,,0
10.29819,0.0007801582211773356,,0
9.488578,0.008259688007875994,,0
9.335827,0.005954781489842527,,0
9.1072,0.044511878749150274,,0
8.950533,1.0583154474531906,,0
9.702717,0.006731210447525879,,0
7.792349,0.02008835825049614,,0
9.638023,0.00039602145977444067,,0
9.517457,0.06435583691445514,,0
10.22973,0.09718414688187237,,0
10.06603,0.15153974844691415,,0
9.473704,0.006751729737059133,,0
10.21116,0.12655087298536152,,2
9.549808,0.0005819598362234752,,0
7.457609,0.020697722568503548,,0
7.649693,1.785844075645769,,0
7.90581,0.015734423582170386,,0
9.837187,0.18292688854495212,,0
8.489822,0.00020854287800606305,,0
9.269741,0.005486387089801598,,0
7.512071,1.7914113244873184,,0
10.38381,0.1290849322966004,,1
7.81843,0.01634929032705397,,0
10.28288,0.0008802947141747753,,0
9.024131,0.5252063073857896,,0
7.513709,0.011085554377171392,,0
7.649693,1.184938856035219,,0
8.418698,0.03125974451712923,,0
9.289614,0.0005868120127495597,,0
10.29819,0.0016050284267469404,,0
9.523617,0.1344255815624819,,0
9.138414632,0.00041626745074362163,,0
10.14258,0.155998488780385,,0
8.205492,0.021778791901437642,,0
9.471319,0.0058878832210564275,,0
10.04429,0.0006460632754347363,,0
9.20140053,0.11623264809147417,,0
8.636397,4.738668644906865,,1
9.072571,0.035692848314913136,,0
9.297802,0.6423878193059631,,0
7.50769,1.0767303259782395,,0
9.241257,0.7619629572911815,,0
9.97138,0.09171318582566945,,1
9.301369,0.003937724831846968,,0
7.844241,0.02535775044150427,,0
9.755741,0.08975979135500352,,0
10.03924,0.15423551761937657,,0
9.258273,0.004375048772618014,,0
9.306104994,0.00038039270147809123,,0
7.647309,0.016540219545800282,,0
9.753246,0.00045652887518279087,,0
9.255313738,0.0004586364073287731,,0
9.807362,0.14162309677023174,,0
10.08147,0.0006643513013245121,,0
10.10704,0.11440010607849373,,0
9.894497,0.14168387847969788,,0
8.418698,0.03125974451712923,,0
9.532134,0.7028567643385254,,0
10.35313,0.0008190084398646502,,0
10.27794,0.18420291007717596,,0
9.450774,0.0075714970328440295,,0
7.688455,1.2398516399792672,,0
9.103312,0.8658186802821992,,0
9.16178,0.006667630994732329,,0
9.438909,0.00044441344289101027,,0
9.480673,1.5938728869421426,,0
9.638023,0.00045571535865482403,,0
7.766417,1.6439559779008028,,0
9.150272,0.004361731192674154,,0
8.61559,0.03765201990402776,,0
9.902337,0.08257172947786968,,0
9.269741,0.007143979325451888,,0
10.08739,0.1469665109447155,,0
9.276877,1.4901935619201052,,0
10.06603,0.15153974844691415,,0
8.290293,0.03219184967910253,,0
9.548525,0.006417775064295852,,0
9.240482,0.004864607131050986,,0
9.581145,0.06505039513304825,,0
8.521185,0.03534547234819457,,0
7.589842,1.3756539583728908,,0
9.236008,0.0004696475248230489,,0
7.688455,2.1339862878164664,,0
10.20278,0.0006089135758261092,,0
10.0846,0.1536321763529531,,0
7.786967,1.4044672662122626,,0
9.549808,0.0005552405456445737,,0
9.477922,0.007475729205491995,,0
9.173054,0.000492902234025041,,0
10.09745,0.0006147875527906817,,0
9.069583,0.06434135123216678,,0
9.563389,0.834502690839338,,0
8.392763,0.02475237098791333,,0
9.372714,0.7269648058545956,,0
7.750184,0.017604407681543262,,0
10.38943,0.0007968264847972067,,0
9.600895,0.006524430148571458,,0
8.423761,0.021952537976065233,,0
9.160415,0.7310139329176438,,1
7.825645,1.670305715148442,,0
9.807362,0.08611376584781034,,0
7.541683,0.019623306747663622,,0
9.477998,1.164009051099909,,0
7.485492,1.3708515437319857,,0
9.160415,0.8354182683793429,,0
9.07932,0.007771470423012576,,1
10.29458,0.0008555529068968148,,0
7.568896,0.01473063893639973,,0
7.585281,2.1545563007808686,,0
8.342363,3.526610527639664,,0
9.563389,0.834502690839338,,0
9.112838,0.8745157115959405,,1
9.753246,0.0006475862254636877,,0
9.579625,0.0004969816294134045,,0
8.246434,2.315702080803695,,0
9.1072,0.10534662374288839,,0
8.325064,3.9784825174127514,,0
7.53048,0.016346061839886305,,0
9.073718,0.005834546421370309,,0
9.807362,0.14162309677023174,,0
7.766417,1.4203531229658812,,0
7.513709,0.013854953931857783,,0
9.07875,0.05662533776122064,,0
8.122074,1.6608050565969916,,0
9.081256219,0.00045642556217383564,,0
10.1708,0.11148589287867043,,0
10.07853,0.13366110922549515,,0
9.096275,0.7468658012150157,,0
8.93142,0.6889064142246436,,0
8.98507,0.004768940161800186,,0
8.117909,0.021049239483419413,,0
9.357898,0.005203226893971708,,0
8.392763,0.03694466608067505,,0
8.250881,2.4265363447598123,,0
10.34003,0.000775128627295942,,0
7.837554,0.014736705130334062,,0
10.09394,0.13615689406751105,,0
9.166179,0.00404463460795852,,0
7.751045,0.01410583533923359,,0
9.204423,0.05102074363232946,,1
9.694432,0.00617618778523395,,0
9.830594,0.0009532046941005378,,0
9.080232,0.005164034877734675,,0
9.436519,1.1162298999002307,,0
9.595331,0.0006908545708294833,,0
7.363914,0.01579992263487242,,0
9.996887,0.0006817468972191993,,0
9.089528,0.054772853847890504,,0
10.18829,0.000948933993114543,,0
9.809012,0.11789293708223514,,0
7.448334,0.013047829853535278,,0
9.855137,0.0008377901744129842,,0
10.18524,0.09392118234682924,,0
9.236008,0.0004696475248230489,,0
8.006368,0.03568889194740352,,0
10.52291,0.0010013272043473756,,0
9.414097,0.6286524703743034,,0
9.905935,0.10386988252793176,,0
8.423761,0.020850600695600612,,0
9.173054,0.000492902234025041,,0
9.981282,0.1392333386313844,,0
8.6174,0.0002136264395968906,,0
8.741456,0.46692047097907796,,0
8.444407422,0.00021672359560007492,,0
9.499047,0.06651481319184561,,0
7.623642,2.264359258672019,,0
9.069353,0.5840345710550688,,1
9.62139,0.9733256179516382,,0
9.137017,0.44880666614855025,,1
7.615791,2.2421730491262286,,0
9.463431,0.005147452735513664,,0
8.347353,0.02951603428328565,,0
9.899429,0.0777859313325403,,0
9.150272,0.004748691189815118,,0
8.684401,0.004430384604109118,,0
9.151969,0.00573891423709605,,0
8.498418,7.658746524542543,,0
6.437752,0.3576033860132533,7.249482588919501e+214,0
10.28175,0.11172938486015105,,0
8.205492,0.021778791901437642,,0
7.844241,0.013532367665754564,,0
9.297802,0.6423878193059631,,0
6.320768,0.4492929951949648,3.191153120091919e+190,0
7.724888,0.015099329959786186,,0
9.684025,0.00446463138885683,,0
7.964156,3.5785920981875443,,0
9.286746,0.005331413713667525,,0
9.581145,0.06505039513304825,,0
10.00582,0.00107309937210273,,0
9.737551,0.0004673529504135996,,0
7.550661,0.8693314816479465,,0
9.991178,0.0007114767948649978,,1
9.021477467,0.03533877256325637,,0
9.957739,0.0006598517961355872,,0
9.069353,0.5075322106120974,,1
8.17611,0.027766651645019097,,0
10.09254,0.11324825280643605,,0
10.53803,0.0009768461644664738,,0
10.04603,0.09775280777739777,,0
10.0846,0.1536321763529531,,0
9.06543,0.45940201195015556,,0
8.41671,0.03590752629412685,,0
7.844241,0.019516971505150717,,0
9.483721,0.7080352767691597,,1
9.42311,0.00621051558787869,,0
9.042632,0.4916480175967167,,0
9.560293,0.0060795844174318485,,0
9.618801,0.005570755274889416,,0
9.6839,0.0005836750554219943,,0
8.61559,0.00437272595217626,,0
9.49296,0.07561835563191582,,0
10.15203,0.0007051450204865669,,0
7.732808,2.590008807304173,,0
10.41832,0.14628804672660764,,0
7.471363,1.9395916411854492,,0
10.29809,0.1302238273638922,,0
7.485492,1.5037050734478357,,0
9.884407,0.12714756190500498,,0
9.099185,0.6269345717283585,,0
9.560293,0.0066388339707033036,,0
9.581145,0.07519331112828244,,0
7.784889,0.012844353688185022,,1
7.628518,1.2655438598093294,,0
7.649216,1.940208170324719,,0
7.552237,0.01912092117245634,,0
7.615791,2.2421730491262286,,0
8.177235,2.2595921239281336,,0
10.50941,0.18168369579658733,,1
7.628518,1.2056296462607958,,0
10.28175,0.1948012369338967,,0
9.096612,0.00454912257900252,,0
9.179056,0.004862716245276033,,0
7.550661,1.0930470177106804,,0
7.697575,1.0914647351719433,,0
8.122074,2.1180639888834234,,0
9.58953,0.0006023029340246141,,0
9.546241,0.007440393655202147,,0
10.38381,0.1290849322966004,,1
8.551981,0.031293229529335616,,0
9.480673,0.005478449436983327,,0
9.113389,0.04480178822204118,,0
8.693497,4.576021669384684,,0
9.276596,0.8238362882454333,,0
7.623642,2.966230132549044,,0
8.72258,0.003172839756069059,,0
9.529812,0.1032574063495959,,0
9.842729,0.0006659734303006568,,0
9.532134,1.064918044741553,,0
9.268609,0.5474332307352718,,0
6.320768,0.0031857101317320762,2.8962805103209363e+190,0
9.237177,0.004480270164192663,,0
10.00969,0.0006577519144604451,,0
6.320768,0.40959760456135036,4.2338524833146675e+190,0
7.425358,1.4695449210962865,,0
9.300821,0.00034821261770080823,,0
9.305378,0.006204399594102877,,0
