Iteration,Family,Phase,Upper Vars,Lower Vars,Val Poisson Dev,Val RMSE,AIC,BIC,AADT elasticity min,AADT elasticity p10,AADT elasticity median,AADT elasticity p90,AADT elasticity share positive,Monotonic AADT OK
7,poisson,random,"FC_1, MIGRADE_Z, SPEED_Z","CURVES_Z, LANES_Z",627.3114025445491,16.58695028190725,1871.266864007026,1893.00848232433,0.7571012410255457,0.7663321559896169,0.7724366583934984,0.7764097159742714,1.0,yes
1,nb,random,"LANES_Z, WIDTH_Z",SPEED_Z,652.6977083589481,17.703780292736674,1153.2895214393566,1171.92519428276,0.8708426705940805,0.8708426705940805,0.8708426705940805,0.890650079769652,1.0,yes
2,poisson,random,"LANES_Z, WIDTH_Z",SPEED_Z,659.3047246277007,16.991932972602175,1916.1973346064183,1931.7270619759213,0.7665245114572119,0.7665245114572119,0.7665245114572119,0.782858977053403,1.0,yes
5,poisson,random,"ACCESS_Z, CURVES_Z, FRICTION_Z, TANGENT_Z",FRICTION_Z,659.3110709755875,16.755358209618528,1900.5659693720456,1922.3075876893497,0.6798558355298855,0.7296982437979718,0.8024995566619877,0.8574439437291695,1.0,yes
4,nb,random,"ACCESS_Z, MIGRADE_Z","HISNOW, SLOPE_Z, SPEED_Z",690.3697247064637,18.37408716743978,1155.5568506739708,1180.4044144651755,0.6682475917459854,0.6926620067197055,0.7058819394582767,0.7392612655287482,1.0,yes
3,nb,random,"AVEPRE_Z, CURVES_Z, MIGRADE_Z, MXGRADE_Z, MXMEDSH_Z","AVESNOW_Z, HISNOW, LANES_Z, SLOPE_Z",699.0184804192302,18.73307858745088,1150.8711564957691,1188.1425021825762,0.7536590491636876,0.7848139091635425,0.8433383248475901,0.866831273884083,1.0,yes
6,nb,random,"MINRAD_Z, MXGRADE_Z","AVEPRE_Z, HISNOW, LANES_Z",737.7298477778802,18.556065096332826,1152.8014821956392,1177.649045986844,0.8234043265324804,0.8457628910585833,0.8652061195456704,0.8916479468784505,1.0,yes
