{
  "loglik": -1850.556505723172,
  "bic": 3741.2206818123514,
  "aic": 3713.113011446344,
  "num_parm": 6,
  "n_obs": 800,
  "label": "lc1_nb"
}