Split,aadt_elasticity_min,aadt_elasticity_p10,aadt_elasticity_median,aadt_elasticity_p90,aadt_elasticity_share_positive
train+validation,0.7341943399188192,0.7523373086528268,0.7791916496248448,1.0705928700979848,1.0
test,0.7358066531872269,0.7521630045157016,0.7761374926069068,1.0762112152407866,1.0
