{
  "loglik": -3306.0812666157462,
  "bic": 6644.91793490671,
  "aic": 6622.1625332314925,
  "num_parm": 5,
  "n_obs": 700,
  "label": "lc1_tobit"
}