{
  "loglik": -2689.65727944926,
  "bic": 5464.478603254084,
  "aic": 5405.31455889852,
  "num_parm": 13,
  "n_obs": 700,
  "label": "lc2_tobit"
}