label,LL,k,BIC,dBIC
lc2_tobit,-2689.65727944926,13,5464.478603254084,0.0
lc1_tobit,-3306.0812666157462,5,6644.91793490671,1180.4393316526257
