Iteration,Upper Vars,Lower Vars,Val Poisson Dev,Val RMSE,AIC,BIC,AADT elasticity min,AADT elasticity p10,AADT elasticity median,AADT elasticity p90,AADT elasticity share positive,Monotonic AADT OK,Phase
4,"ACCESS_Z, DOUBLE_Z",MEDWIDTH_Z,620.6364871023897,16.69048510140559,1147.9080081497755,1166.543680993179,0.618940798644535,0.6228639087982494,0.6346332392593927,0.6346332392593927,1.0,yes,random
1,"LANES_Z, WIDTH_Z",SPEED_Z,652.6977083589481,17.703780292736674,1153.2895214393566,1171.92519428276,0.8708426705940805,0.8708426705940805,0.8708426705940805,0.890650079769652,1.0,yes,
2,"LANES_Z, WIDTH_Z",SPEED_Z,652.6977083589481,17.703780292736674,1153.2895214393566,1171.92519428276,0.8708426705940805,0.8708426705940805,0.8708426705940805,0.890650079769652,1.0,yes,
7,"ACCESS_Z, CURVES_Z, MIGRADE_Z, MXGRADE_Z",PEAKHR_Z,676.8122222987306,16.91472407409818,1158.8583211104694,1183.7058849016742,0.7961307660152629,0.7966787693318913,0.7973637734776767,0.8003595249419121,1.0,yes,random
6,"ACCESS_Z, AVESNOW_Z, MEDWIDTH_Z, MINRAD_Z",LANES_Z,695.9380039084845,18.37463066069019,1159.0166168345302,1183.864180625735,0.9271334688973629,0.9478342912143473,0.9862786755173183,0.9862786755173183,1.0,yes,random
3,"AVESNOW_Z, CURVES_Z, GRADEBR_Z, MIMEDSH_Z, MXGRADE_Z, SPEED_Z","AVEPRE_Z, MEDWIDTH_Z, URB",739.0522697744335,17.425077511213736,1145.56970914834,1182.8410548351471,0.7984345249094116,0.8072593901912801,0.8198330859820004,0.8323288913990987,1.0,yes,random
5,"LNAADT_Z, SLOPE_Z",ACCESS_Z,743.5743150153843,18.433790308387437,1160.5686650000525,1179.204337843456,-0.08285733763011627,-0.08285733763011627,-0.08285733763011627,-0.08285733763011627,0.0,no,random
