{
  "loglik": -1664.414752577313,
  "bic": 3429.098681069645,
  "aic": 3358.829505154626,
  "num_parm": 15,
  "n_obs": 800,
  "label": "lc2_nb"
}