label,LL,k,BIC,dBIC
lc2_nb,-1664.414752577313,15,3429.098681069645,0.0
lc1_nb,-1850.556505723172,6,3741.2206818123514,312.1220007427064
