Iteration,Family,Phase,Upper Vars,Lower Vars,Val Poisson Dev,Val RMSE,AIC,BIC,AADT elasticity min,AADT elasticity p10,AADT elasticity median,AADT elasticity p90,AADT elasticity share positive,Monotonic AADT OK
3,nb,random,"GRADEBR_Z, PEAKHR_Z, SLOPE_Z, SPEED_Z, TANGENT_Z","AVESNOW_Z, HISNOW, LANES_Z, SLOPE_Z",583.4135548816548,16.759040098325517,1156.9468696375902,1194.218215324397,0.7719181541723372,0.7734836415022543,0.8095584181018988,0.9812278731275664,1.0,yes
7,poisson,random,"FC_Z, PEAKHR_Z, URB","CURVES_Z, LANES_Z",646.9522442006779,16.87089981698194,1868.6428859038901,1890.3845042211942,0.800516336025457,0.8095283336169957,0.8154518572016058,0.8193431046756078,1.0,yes
1,nb,random,"LANES_Z, WIDTH_Z",SPEED_Z,652.6977083589481,17.703780292736674,1153.2895214393566,1171.92519428276,0.8708426705940805,0.8708426705940805,0.8708426705940805,0.890650079769652,1.0,yes
2,poisson,random,"LANES_Z, WIDTH_Z",SPEED_Z,659.3047246277007,16.991932972602175,1916.1973346064183,1931.7270619759213,0.7665245114572119,0.7665245114572119,0.7665245114572119,0.782858977053403,1.0,yes
5,poisson,random,"EXPOSE_Z, FRICTION_Z, MINRAD_Z, MXGRDIFF_Z",FRICTION_Z,673.7144513752884,17.09396716963912,1916.8260899268412,1938.5677082441453,0.7870539547269007,0.8037827591150537,0.828217351351293,0.8466585530390208,1.0,yes
4,nb,random,"MINRAD_Z, PEAKHR_Z","HISNOW, SLOPE_Z, SPEED_Z",695.7267857208689,18.46656287222572,1153.3409275538024,1178.1884913450072,0.7014117942883702,0.7247722451888293,0.7421674062742791,0.7736552997488118,1.0,yes
6,nb,random,"CURVES_Z, GRADEBR_Z","AVEPRE_Z, HISNOW, LANES_Z",721.6850141753833,18.470245129083924,1152.2756039820458,1177.1231677732505,0.823874882163826,0.8487472028831818,0.8678143379579893,0.8943918815227941,1.0,yes
